Controller Name:,"Cathode11109820344"
Trend Name:,"ic_conveyor_position_1"
Trend Tags:,"8"
Sample Period:,"10" ms
Description:,""
Start Trigger:,No Trigger

Stop Trigger:,No Trigger

Start Time:,2026-08-10,12:37:50;387
Stop Time:,2026-08-10,12:38:42;607
Pre-Samples:,"0"
Post-Samples:,"0"
Header:,Date,Time,"Program:Sheet_Conveyor_2\ic_conveyor_position","Program:Sheet_Conveyor_2\var_volts_velocity","Program:Sheet_Conveyor_2\oa_conveyor","Program:Sheet_Conveyor_2\i_conveyor_index","Program:Sheet_Conveyor_2\State_Accel_001.X","Program:Sheet_Conveyor_2\State_Full_Speed_001.X","Program:Sheet_Conveyor_2\State_Decel_001.X","Program:Sheet_Conveyor_2\State_Creep_In_001.X"
Data,2026-08-10,12:37:50;387,"5013","0.000000","0","0","0","0","0","0"
Data,2026-08-10,12:37:50;397,"5013","0.000000","0","0","0","0","0","0"
Data,2026-08-10,12:37:50;407,"5013","0.000000","0","0","0","0","0","0"
Data,2026-08-10,12:37:50;417,"5013","0.000000","0","0","0","0","0","0"
Data,2026-08-10,12:37:50;427,"5013","0.000000","0","0","0","0","0","0"
Data,2026-08-10,12:37:50;437,"5013","0.000000","0","0","0","0","0","0"
Data,2026-08-10,12:37:50;447,"5013","0.000000","0","0","0","0","0","0"
Data,2026-08-10,12:37:50;457,"5013","0.000000","0","0","0","0","0","0"
Data,2026-08-10,12:37:50;467,"5013","0.000000","0","0","0","0","0","0"
Data,2026-08-10,12:37:50;477,"5013","0.000000","0","0","0","0","0","0"
Data,2026-08-10,12:37:50;487,"5013","0.000000","0","0","0","0","0","0"
Data,2026-08-10,12:37:50;497,"5013","0.000000","0","0","0","0","0","0"
Data,2026-08-10,12:37:50;507,"5013","0.000000","0","0","0","0","0","0"
Data,2026-08-10,12:37:50;517,"5013","0.000000","0","0","0","0","0","0"
Data,2026-08-10,12:37:50;527,"5013","0.000000","0","0","0","0","0","0"
Data,2026-08-10,12:37:50;537,"5013","0.000000","0","0","0","0","0","0"
Data,2026-08-10,12:37:50;547,"5013","0.000000","0","0","0","0","0","0"
Data,2026-08-10,12:37:50;557,"5013","0.000000","0","0","0","0","0","0"
Data,2026-08-10,12:37:50;567,"5013","0.000000","0","0","0","0","0","0"
Data,2026-08-10,12:37:50;577,"5013","0.000000","0","0","0","0","0","0"
Data,2026-08-10,12:37:50;587,"5013","0.000000","0","0","0","0","0","0"
Data,2026-08-10,12:37:50;597,"5013","0.000000","0","0","0","0","0","0"
Data,2026-08-10,12:37:50;607,"5013","0.000000","0","0","0","0","0","0"
Data,2026-08-10,12:37:50;617,"5013","0.000000","0","0","0","0","0","0"
Data,2026-08-10,12:37:50;627,"5013","0.000000","0","0","0","0","0","0"
Data,2026-08-10,12:37:50;637,"5013","0.000000","0","0","0","0","0","0"
Data,2026-08-10,12:37:50;647,"5013","0.000000","0","0","0","0","0","0"
Data,2026-08-10,12:37:50;657,"5013","0.000000","0","0","0","0","0","0"
Data,2026-08-10,12:37:50;667,"5013","0.000000","0","0","0","0","0","0"
Data,2026-08-10,12:37:50;677,"5013","0.000000","0","0","0","0","0","0"
Data,2026-08-10,12:37:50;687,"5013","0.000000","0","0","0","0","0","0"
Data,2026-08-10,12:37:50;697,"5013","0.000000","0","0","0","0","0","0"
Data,2026-08-10,12:37:50;707,"5013","0.000000","0","0","0","0","0","0"
Data,2026-08-10,12:37:50;717,"5013","0.000000","0","0","0","0","0","0"
Data,2026-08-10,12:37:50;727,"5013","0.000000","0","0","0","0","0","0"
Data,2026-08-10,12:37:50;737,"5013","0.000000","0","0","0","0","0","0"
Data,2026-08-10,12:37:50;747,"5013","0.000000","0","0","0","0","0","0"
Data,2026-08-10,12:37:50;757,"5013","0.000000","0","0","0","0","0","0"
Data,2026-08-10,12:37:50;767,"5013","0.000000","0","0","0","0","0","0"
Data,2026-08-10,12:37:50;777,"5013","0.000000","0","0","0","0","0","0"
Data,2026-08-10,12:37:50;787,"5013","0.000000","0","0","0","0","0","0"
Data,2026-08-10,12:37:50;797,"5013","0.000000","0","0","0","0","0","0"
Data,2026-08-10,12:37:50;807,"5013","0.000000","0","0","0","0","0","0"
Data,2026-08-10,12:37:50;817,"5013","0.000000","0","0","0","0","0","0"
Data,2026-08-10,12:37:50;827,"5013","0.000000","0","0","0","0","0","0"
Data,2026-08-10,12:37:50;837,"5013","0.000000","0","0","0","0","0","0"
Data,2026-08-10,12:37:50;847,"5013","0.000000","0","0","0","0","0","0"
Data,2026-08-10,12:37:50;857,"5013","0.000000","0","0","0","0","0","0"
Data,2026-08-10,12:37:50;867,"5013","0.000000","0","0","0","0","0","0"
Data,2026-08-10,12:37:50;877,"5013","0.000000","0","0","0","0","0","0"
Data,2026-08-10,12:37:50;887,"5013","0.000000","0","0","0","0","0","0"
Data,2026-08-10,12:37:50;897,"5013","0.000000","0","0","0","0","0","0"
Data,2026-08-10,12:37:50;907,"5013","0.000000","0","0","0","0","0","0"
Data,2026-08-10,12:37:50;917,"5013","0.000000","0","0","0","0","0","0"
Data,2026-08-10,12:37:50;927,"5013","0.000000","0","0","0","0","0","0"
Data,2026-08-10,12:37:50;937,"5013","0.000000","0","0","0","0","0","0"
Data,2026-08-10,12:37:50;947,"5013","0.000000","0","0","0","0","0","0"
Data,2026-08-10,12:37:50;957,"5013","0.000000","0","0","0","0","0","0"
Data,2026-08-10,12:37:50;967,"5013","0.000000","0","0","0","0","0","0"
Data,2026-08-10,12:37:50;977,"5013","0.000000","0","0","0","0","0","0"
Data,2026-08-10,12:37:50;987,"5013","0.000000","0","0","0","0","0","0"
Data,2026-08-10,12:37:50;997,"5013","0.000000","0","0","0","0","0","0"
Data,2026-08-10,12:37:51;007,"5013","0.000000","0","0","0","0","0","0"
Data,2026-08-10,12:37:51;017,"5013","0.000000","0","0","0","0","0","0"
Data,2026-08-10,12:37:51;027,"5013","0.000000","0","0","0","0","0","0"
Data,2026-08-10,12:37:51;037,"5013","0.000000","0","0","0","0","0","0"
Data,2026-08-10,12:37:51;047,"5013","0.000000","0","0","0","0","0","0"
Data,2026-08-10,12:37:51;057,"5013","0.000000","0","0","0","0","0","0"
Data,2026-08-10,12:37:51;067,"5013","0.000000","0","0","0","0","0","0"
Data,2026-08-10,12:37:51;077,"5013","0.000000","0","0","0","0","0","0"
Data,2026-08-10,12:37:51;087,"5013","0.000000","0","0","0","0","0","0"
Data,2026-08-10,12:37:51;097,"5013","0.000000","0","0","0","0","0","0"
Data,2026-08-10,12:37:51;107,"5013","0.000000","0","0","0","0","0","0"
Data,2026-08-10,12:37:51;117,"5013","0.000000","0","0","0","0","0","0"
Data,2026-08-10,12:37:51;127,"5013","0.000000","0","0","0","0","0","0"
Data,2026-08-10,12:37:51;137,"5013","0.000000","0","0","0","0","0","0"
Data,2026-08-10,12:37:51;147,"5013","0.000000","0","0","0","0","0","0"
Data,2026-08-10,12:37:51;157,"5013","0.000000","0","0","0","0","0","0"
Data,2026-08-10,12:37:51;167,"5013","0.000000","0","0","0","0","0","0"
Data,2026-08-10,12:37:51;177,"5013","0.000000","0","0","0","0","0","0"
Data,2026-08-10,12:37:51;187,"5013","0.000000","0","0","0","0","0","0"
Data,2026-08-10,12:37:51;197,"5013","0.000000","0","0","0","0","0","0"
Data,2026-08-10,12:37:51;207,"5013","0.000000","0","0","0","0","0","0"
Data,2026-08-10,12:37:51;217,"5013","0.000000","0","0","0","0","0","0"
Data,2026-08-10,12:37:51;227,"5013","0.000000","0","0","0","0","0","0"
Data,2026-08-10,12:37:51;237,"5013","0.000000","0","0","0","0","0","0"
Data,2026-08-10,12:37:51;247,"5013","0.000000","0","0","0","0","0","0"
Data,2026-08-10,12:37:51;257,"5013","0.000000","0","0","0","0","0","0"
Data,2026-08-10,12:37:51;267,"5013","0.000000","0","0","0","0","0","0"
Data,2026-08-10,12:37:51;277,"5013","0.000000","0","0","0","0","0","0"
Data,2026-08-10,12:37:51;287,"5013","0.000000","0","0","0","0","0","0"
Data,2026-08-10,12:37:51;297,"5013","0.000000","0","0","0","0","0","0"
Data,2026-08-10,12:37:51;307,"5013","0.000000","0","0","0","0","0","0"
Data,2026-08-10,12:37:51;317,"5013","0.000000","0","0","0","0","0","0"
Data,2026-08-10,12:37:51;327,"5013","0.000000","0","0","0","0","0","0"
Data,2026-08-10,12:37:51;337,"5013","0.000000","0","0","0","0","0","0"
Data,2026-08-10,12:37:51;347,"5013","0.000000","0","0","0","0","0","0"
Data,2026-08-10,12:37:51;357,"5013","0.000000","0","0","0","0","0","0"
Data,2026-08-10,12:37:51;367,"5013","0.000000","0","0","0","0","0","0"
Data,2026-08-10,12:37:51;377,"5013","0.000000","0","0","0","0","0","0"
Data,2026-08-10,12:37:51;387,"5013","0.000000","0","0","0","0","0","0"
Data,2026-08-10,12:37:51;397,"5013","0.000000","0","0","0","0","0","0"
Data,2026-08-10,12:37:51;407,"5013","0.000000","0","0","0","0","0","0"
Data,2026-08-10,12:37:51;417,"5013","0.000000","0","0","0","0","0","0"
Data,2026-08-10,12:37:51;427,"5013","0.000000","0","0","0","0","0","0"
Data,2026-08-10,12:37:51;437,"5013","0.000000","0","0","0","0","0","0"
Data,2026-08-10,12:37:51;447,"5013","0.000000","0","0","0","0","0","0"
Data,2026-08-10,12:37:51;457,"5013","0.000000","0","0","0","0","0","0"
Data,2026-08-10,12:37:51;467,"5013","0.000000","0","0","0","0","0","0"
Data,2026-08-10,12:37:51;477,"5013","0.000000","0","0","0","0","0","0"
Data,2026-08-10,12:37:51;487,"5013","0.000000","0","0","0","0","0","0"
Data,2026-08-10,12:37:51;497,"5013","0.000000","0","0","0","0","0","0"
Data,2026-08-10,12:37:51;507,"5013","0.000000","0","0","0","0","0","0"
Data,2026-08-10,12:37:51;517,"5013","0.000000","0","0","0","0","0","0"
Data,2026-08-10,12:37:51;527,"5013","0.000000","0","0","0","0","0","0"
Data,2026-08-10,12:37:51;537,"5013","0.000000","0","0","0","0","0","0"
Data,2026-08-10,12:37:51;547,"5013","0.000000","0","0","0","0","0","0"
Data,2026-08-10,12:37:51;557,"5013","0.000000","0","0","0","0","0","0"
Data,2026-08-10,12:37:51;567,"5013","0.000000","0","0","0","0","0","0"
Data,2026-08-10,12:37:51;577,"5013","0.000000","0","0","0","0","0","0"
Data,2026-08-10,12:37:51;587,"5013","0.000000","0","0","0","0","0","0"
Data,2026-08-10,12:37:51;597,"5013","0.000000","0","0","0","0","0","0"
Data,2026-08-10,12:37:51;607,"5013","0.000000","0","0","0","0","0","0"
Data,2026-08-10,12:37:51;617,"5013","0.000000","0","0","0","0","0","0"
Data,2026-08-10,12:37:51;627,"5013","0.000000","0","0","0","0","0","0"
Data,2026-08-10,12:37:51;637,"5013","0.000000","0","0","0","0","0","0"
Data,2026-08-10,12:37:51;647,"5013","0.000000","0","0","0","0","0","0"
Data,2026-08-10,12:37:51;657,"5013","0.000000","0","0","0","0","0","0"
Data,2026-08-10,12:37:51;667,"5013","0.000000","0","0","0","0","0","0"
Data,2026-08-10,12:37:51;677,"5013","0.000000","0","0","0","0","0","0"
Data,2026-08-10,12:37:51;687,"5013","0.000000","0","0","0","0","0","0"
Data,2026-08-10,12:37:51;697,"5013","0.000000","0","0","0","0","0","0"
Data,2026-08-10,12:37:51;707,"5013","0.000000","0","0","0","0","0","0"
Data,2026-08-10,12:37:51;717,"5013","0.000000","0","0","0","0","0","0"
Data,2026-08-10,12:37:51;727,"5013","0.000000","0","0","0","0","0","0"
Data,2026-08-10,12:37:51;737,"5013","0.000000","0","0","0","0","0","0"
Data,2026-08-10,12:37:51;747,"5013","0.000000","0","0","0","0","0","0"
Data,2026-08-10,12:37:51;757,"5013","0.000000","0","0","0","0","0","0"
Data,2026-08-10,12:37:51;767,"5013","0.000000","0","0","0","0","0","0"
Data,2026-08-10,12:37:51;777,"5013","0.000000","0","0","0","0","0","0"
Data,2026-08-10,12:37:51;787,"5013","0.000000","0","0","0","0","0","0"
Data,2026-08-10,12:37:51;797,"5013","0.000000","0","0","0","0","0","0"
Data,2026-08-10,12:37:51;807,"5013","0.000000","0","0","0","0","0","0"
Data,2026-08-10,12:37:51;817,"5013","0.000000","0","0","0","0","0","0"
Data,2026-08-10,12:37:51;827,"5013","0.000000","0","0","0","0","0","0"
Data,2026-08-10,12:37:51;837,"5013","0.000000","0","0","0","0","0","0"
Data,2026-08-10,12:37:51;847,"5013","0.000000","0","0","0","0","0","0"
Data,2026-08-10,12:37:51;857,"5013","0.000000","0","0","0","0","0","0"
Data,2026-08-10,12:37:51;867,"5013","0.000000","0","0","0","0","0","0"
Data,2026-08-10,12:37:51;877,"5013","0.000000","0","0","0","0","0","0"
Data,2026-08-10,12:37:51;887,"5013","0.000000","0","0","0","0","0","0"
Data,2026-08-10,12:37:51;897,"5013","0.000000","0","0","0","0","0","0"
Data,2026-08-10,12:37:51;907,"5013","0.000000","0","0","0","0","0","0"
Data,2026-08-10,12:37:51;917,"5013","0.000000","0","0","0","0","0","0"
Data,2026-08-10,12:37:51;927,"5013","0.000000","0","0","0","0","0","0"
Data,2026-08-10,12:37:51;937,"5013","0.000000","0","0","0","0","0","0"
Data,2026-08-10,12:37:51;947,"5013","0.000000","0","0","0","0","0","0"
Data,2026-08-10,12:37:51;957,"5013","0.000000","0","0","0","0","0","0"
Data,2026-08-10,12:37:51;967,"5013","0.000000","0","0","0","0","0","0"
Data,2026-08-10,12:37:51;977,"5013","0.000000","0","0","0","0","0","0"
Data,2026-08-10,12:37:51;987,"5013","0.000000","0","0","0","0","0","0"
Data,2026-08-10,12:37:51;997,"5013","0.000000","0","0","0","0","0","0"
Data,2026-08-10,12:37:52;007,"5013","0.000000","0","0","0","0","0","0"
Data,2026-08-10,12:37:52;017,"5013","0.000000","0","0","0","0","0","0"
Data,2026-08-10,12:37:52;027,"5013","0.000000","0","0","0","0","0","0"
Data,2026-08-10,12:37:52;037,"5013","0.000000","0","0","0","0","0","0"
Data,2026-08-10,12:37:52;047,"5013","0.000000","0","0","0","0","0","0"
Data,2026-08-10,12:37:52;057,"5013","0.000000","0","0","0","0","0","0"
Data,2026-08-10,12:37:52;067,"5013","0.000000","0","0","0","0","0","0"
Data,2026-08-10,12:37:52;077,"5013","0.000000","0","0","0","0","0","0"
Data,2026-08-10,12:37:52;087,"5013","0.000000","0","0","0","0","0","0"
Data,2026-08-10,12:37:52;097,"5013","0.000000","0","0","0","0","0","0"
Data,2026-08-10,12:37:52;107,"5013","0.000000","0","0","0","0","0","0"
Data,2026-08-10,12:37:52;117,"5013","0.000000","0","0","0","0","0","0"
Data,2026-08-10,12:37:52;127,"5013","0.000000","0","0","0","0","0","0"
Data,2026-08-10,12:37:52;137,"5013","0.000000","0","0","0","0","0","0"
Data,2026-08-10,12:37:52;147,"5013","0.000000","0","0","0","0","0","0"
Data,2026-08-10,12:37:52;157,"5013","0.000000","0","0","0","0","0","0"
Data,2026-08-10,12:37:52;167,"5013","0.000000","0","0","0","0","0","0"
Data,2026-08-10,12:37:52;177,"5013","0.000000","0","0","0","0","0","0"
Data,2026-08-10,12:37:52;187,"5013","0.000000","0","0","0","0","0","0"
Data,2026-08-10,12:37:52;197,"5013","0.000000","0","0","0","0","0","0"
Data,2026-08-10,12:37:52;207,"5013","0.000000","0","0","0","0","0","0"
Data,2026-08-10,12:37:52;217,"5013","0.000000","0","0","0","0","0","0"
Data,2026-08-10,12:37:52;227,"5013","0.000000","0","0","0","0","0","0"
Data,2026-08-10,12:37:52;237,"5013","0.000000","0","0","0","0","0","0"
Data,2026-08-10,12:37:52;247,"5013","0.000000","0","0","0","0","0","0"
Data,2026-08-10,12:37:52;257,"5013","0.000000","0","0","0","0","0","0"
Data,2026-08-10,12:37:52;267,"5013","0.000000","0","0","0","0","0","0"
Data,2026-08-10,12:37:52;277,"5013","0.000000","0","0","0","0","0","0"
Data,2026-08-10,12:37:52;287,"5013","0.000000","0","0","0","0","0","0"
Data,2026-08-10,12:37:52;297,"5013","0.000000","0","0","0","0","0","0"
Data,2026-08-10,12:37:52;307,"5013","0.000000","0","0","0","0","0","0"
Data,2026-08-10,12:37:52;317,"5013","0.000000","0","0","0","0","0","0"
Data,2026-08-10,12:37:52;327,"5013","0.000000","0","0","0","0","0","0"
Data,2026-08-10,12:37:52;337,"5013","0.000000","0","0","0","0","0","0"
Data,2026-08-10,12:37:52;347,"5013","0.000000","0","0","0","0","0","0"
Data,2026-08-10,12:37:52;357,"5013","0.000000","0","0","0","0","0","0"
Data,2026-08-10,12:37:52;367,"5013","0.000000","0","0","0","0","0","0"
Data,2026-08-10,12:37:52;377,"5013","0.000000","0","0","0","0","0","0"
Data,2026-08-10,12:37:52;387,"5013","0.000000","0","0","0","0","0","0"
Data,2026-08-10,12:37:52;397,"5013","0.000000","0","0","0","0","0","0"
Data,2026-08-10,12:37:52;407,"5013","0.000000","0","0","0","0","0","0"
Data,2026-08-10,12:37:52;417,"5013","0.000000","0","0","0","0","0","0"
Data,2026-08-10,12:37:52;427,"5013","0.000000","0","0","0","0","0","0"
Data,2026-08-10,12:37:52;437,"5013","0.000000","0","0","0","0","0","0"
Data,2026-08-10,12:37:52;447,"5013","0.000000","0","0","0","0","0","0"
Data,2026-08-10,12:37:52;457,"5013","0.000000","0","0","0","0","0","0"
Data,2026-08-10,12:37:52;467,"5013","0.000000","0","0","0","0","0","0"
Data,2026-08-10,12:37:52;477,"5013","0.000000","0","0","0","0","0","0"
Data,2026-08-10,12:37:52;487,"5013","0.000000","0","0","0","0","0","0"
Data,2026-08-10,12:37:52;497,"5013","0.000000","0","0","0","0","0","0"
Data,2026-08-10,12:37:52;507,"5013","0.000000","0","0","0","0","0","0"
Data,2026-08-10,12:37:52;517,"5013","0.000000","0","0","0","0","0","0"
Data,2026-08-10,12:37:52;527,"5013","0.000000","0","0","0","0","0","0"
Data,2026-08-10,12:37:52;537,"5013","0.000000","0","0","0","0","0","0"
Data,2026-08-10,12:37:52;547,"5013","0.000000","0","0","0","0","0","0"
Data,2026-08-10,12:37:52;557,"5013","0.000000","0","0","0","0","0","0"
Data,2026-08-10,12:37:52;567,"5013","0.000000","0","0","0","0","0","0"
Data,2026-08-10,12:37:52;577,"5013","0.000000","0","0","0","0","0","0"
Data,2026-08-10,12:37:52;587,"5013","0.000000","0","0","0","0","0","0"
Data,2026-08-10,12:37:52;597,"5013","0.000000","0","0","0","0","0","0"
Data,2026-08-10,12:37:52;607,"5013","0.000000","0","0","0","0","0","0"
Data,2026-08-10,12:37:52;617,"5013","0.000000","0","0","0","0","0","0"
Data,2026-08-10,12:37:52;627,"5013","0.000000","0","0","0","0","0","0"
Data,2026-08-10,12:37:52;637,"5013","0.000000","0","0","0","0","0","0"
Data,2026-08-10,12:37:52;647,"5013","0.000000","0","0","0","0","0","0"
Data,2026-08-10,12:37:52;657,"5013","0.000000","0","0","0","0","0","0"
Data,2026-08-10,12:37:52;667,"5013","0.000000","0","0","0","0","0","0"
Data,2026-08-10,12:37:52;677,"5013","0.000000","0","0","0","0","0","0"
Data,2026-08-10,12:37:52;687,"5013","0.000000","0","0","0","0","0","0"
Data,2026-08-10,12:37:52;697,"5013","0.000000","0","0","0","0","0","0"
Data,2026-08-10,12:37:52;707,"5013","0.000000","0","0","0","0","0","0"
Data,2026-08-10,12:37:52;717,"5013","0.000000","0","0","0","0","0","0"
Data,2026-08-10,12:37:52;727,"5013","0.000000","0","0","0","0","0","0"
Data,2026-08-10,12:37:52;737,"0","0.000000","0","0","0","0","0","0"
Data,2026-08-10,12:37:52;747,"0","0.000000","0","0","0","0","0","0"
Data,2026-08-10,12:37:52;757,"0","3.000000","9830","0","1","0","0","0"
Data,2026-08-10,12:37:52;767,"0","3.000000","9830","0","1","0","0","0"
Data,2026-08-10,12:37:52;777,"0","3.000000","9830","0","1","0","0","0"
Data,2026-08-10,12:37:52;787,"0","3.000000","9830","0","1","0","0","0"
Data,2026-08-10,12:37:52;797,"0","3.000000","9830","0","1","0","0","0"
Data,2026-08-10,12:37:52;807,"0","3.000000","9830","0","1","0","0","0"
Data,2026-08-10,12:37:52;817,"16","3.000000","9830","0","1","0","0","0"
Data,2026-08-10,12:37:52;827,"16","3.004800","9846","0","1","0","0","0"
Data,2026-08-10,12:37:52;837,"48","3.004800","9846","0","1","0","0","0"
Data,2026-08-10,12:37:52;847,"48","3.014400","9877","1","1","0","0","0"
Data,2026-08-10,12:37:52;857,"88","3.026400","9917","1","1","0","0","0"
Data,2026-08-10,12:37:52;867,"88","3.026400","9917","1","1","0","0","0"
Data,2026-08-10,12:37:52;877,"135","3.026400","9917","1","1","0","0","0"
Data,2026-08-10,12:37:52;887,"135","3.040500","9963","1","1","0","0","0"
Data,2026-08-10,12:37:52;897,"188","3.040500","9963","1","1","0","0","0"
Data,2026-08-10,12:37:52;907,"188","3.056400","10015","1","1","0","0","0"
Data,2026-08-10,12:37:52;917,"234","3.070200","10060","1","1","0","0","0"
Data,2026-08-10,12:37:52;927,"234","3.070200","10060","1","1","0","0","0"
Data,2026-08-10,12:37:52;937,"277","3.070200","10060","1","1","0","0","0"
Data,2026-08-10,12:37:52;947,"277","3.083100","10102","1","1","0","0","0"
Data,2026-08-10,12:37:52;957,"318","3.083100","10102","1","1","0","0","0"
Data,2026-08-10,12:37:52;967,"318","3.095400","10143","1","1","0","0","0"
Data,2026-08-10,12:37:52;977,"366","3.109800","10190","1","1","0","0","0"
Data,2026-08-10,12:37:52;987,"366","3.109800","10190","1","1","0","0","0"
Data,2026-08-10,12:37:52;997,"412","3.109800","10190","1","1","0","0","0"
Data,2026-08-10,12:37:53;007,"412","3.123600","10235","1","1","0","0","0"
Data,2026-08-10,12:37:53;017,"458","3.123600","10235","1","1","0","0","0"
Data,2026-08-10,12:37:53;027,"458","3.137400","10280","1","1","0","0","0"
Data,2026-08-10,12:37:53;037,"510","3.137400","10280","1","0","1","0","0"
Data,2026-08-10,12:37:53;047,"510","3.137400","10280","1","0","1","0","0"
Data,2026-08-10,12:37:53;057,"556","3.137400","10280","1","0","1","0","0"
Data,2026-08-10,12:37:53;067,"556","3.137400","10280","1","0","1","0","0"
Data,2026-08-10,12:37:53;077,"605","3.137400","10280","1","0","1","0","0"
Data,2026-08-10,12:37:53;087,"605","3.137400","10280","1","0","1","0","0"
Data,2026-08-10,12:37:53;097,"656","3.137400","10280","1","0","1","0","0"
Data,2026-08-10,12:37:53;107,"656","3.137400","10280","1","0","1","0","0"
Data,2026-08-10,12:37:53;117,"703","3.137400","10280","1","0","1","0","0"
Data,2026-08-10,12:37:53;127,"703","3.137400","10280","1","0","1","0","0"
Data,2026-08-10,12:37:53;137,"755","3.137400","10280","1","0","1","0","0"
Data,2026-08-10,12:37:53;147,"755","3.137400","10280","1","0","1","0","0"
Data,2026-08-10,12:37:53;157,"803","3.137400","10280","1","0","1","0","0"
Data,2026-08-10,12:37:53;167,"803","3.137400","10280","1","0","1","0","0"
Data,2026-08-10,12:37:53;177,"857","3.137400","10280","1","0","1","0","0"
Data,2026-08-10,12:37:53;187,"857","3.137400","10280","1","0","1","0","0"
Data,2026-08-10,12:37:53;197,"906","3.137400","10280","1","0","1","0","0"
Data,2026-08-10,12:37:53;207,"906","3.137400","10280","1","0","1","0","0"
Data,2026-08-10,12:37:53;217,"956","3.137400","10280","1","0","1","0","0"
Data,2026-08-10,12:37:53;227,"956","3.137400","10280","1","0","1","0","0"
Data,2026-08-10,12:37:53;237,"1008","3.137400","10280","1","0","1","0","0"
Data,2026-08-10,12:37:53;247,"1008","3.137400","10280","1","0","1","0","0"
Data,2026-08-10,12:37:53;257,"1055","3.137400","10280","1","0","1","0","0"
Data,2026-08-10,12:37:53;267,"1055","3.137400","10280","1","0","1","0","0"
Data,2026-08-10,12:37:53;277,"1103","3.137400","10280","1","0","1","0","0"
Data,2026-08-10,12:37:53;287,"1103","3.137400","10280","1","0","1","0","0"
Data,2026-08-10,12:37:53;297,"1155","3.137400","10280","1","0","1","0","0"
Data,2026-08-10,12:37:53;307,"1155","3.137400","10280","1","0","1","0","0"
Data,2026-08-10,12:37:53;317,"1205","3.137400","10280","1","0","1","0","0"
Data,2026-08-10,12:37:53;327,"1205","3.137400","10280","1","0","1","0","0"
Data,2026-08-10,12:37:53;337,"1254","3.137400","10280","1","0","1","0","0"
Data,2026-08-10,12:37:53;347,"1254","3.137400","10280","1","0","1","0","0"
Data,2026-08-10,12:37:53;357,"1309","3.137400","10280","1","0","1","0","0"
Data,2026-08-10,12:37:53;367,"1309","3.137400","10280","1","0","1","0","0"
Data,2026-08-10,12:37:53;377,"1360","3.137400","10280","1","0","1","0","0"
Data,2026-08-10,12:37:53;387,"1360","3.137400","10280","1","0","1","0","0"
Data,2026-08-10,12:37:53;397,"1410","3.137400","10280","1","0","1","0","0"
Data,2026-08-10,12:37:53;407,"1410","3.137400","10280","1","0","1","0","0"
Data,2026-08-10,12:37:53;417,"1457","3.137400","10280","1","0","1","0","0"
Data,2026-08-10,12:37:53;427,"1457","3.137400","10280","1","0","1","0","0"
Data,2026-08-10,12:37:53;437,"1508","3.137400","10280","1","0","1","0","0"
Data,2026-08-10,12:37:53;447,"1508","3.137400","10280","1","0","1","0","0"
Data,2026-08-10,12:37:53;457,"1556","3.137400","10280","1","0","1","0","0"
Data,2026-08-10,12:37:53;467,"1556","3.137400","10280","1","0","1","0","0"
Data,2026-08-10,12:37:53;477,"1604","3.137400","10280","1","0","1","0","0"
Data,2026-08-10,12:37:53;487,"1604","3.137400","10280","1","0","1","0","0"
Data,2026-08-10,12:37:53;497,"1651","3.137400","10280","1","0","1","0","0"
Data,2026-08-10,12:37:53;507,"1651","3.137400","10280","1","0","1","0","0"
Data,2026-08-10,12:37:53;517,"1699","3.137400","10280","1","0","1","0","0"
Data,2026-08-10,12:37:53;527,"1699","3.137400","10280","1","0","1","0","0"
Data,2026-08-10,12:37:53;537,"1754","3.137400","10280","1","0","1","0","0"
Data,2026-08-10,12:37:53;547,"1754","3.137400","10280","1","0","1","0","0"
Data,2026-08-10,12:37:53;557,"1802","3.137400","10280","1","0","1","0","0"
Data,2026-08-10,12:37:53;567,"1802","3.137400","10280","1","0","1","0","0"
Data,2026-08-10,12:37:53;577,"1852","3.137400","10280","1","0","1","0","0"
Data,2026-08-10,12:37:53;587,"1852","3.137400","10280","1","0","1","0","0"
Data,2026-08-10,12:37:53;597,"1900","3.137400","10280","1","0","1","0","0"
Data,2026-08-10,12:37:53;607,"1900","3.137400","10280","1","0","1","0","0"
Data,2026-08-10,12:37:53;617,"1953","3.137400","10280","1","0","1","0","0"
Data,2026-08-10,12:37:53;627,"1953","3.137400","10280","1","0","1","0","0"
Data,2026-08-10,12:37:53;637,"2002","3.137400","10280","1","0","1","0","0"
Data,2026-08-10,12:37:53;647,"2002","3.137400","10280","1","0","1","0","0"
Data,2026-08-10,12:37:53;657,"2050","3.137400","10280","1","0","1","0","0"
Data,2026-08-10,12:37:53;667,"2050","3.137400","10280","1","0","1","0","0"
Data,2026-08-10,12:37:53;677,"2099","3.137400","10280","1","0","1","0","0"
Data,2026-08-10,12:37:53;687,"2099","3.137400","10280","1","0","1","0","0"
Data,2026-08-10,12:37:53;697,"2150","3.137400","10280","1","0","1","0","0"
Data,2026-08-10,12:37:53;707,"2150","3.137400","10280","1","0","1","0","0"
Data,2026-08-10,12:37:53;717,"2199","3.137400","10280","1","0","1","0","0"
Data,2026-08-10,12:37:53;727,"2199","3.137400","10280","1","0","1","0","0"
Data,2026-08-10,12:37:53;737,"2251","3.137400","10280","1","0","1","0","0"
Data,2026-08-10,12:37:53;747,"2251","3.137400","10280","1","0","1","0","0"
Data,2026-08-10,12:37:53;757,"2303","3.137400","10280","1","0","1","0","0"
Data,2026-08-10,12:37:53;767,"2303","3.137400","10280","1","0","1","0","0"
Data,2026-08-10,12:37:53;777,"2351","3.137400","10280","1","0","1","0","0"
Data,2026-08-10,12:37:53;787,"2351","3.137400","10280","1","0","1","0","0"
Data,2026-08-10,12:37:53;797,"2400","3.137400","10280","1","0","1","0","0"
Data,2026-08-10,12:37:53;807,"2400","3.137400","10280","1","0","1","0","0"
Data,2026-08-10,12:37:53;817,"2454","3.137400","10280","1","0","1","0","0"
Data,2026-08-10,12:37:53;827,"2454","3.137400","10280","1","0","1","0","0"
Data,2026-08-10,12:37:53;837,"2503","3.137400","10280","1","0","1","0","0"
Data,2026-08-10,12:37:53;847,"2503","3.137400","10280","1","0","1","0","0"
Data,2026-08-10,12:37:53;857,"2553","3.137400","10280","1","0","1","0","0"
Data,2026-08-10,12:37:53;867,"2553","3.137400","10280","1","0","1","0","0"
Data,2026-08-10,12:37:53;877,"2606","3.137400","10280","1","0","1","0","0"
Data,2026-08-10,12:37:53;887,"2606","3.137400","10280","1","0","1","0","0"
Data,2026-08-10,12:37:53;897,"2655","3.137400","10280","1","0","1","0","0"
Data,2026-08-10,12:37:53;907,"2655","3.137400","10280","1","0","1","0","0"
Data,2026-08-10,12:37:53;917,"2702","3.137400","10280","1","0","1","0","0"
Data,2026-08-10,12:37:53;927,"2702","3.137400","10280","1","0","1","0","0"
Data,2026-08-10,12:37:53;937,"2755","3.137400","10280","1","0","1","0","0"
Data,2026-08-10,12:37:53;947,"2755","3.137400","10280","1","0","1","0","0"
Data,2026-08-10,12:37:53;957,"2805","3.137400","10280","1","0","1","0","0"
Data,2026-08-10,12:37:53;967,"2805","3.137400","10280","1","0","1","0","0"
Data,2026-08-10,12:37:53;977,"2854","3.137400","10280","1","0","1","0","0"
Data,2026-08-10,12:37:53;987,"2854","3.137400","10280","1","0","1","0","0"
Data,2026-08-10,12:37:53;997,"2906","3.137400","10280","1","0","1","0","0"
Data,2026-08-10,12:37:54;007,"2906","3.137400","10280","1","0","1","0","0"
Data,2026-08-10,12:37:54;017,"2953","3.137400","10280","1","0","1","0","0"
Data,2026-08-10,12:37:54;027,"2953","3.137400","10280","1","0","1","0","0"
Data,2026-08-10,12:37:54;037,"3000","3.137400","10280","1","0","1","0","0"
Data,2026-08-10,12:37:54;047,"3000","3.137400","10280","1","0","1","0","0"
Data,2026-08-10,12:37:54;057,"3052","3.137400","10280","1","0","1","0","0"
Data,2026-08-10,12:37:54;067,"3052","3.137400","10280","1","0","1","0","0"
Data,2026-08-10,12:37:54;077,"3100","3.137400","10280","1","0","1","0","0"
Data,2026-08-10,12:37:54;087,"3100","3.137400","10280","1","0","1","0","0"
Data,2026-08-10,12:37:54;097,"3148","3.137400","10280","1","0","1","0","0"
Data,2026-08-10,12:37:54;107,"3148","3.137400","10280","1","0","1","0","0"
Data,2026-08-10,12:37:54;117,"3201","3.137400","10280","1","0","1","0","0"
Data,2026-08-10,12:37:54;127,"3201","3.137400","10280","1","0","1","0","0"
Data,2026-08-10,12:37:54;137,"3250","3.137400","10280","1","0","1","0","0"
Data,2026-08-10,12:37:54;147,"3250","3.137400","10280","1","0","1","0","0"
Data,2026-08-10,12:37:54;157,"3298","3.137400","10280","1","0","1","0","0"
Data,2026-08-10,12:37:54;167,"3298","3.137400","10280","1","0","1","0","0"
Data,2026-08-10,12:37:54;177,"3351","3.137400","10280","1","0","1","0","0"
Data,2026-08-10,12:37:54;187,"3351","3.137400","10280","1","0","1","0","0"
Data,2026-08-10,12:37:54;197,"3399","3.137400","10280","1","0","1","0","0"
Data,2026-08-10,12:37:54;207,"3399","3.137400","10280","1","0","1","0","0"
Data,2026-08-10,12:37:54;217,"3447","3.137400","10280","1","0","1","0","0"
Data,2026-08-10,12:37:54;227,"3447","3.137400","10280","1","0","1","0","0"
Data,2026-08-10,12:37:54;237,"3497","3.137400","10280","1","0","1","0","0"
Data,2026-08-10,12:37:54;247,"3497","3.137400","10280","1","0","1","0","0"
Data,2026-08-10,12:37:54;257,"3546","3.137400","10280","1","0","1","0","0"
Data,2026-08-10,12:37:54;267,"3546","3.137400","10280","1","0","1","0","0"
Data,2026-08-10,12:37:54;277,"3595","3.137400","10280","1","0","1","0","0"
Data,2026-08-10,12:37:54;287,"3595","3.137400","10280","1","0","1","0","0"
Data,2026-08-10,12:37:54;297,"3647","3.137400","10280","1","0","1","0","0"
Data,2026-08-10,12:37:54;307,"3647","3.137400","10280","1","0","1","0","0"
Data,2026-08-10,12:37:54;317,"3696","3.137400","10280","1","0","1","0","0"
Data,2026-08-10,12:37:54;327,"3696","3.137400","10280","1","0","1","0","0"
Data,2026-08-10,12:37:54;337,"3744","3.137400","10280","1","0","1","0","0"
Data,2026-08-10,12:37:54;347,"3744","3.137400","10280","1","0","1","0","0"
Data,2026-08-10,12:37:54;357,"3796","3.137400","10280","1","0","1","0","0"
Data,2026-08-10,12:37:54;367,"3796","3.137400","10280","1","0","1","0","0"
Data,2026-08-10,12:37:54;377,"3843","3.137400","10280","1","0","1","0","0"
Data,2026-08-10,12:37:54;387,"3843","3.137400","10280","1","0","1","0","0"
Data,2026-08-10,12:37:54;397,"3891","3.137400","10280","1","0","1","0","0"
Data,2026-08-10,12:37:54;407,"3891","3.137400","10280","1","0","1","0","0"
Data,2026-08-10,12:37:54;417,"3939","3.137400","10280","1","0","1","0","0"
Data,2026-08-10,12:37:54;427,"3939","3.137400","10280","1","0","1","0","0"
Data,2026-08-10,12:37:54;437,"3990","3.137400","10280","1","0","1","0","0"
Data,2026-08-10,12:37:54;447,"3990","3.014778","9879","1","0","0","1","0"
Data,2026-08-10,12:37:54;457,"4038","2.930980","9604","1","0","0","1","0"
Data,2026-08-10,12:37:54;467,"4038","2.930980","9604","1","0","0","1","0"
Data,2026-08-10,12:37:54;477,"4086","2.930980","9604","1","0","0","1","0"
Data,2026-08-10,12:37:54;487,"4086","2.930980","9604","1","0","0","1","0"
Data,2026-08-10,12:37:54;497,"4136","2.847182","9329","1","0","0","1","0"
Data,2026-08-10,12:37:54;507,"4136","2.759893","9043","1","0","0","1","0"
Data,2026-08-10,12:37:54;517,"4183","2.759893","9043","1","0","0","1","0"
Data,2026-08-10,12:37:54;527,"4183","2.677841","8774","1","0","0","1","0"
Data,2026-08-10,12:37:54;537,"4228","2.677841","8774","1","0","0","1","0"
Data,2026-08-10,12:37:54;547,"4228","2.677841","8774","1","0","0","1","0"
Data,2026-08-10,12:37:54;557,"4265","2.599280","8517","1","0","0","1","0"
Data,2026-08-10,12:37:54;567,"4265","2.534686","8305","1","0","0","1","0"
Data,2026-08-10,12:37:54;577,"4288","2.534686","8305","1","0","0","1","0"
Data,2026-08-10,12:37:54;587,"4288","2.494533","8174","1","0","0","1","0"
Data,2026-08-10,12:37:54;597,"4288","2.494533","8174","1","0","0","1","0"
Data,2026-08-10,12:37:54;607,"4311","2.454380","8042","1","0","0","1","0"
Data,2026-08-10,12:37:54;617,"4311","2.454380","8042","1","0","0","1","0"
Data,2026-08-10,12:37:54;627,"4333","2.415972","7916","1","0","0","1","0"
Data,2026-08-10,12:37:54;637,"4333","2.415972","7916","1","0","0","1","0"
Data,2026-08-10,12:37:54;647,"4356","2.415972","7916","1","0","0","0","1"
Data,2026-08-10,12:37:54;657,"4369","2.415972","7916","1","0","0","0","1"
Data,2026-08-10,12:37:54;667,"4369","2.415972","7916","1","0","0","0","1"
Data,2026-08-10,12:37:54;677,"4369","2.415972","7916","1","0","0","0","1"
Data,2026-08-10,12:37:54;687,"4377","2.415972","7916","1","0","0","0","1"
Data,2026-08-10,12:37:54;697,"4377","2.415972","7916","1","0","0","0","1"
Data,2026-08-10,12:37:54;707,"4388","2.415972","7916","1","0","0","0","1"
Data,2026-08-10,12:37:54;717,"4388","2.415972","7916","1","0","0","0","1"
Data,2026-08-10,12:37:54;727,"4401","2.415972","7916","1","0","0","0","1"
Data,2026-08-10,12:37:54;737,"4401","2.415972","7916","1","0","0","0","1"
Data,2026-08-10,12:37:54;747,"4412","2.415972","7916","1","0","0","0","1"
Data,2026-08-10,12:37:54;757,"4412","2.415972","7916","1","0","0","0","1"
Data,2026-08-10,12:37:54;767,"4425","2.415972","7916","1","0","0","0","1"
Data,2026-08-10,12:37:54;777,"4425","2.415972","7916","1","0","0","0","1"
Data,2026-08-10,12:37:54;787,"4435","2.415972","7916","1","0","0","0","1"
Data,2026-08-10,12:37:54;797,"4435","2.415972","7916","1","0","0","0","1"
Data,2026-08-10,12:37:54;807,"4443","2.415972","7916","1","0","0","0","1"
Data,2026-08-10,12:37:54;817,"4443","2.415972","7916","1","0","0","0","1"
Data,2026-08-10,12:37:54;827,"4450","2.415972","7916","1","0","0","0","1"
Data,2026-08-10,12:37:54;837,"4450","2.415972","7916","1","0","0","0","1"
Data,2026-08-10,12:37:54;847,"4454","2.415972","7916","1","0","0","0","1"
Data,2026-08-10,12:37:54;857,"4454","2.415972","7916","1","0","0","0","1"
Data,2026-08-10,12:37:54;867,"4456","2.415972","7916","1","0","0","0","1"
Data,2026-08-10,12:37:54;877,"4456","2.415972","7916","1","0","0","0","1"
Data,2026-08-10,12:37:54;887,"4463","2.415972","7916","1","0","0","0","1"
Data,2026-08-10,12:37:54;897,"4463","2.415972","7916","1","0","0","0","1"
Data,2026-08-10,12:37:54;907,"4472","2.415972","7916","1","0","0","0","1"
Data,2026-08-10,12:37:54;917,"4472","2.415972","7916","1","0","0","0","1"
Data,2026-08-10,12:37:54;927,"4483","2.415972","7916","1","0","0","0","1"
Data,2026-08-10,12:37:54;937,"4483","2.415972","7916","1","0","0","0","1"
Data,2026-08-10,12:37:54;947,"4496","2.415972","7916","1","0","0","0","1"
Data,2026-08-10,12:37:54;957,"4496","2.415972","7916","1","0","0","0","1"
Data,2026-08-10,12:37:54;967,"4507","2.415972","7916","1","0","0","0","1"
Data,2026-08-10,12:37:54;977,"4507","2.415972","7916","1","0","0","0","1"
Data,2026-08-10,12:37:54;987,"4518","2.415972","7916","1","0","0","0","1"
Data,2026-08-10,12:37:54;997,"4518","2.415972","7916","1","0","0","0","1"
Data,2026-08-10,12:37:55;007,"4526","2.415972","7916","1","0","0","0","1"
Data,2026-08-10,12:37:55;017,"4526","2.415972","7916","1","0","0","0","1"
Data,2026-08-10,12:37:55;027,"4533","2.415972","7916","1","0","0","0","1"
Data,2026-08-10,12:37:55;037,"4533","2.415972","7916","1","0","0","0","1"
Data,2026-08-10,12:37:55;047,"4540","2.415972","7916","1","0","0","0","1"
Data,2026-08-10,12:37:55;057,"4540","2.415972","7916","1","0","0","0","1"
Data,2026-08-10,12:37:55;067,"4548","2.415972","7916","1","0","0","0","1"
Data,2026-08-10,12:37:55;077,"4548","2.415972","7916","1","0","0","0","1"
Data,2026-08-10,12:37:55;087,"4558","2.415972","7916","1","0","0","0","1"
Data,2026-08-10,12:37:55;097,"4558","2.415972","7916","1","0","0","0","1"
Data,2026-08-10,12:37:55;107,"4568","2.415972","7916","1","0","0","0","1"
Data,2026-08-10,12:37:55;117,"4568","2.415972","7916","1","0","0","0","1"
Data,2026-08-10,12:37:55;127,"4577","2.415972","7916","1","0","0","0","1"
Data,2026-08-10,12:37:55;137,"4577","2.415972","7916","1","0","0","0","1"
Data,2026-08-10,12:37:55;147,"4585","2.415972","7916","1","0","0","0","1"
Data,2026-08-10,12:37:55;157,"4585","2.415972","7916","1","0","0","0","1"
Data,2026-08-10,12:37:55;167,"4595","2.415972","7916","1","0","0","0","1"
Data,2026-08-10,12:37:55;177,"4595","2.415972","7916","1","0","0","0","1"
Data,2026-08-10,12:37:55;187,"4605","2.415972","7916","1","0","0","0","1"
Data,2026-08-10,12:37:55;197,"4605","2.415972","7916","1","0","0","0","1"
Data,2026-08-10,12:37:55;207,"4615","2.415972","7916","1","0","0","0","1"
Data,2026-08-10,12:37:55;217,"4615","2.415972","7916","1","0","0","0","1"
Data,2026-08-10,12:37:55;227,"4625","2.415972","7916","1","0","0","0","1"
Data,2026-08-10,12:37:55;237,"4625","2.415972","7916","1","0","0","0","1"
Data,2026-08-10,12:37:55;247,"4635","2.415972","7916","1","0","0","0","1"
Data,2026-08-10,12:37:55;257,"4635","2.415972","7916","1","0","0","0","1"
Data,2026-08-10,12:37:55;267,"4644","2.415972","7916","1","0","0","0","1"
Data,2026-08-10,12:37:55;277,"4644","2.415972","7916","1","0","0","0","1"
Data,2026-08-10,12:37:55;287,"4655","2.415972","7916","1","0","0","0","1"
Data,2026-08-10,12:37:55;297,"4655","2.415972","7916","1","0","0","0","1"
Data,2026-08-10,12:37:55;307,"4664","2.415972","7916","1","0","0","0","1"
Data,2026-08-10,12:37:55;317,"4664","2.415972","7916","1","0","0","0","1"
Data,2026-08-10,12:37:55;327,"4674","2.415972","7916","1","0","0","0","1"
Data,2026-08-10,12:37:55;337,"4674","2.415972","7916","1","0","0","0","1"
Data,2026-08-10,12:37:55;347,"4684","2.415972","7916","1","0","0","0","1"
Data,2026-08-10,12:37:55;357,"4684","2.415972","7916","1","0","0","0","1"
Data,2026-08-10,12:37:55;367,"4693","2.415972","7916","1","0","0","0","1"
Data,2026-08-10,12:37:55;377,"4693","2.415972","7916","1","0","0","0","1"
Data,2026-08-10,12:37:55;387,"4703","2.415972","7916","1","0","0","0","1"
Data,2026-08-10,12:37:55;397,"4703","2.415972","7916","1","0","0","0","1"
Data,2026-08-10,12:37:55;407,"4713","2.415972","7916","1","0","0","0","1"
Data,2026-08-10,12:37:55;417,"4713","2.415972","7916","1","0","0","0","1"
Data,2026-08-10,12:37:55;427,"4722","2.415972","7916","1","0","0","0","1"
Data,2026-08-10,12:37:55;437,"4722","2.415972","7916","1","0","0","0","1"
Data,2026-08-10,12:37:55;447,"4732","2.415972","7916","1","0","0","0","1"
Data,2026-08-10,12:37:55;457,"4732","2.415972","7916","1","0","0","0","1"
Data,2026-08-10,12:37:55;467,"4741","2.415972","7916","1","0","0","0","1"
Data,2026-08-10,12:37:55;477,"4741","2.415972","7916","1","0","0","0","1"
Data,2026-08-10,12:37:55;487,"4750","2.415972","7916","1","0","0","0","1"
Data,2026-08-10,12:37:55;497,"4750","2.415972","7916","1","0","0","0","1"
Data,2026-08-10,12:37:55;507,"4760","2.415972","7916","1","0","0","0","1"
Data,2026-08-10,12:37:55;517,"4760","2.415972","7916","1","0","0","0","1"
Data,2026-08-10,12:37:55;527,"4769","2.415972","7916","1","0","0","0","1"
Data,2026-08-10,12:37:55;537,"4769","2.415972","7916","1","0","0","0","1"
Data,2026-08-10,12:37:55;547,"4778","2.415972","7916","1","0","0","0","1"
Data,2026-08-10,12:37:55;557,"4778","2.415972","7916","1","0","0","0","1"
Data,2026-08-10,12:37:55;567,"4788","2.415972","7916","1","0","0","0","1"
Data,2026-08-10,12:37:55;577,"4788","2.415972","7916","1","0","0","0","1"
Data,2026-08-10,12:37:55;587,"4797","2.415972","7916","1","0","0","0","1"
Data,2026-08-10,12:37:55;597,"4797","2.415972","7916","1","0","0","0","1"
Data,2026-08-10,12:37:55;607,"4807","2.415972","7916","1","0","0","0","1"
Data,2026-08-10,12:37:55;617,"4807","2.415972","7916","1","0","0","0","1"
Data,2026-08-10,12:37:55;627,"4816","2.415972","7916","1","0","0","0","1"
Data,2026-08-10,12:37:55;637,"4816","2.415972","7916","1","0","0","0","1"
Data,2026-08-10,12:37:55;647,"4826","2.415972","7916","1","0","0","0","1"
Data,2026-08-10,12:37:55;657,"4826","2.415972","7916","1","0","0","0","1"
Data,2026-08-10,12:37:55;667,"4834","2.415972","7916","1","0","0","0","1"
Data,2026-08-10,12:37:55;677,"4834","2.415972","7916","1","0","0","0","1"
Data,2026-08-10,12:37:55;687,"4842","2.415972","7916","1","0","0","0","1"
Data,2026-08-10,12:37:55;697,"4842","2.415972","7916","1","0","0","0","1"
Data,2026-08-10,12:37:55;707,"4851","2.415972","7916","1","0","0","0","1"
Data,2026-08-10,12:37:55;717,"4851","2.415972","7916","1","0","0","0","1"
Data,2026-08-10,12:37:55;727,"4860","2.415972","7916","1","0","0","0","1"
Data,2026-08-10,12:37:55;737,"4860","2.415972","7916","1","0","0","0","1"
Data,2026-08-10,12:37:55;747,"4869","2.415972","7916","1","0","0","0","1"
Data,2026-08-10,12:37:55;757,"4869","2.415972","7916","1","0","0","0","1"
Data,2026-08-10,12:37:55;767,"4878","2.415972","7916","1","0","0","0","1"
Data,2026-08-10,12:37:55;777,"4878","2.415972","7916","1","0","0","0","1"
Data,2026-08-10,12:37:55;787,"4887","2.415972","7916","1","0","0","0","1"
Data,2026-08-10,12:37:55;797,"4887","2.415972","7916","1","0","0","0","1"
Data,2026-08-10,12:37:55;807,"4896","2.415972","7916","1","0","0","0","1"
Data,2026-08-10,12:37:55;817,"4896","2.415972","7916","1","0","0","0","1"
Data,2026-08-10,12:37:55;827,"4907","2.415972","7916","1","0","0","0","1"
Data,2026-08-10,12:37:55;837,"4907","2.415972","7916","1","0","0","0","1"
Data,2026-08-10,12:37:55;847,"4917","2.415972","7916","1","0","0","0","1"
Data,2026-08-10,12:37:55;857,"4917","2.415972","7916","1","0","0","0","1"
Data,2026-08-10,12:37:55;867,"4926","2.415972","7916","1","0","0","0","1"
Data,2026-08-10,12:37:55;877,"4926","2.415972","7916","1","0","0","0","1"
Data,2026-08-10,12:37:55;887,"4936","2.415972","7916","1","0","0","0","1"
Data,2026-08-10,12:37:55;897,"4936","2.415972","7916","0","0","0","0","1"
Data,2026-08-10,12:37:55;907,"4946","2.415972","7916","0","0","0","0","1"
Data,2026-08-10,12:37:55;917,"4946","0.000000","0","0","0","0","0","0"
Data,2026-08-10,12:37:55;927,"4955","0.000000","0","0","0","0","0","0"
Data,2026-08-10,12:37:55;937,"4955","0.000000","0","0","0","0","0","0"
Data,2026-08-10,12:37:55;947,"4965","0.000000","0","0","0","0","0","0"
Data,2026-08-10,12:37:55;957,"4965","0.000000","0","0","0","0","0","0"
Data,2026-08-10,12:37:55;967,"4974","0.000000","0","0","0","0","0","0"
Data,2026-08-10,12:37:55;977,"4974","0.000000","0","0","0","0","0","0"
Data,2026-08-10,12:37:55;987,"4983","0.000000","0","0","0","0","0","0"
Data,2026-08-10,12:37:55;997,"4983","0.000000","0","0","0","0","0","0"
Data,2026-08-10,12:37:56;007,"4987","0.000000","0","0","0","0","0","0"
Data,2026-08-10,12:37:56;017,"4987","0.000000","0","0","0","0","0","0"
Data,2026-08-10,12:37:56;027,"4991","0.000000","0","0","0","0","0","0"
Data,2026-08-10,12:37:56;037,"4991","0.000000","0","0","0","0","0","0"
Data,2026-08-10,12:37:56;047,"4994","0.000000","0","0","0","0","0","0"
Data,2026-08-10,12:37:56;057,"4994","0.000000","0","0","0","0","0","0"
Data,2026-08-10,12:37:56;067,"4995","0.000000","0","0","0","0","0","0"
Data,2026-08-10,12:37:56;077,"4995","0.000000","0","0","0","0","0","0"
Data,2026-08-10,12:37:56;087,"4995","0.000000","0","0","0","0","0","0"
Data,2026-08-10,12:37:56;097,"4995","0.000000","0","0","0","0","0","0"
Data,2026-08-10,12:37:56;107,"4995","0.000000","0","0","0","0","0","0"
Data,2026-08-10,12:37:56;117,"4995","0.000000","0","0","0","0","0","0"
Data,2026-08-10,12:37:56;127,"4996","0.000000","0","0","0","0","0","0"
Data,2026-08-10,12:37:56;137,"4996","0.000000","0","0","0","0","0","0"
Data,2026-08-10,12:37:56;147,"4996","0.000000","0","0","0","0","0","0"
Data,2026-08-10,12:37:56;157,"4996","0.000000","0","0","0","0","0","0"
Data,2026-08-10,12:37:56;167,"4996","0.000000","0","0","0","0","0","0"
Data,2026-08-10,12:37:56;177,"4996","0.000000","0","0","0","0","0","0"
Data,2026-08-10,12:37:56;187,"4996","0.000000","0","0","0","0","0","0"
Data,2026-08-10,12:37:56;197,"4996","0.000000","0","0","0","0","0","0"
Data,2026-08-10,12:37:56;207,"4996","0.000000","0","0","0","0","0","0"
Data,2026-08-10,12:37:56;217,"4996","0.000000","0","0","0","0","0","0"
Data,2026-08-10,12:37:56;227,"4996","0.000000","0","0","0","0","0","0"
Data,2026-08-10,12:37:56;237,"4996","0.000000","0","0","0","0","0","0"
Data,2026-08-10,12:37:56;247,"4996","0.000000","0","0","0","0","0","0"
Data,2026-08-10,12:37:56;257,"4996","0.000000","0","0","0","0","0","0"
Data,2026-08-10,12:37:56;267,"4996","0.000000","0","0","0","0","0","0"
Data,2026-08-10,12:37:56;277,"4996","0.000000","0","0","0","0","0","0"
Data,2026-08-10,12:37:56;287,"4996","0.000000","0","0","0","0","0","0"
Data,2026-08-10,12:37:56;297,"4996","0.000000","0","0","0","0","0","0"
Data,2026-08-10,12:37:56;307,"4996","0.000000","0","0","0","0","0","0"
Data,2026-08-10,12:37:56;317,"4996","0.000000","0","0","0","0","0","0"
Data,2026-08-10,12:37:56;327,"4996","0.000000","0","0","0","0","0","0"
Data,2026-08-10,12:37:56;337,"4996","0.000000","0","0","0","0","0","0"
Data,2026-08-10,12:37:56;347,"4996","0.000000","0","0","0","0","0","0"
Data,2026-08-10,12:37:56;357,"4996","0.000000","0","0","0","0","0","0"
Data,2026-08-10,12:37:56;367,"4996","0.000000","0","0","0","0","0","0"
Data,2026-08-10,12:37:56;377,"4996","0.000000","0","0","0","0","0","0"
Data,2026-08-10,12:37:56;387,"4996","0.000000","0","0","0","0","0","0"
Data,2026-08-10,12:37:56;397,"4996","0.000000","0","0","0","0","0","0"
Data,2026-08-10,12:37:56;407,"4996","0.000000","0","0","0","0","0","0"
Data,2026-08-10,12:37:56;417,"4996","0.000000","0","0","0","0","0","0"
Data,2026-08-10,12:37:56;427,"4996","0.000000","0","0","0","0","0","0"
Data,2026-08-10,12:37:56;437,"4996","0.000000","0","0","0","0","0","0"
Data,2026-08-10,12:37:56;447,"4996","0.000000","0","0","0","0","0","0"
Data,2026-08-10,12:37:56;457,"4996","0.000000","0","0","0","0","0","0"
Data,2026-08-10,12:37:56;467,"4996","0.000000","0","0","0","0","0","0"
Data,2026-08-10,12:37:56;477,"4996","0.000000","0","0","0","0","0","0"
Data,2026-08-10,12:37:56;487,"4996","0.000000","0","0","0","0","0","0"
Data,2026-08-10,12:37:56;497,"4996","0.000000","0","0","0","0","0","0"
Data,2026-08-10,12:37:56;507,"4996","0.000000","0","0","0","0","0","0"
Data,2026-08-10,12:37:56;517,"4996","0.000000","0","0","0","0","0","0"
Data,2026-08-10,12:37:56;527,"4996","0.000000","0","0","0","0","0","0"
Data,2026-08-10,12:37:56;537,"4996","0.000000","0","0","0","0","0","0"
Data,2026-08-10,12:37:56;547,"4996","0.000000","0","0","0","0","0","0"
Data,2026-08-10,12:37:56;557,"4996","0.000000","0","0","0","0","0","0"
Data,2026-08-10,12:37:56;567,"4996","0.000000","0","0","0","0","0","0"
Data,2026-08-10,12:37:56;577,"4996","0.000000","0","0","0","0","0","0"
Data,2026-08-10,12:37:56;587,"4996","0.000000","0","0","0","0","0","0"
Data,2026-08-10,12:37:56;597,"4996","0.000000","0","0","0","0","0","0"
Data,2026-08-10,12:37:56;607,"4996","0.000000","0","0","0","0","0","0"
Data,2026-08-10,12:37:56;617,"4996","0.000000","0","0","0","0","0","0"
Data,2026-08-10,12:37:56;627,"4996","0.000000","0","0","0","0","0","0"
Data,2026-08-10,12:37:56;637,"4996","0.000000","0","0","0","0","0","0"
Data,2026-08-10,12:37:56;647,"4996","0.000000","0","0","0","0","0","0"
Data,2026-08-10,12:37:56;657,"4996","0.000000","0","0","0","0","0","0"
Data,2026-08-10,12:37:56;667,"4996","0.000000","0","0","0","0","0","0"
Data,2026-08-10,12:37:56;677,"4996","0.000000","0","0","0","0","0","0"
Data,2026-08-10,12:37:56;687,"4996","0.000000","0","0","0","0","0","0"
Data,2026-08-10,12:37:56;697,"4996","0.000000","0","0","0","0","0","0"
Data,2026-08-10,12:37:56;707,"4996","0.000000","0","0","0","0","0","0"
Data,2026-08-10,12:37:56;717,"4996","0.000000","0","0","0","0","0","0"
Data,2026-08-10,12:37:56;727,"4996","0.000000","0","0","0","0","0","0"
Data,2026-08-10,12:37:56;737,"4996","0.000000","0","0","0","0","0","0"
Data,2026-08-10,12:37:56;747,"4996","0.000000","0","0","0","0","0","0"
Data,2026-08-10,12:37:56;757,"4996","0.000000","0","0","0","0","0","0"
Data,2026-08-10,12:37:56;767,"4996","0.000000","0","0","0","0","0","0"
Data,2026-08-10,12:37:56;777,"4996","0.000000","0","0","0","0","0","0"
Data,2026-08-10,12:37:56;787,"4996","0.000000","0","0","0","0","0","0"
Data,2026-08-10,12:37:56;797,"4996","0.000000","0","0","0","0","0","0"
Data,2026-08-10,12:37:56;807,"4996","0.000000","0","0","0","0","0","0"
Data,2026-08-10,12:37:56;817,"4996","0.000000","0","0","0","0","0","0"
Data,2026-08-10,12:37:56;827,"4996","0.000000","0","0","0","0","0","0"
Data,2026-08-10,12:37:56;837,"4996","0.000000","0","0","0","0","0","0"
Data,2026-08-10,12:37:56;847,"4996","0.000000","0","0","0","0","0","0"
Data,2026-08-10,12:37:56;857,"4996","0.000000","0","0","0","0","0","0"
Data,2026-08-10,12:37:56;867,"4996","0.000000","0","0","0","0","0","0"
Data,2026-08-10,12:37:56;877,"4996","0.000000","0","0","0","0","0","0"
Data,2026-08-10,12:37:56;887,"4996","0.000000","0","0","0","0","0","0"
Data,2026-08-10,12:37:56;897,"4996","0.000000","0","0","0","0","0","0"
Data,2026-08-10,12:37:56;907,"4996","0.000000","0","0","0","0","0","0"
Data,2026-08-10,12:37:56;917,"4996","0.000000","0","0","0","0","0","0"
Data,2026-08-10,12:37:56;927,"4996","0.000000","0","0","0","0","0","0"
Data,2026-08-10,12:37:56;937,"4996","0.000000","0","0","0","0","0","0"
Data,2026-08-10,12:37:56;947,"4996","0.000000","0","0","0","0","0","0"
Data,2026-08-10,12:37:56;957,"4996","0.000000","0","0","0","0","0","0"
Data,2026-08-10,12:37:56;967,"4996","0.000000","0","0","0","0","0","0"
Data,2026-08-10,12:37:56;977,"4996","0.000000","0","0","0","0","0","0"
Data,2026-08-10,12:37:56;987,"4996","0.000000","0","0","0","0","0","0"
Data,2026-08-10,12:37:56;997,"4996","0.000000","0","0","0","0","0","0"
Data,2026-08-10,12:37:57;007,"4996","0.000000","0","0","0","0","0","0"
Data,2026-08-10,12:37:57;017,"4996","0.000000","0","0","0","0","0","0"
Data,2026-08-10,12:37:57;027,"4996","0.000000","0","0","0","0","0","0"
Data,2026-08-10,12:37:57;037,"4996","0.000000","0","0","0","0","0","0"
Data,2026-08-10,12:37:57;047,"4996","0.000000","0","0","0","0","0","0"
Data,2026-08-10,12:37:57;057,"4996","0.000000","0","0","0","0","0","0"
Data,2026-08-10,12:37:57;067,"4996","0.000000","0","0","0","0","0","0"
Data,2026-08-10,12:37:57;077,"4996","0.000000","0","0","0","0","0","0"
Data,2026-08-10,12:37:57;087,"4996","0.000000","0","0","0","0","0","0"
Data,2026-08-10,12:37:57;097,"4996","0.000000","0","0","0","0","0","0"
Data,2026-08-10,12:37:57;107,"4996","0.000000","0","0","0","0","0","0"
Data,2026-08-10,12:37:57;117,"4996","0.000000","0","0","0","0","0","0"
Data,2026-08-10,12:37:57;127,"4996","0.000000","0","0","0","0","0","0"
Data,2026-08-10,12:37:57;137,"4996","0.000000","0","0","0","0","0","0"
Data,2026-08-10,12:37:57;147,"4996","0.000000","0","0","0","0","0","0"
Data,2026-08-10,12:37:57;157,"4996","0.000000","0","0","0","0","0","0"
Data,2026-08-10,12:37:57;167,"4996","0.000000","0","0","0","0","0","0"
Data,2026-08-10,12:37:57;177,"4996","0.000000","0","0","0","0","0","0"
Data,2026-08-10,12:37:57;187,"4996","0.000000","0","0","0","0","0","0"
Data,2026-08-10,12:37:57;197,"4996","0.000000","0","0","0","0","0","0"
Data,2026-08-10,12:37:57;207,"4996","0.000000","0","0","0","0","0","0"
Data,2026-08-10,12:37:57;217,"4996","0.000000","0","0","0","0","0","0"
Data,2026-08-10,12:37:57;227,"4996","0.000000","0","0","0","0","0","0"
Data,2026-08-10,12:37:57;237,"4996","0.000000","0","0","0","0","0","0"
Data,2026-08-10,12:37:57;247,"4996","0.000000","0","0","0","0","0","0"
Data,2026-08-10,12:37:57;257,"4996","0.000000","0","0","0","0","0","0"
Data,2026-08-10,12:37:57;267,"4996","0.000000","0","0","0","0","0","0"
Data,2026-08-10,12:37:57;277,"4996","0.000000","0","0","0","0","0","0"
Data,2026-08-10,12:37:57;287,"4996","0.000000","0","0","0","0","0","0"
Data,2026-08-10,12:37:57;297,"4996","0.000000","0","0","0","0","0","0"
Data,2026-08-10,12:37:57;307,"4996","0.000000","0","0","0","0","0","0"
Data,2026-08-10,12:37:57;317,"4996","0.000000","0","0","0","0","0","0"
Data,2026-08-10,12:37:57;327,"4996","0.000000","0","0","0","0","0","0"
Data,2026-08-10,12:37:57;337,"4996","0.000000","0","0","0","0","0","0"
Data,2026-08-10,12:37:57;347,"4996","0.000000","0","0","0","0","0","0"
Data,2026-08-10,12:37:57;357,"4996","0.000000","0","0","0","0","0","0"
Data,2026-08-10,12:37:57;367,"4996","0.000000","0","0","0","0","0","0"
Data,2026-08-10,12:37:57;377,"4996","0.000000","0","0","0","0","0","0"
Data,2026-08-10,12:37:57;387,"4996","0.000000","0","0","0","0","0","0"
Data,2026-08-10,12:37:57;397,"4996","0.000000","0","0","0","0","0","0"
Data,2026-08-10,12:37:57;407,"4996","0.000000","0","0","0","0","0","0"
Data,2026-08-10,12:37:57;417,"4996","0.000000","0","0","0","0","0","0"
Data,2026-08-10,12:37:57;427,"4996","0.000000","0","0","0","0","0","0"
Data,2026-08-10,12:37:57;437,"4996","0.000000","0","0","0","0","0","0"
Data,2026-08-10,12:37:57;447,"4996","0.000000","0","0","0","0","0","0"
Data,2026-08-10,12:37:57;457,"0","0.000000","0","0","0","0","0","0"
Data,2026-08-10,12:37:57;467,"0","0.000000","0","0","0","0","0","0"
Data,2026-08-10,12:37:57;477,"0","3.000000","9830","0","1","0","0","0"
Data,2026-08-10,12:37:57;487,"0","3.000000","9830","0","1","0","0","0"
Data,2026-08-10,12:37:57;497,"0","3.000000","9830","0","1","0","0","0"
Data,2026-08-10,12:37:57;507,"0","3.000000","9830","0","1","0","0","0"
Data,2026-08-10,12:37:57;517,"0","3.000000","9830","0","1","0","0","0"
Data,2026-08-10,12:37:57;527,"0","3.000000","9830","0","1","0","0","0"
Data,2026-08-10,12:37:57;537,"0","3.000000","9830","0","1","0","0","0"
Data,2026-08-10,12:37:57;547,"0","3.000000","9830","0","1","0","0","0"
Data,2026-08-10,12:37:57;557,"2","3.000000","9830","0","1","0","0","0"
Data,2026-08-10,12:37:57;567,"2","3.000600","9832","0","1","0","0","0"
Data,2026-08-10,12:37:57;577,"28","3.000600","9832","0","1","0","0","0"
Data,2026-08-10,12:37:57;587,"28","3.008400","9858","1","1","0","0","0"
Data,2026-08-10,12:37:57;597,"62","3.018600","9891","1","1","0","0","0"
Data,2026-08-10,12:37:57;607,"62","3.018600","9891","1","1","0","0","0"
Data,2026-08-10,12:37:57;617,"108","3.018600","9891","1","1","0","0","0"
Data,2026-08-10,12:37:57;627,"108","3.032400","9936","1","1","0","0","0"
Data,2026-08-10,12:37:57;637,"159","3.032400","9936","1","1","0","0","0"
Data,2026-08-10,12:37:57;647,"159","3.047700","9986","1","1","0","0","0"
Data,2026-08-10,12:37:57;657,"210","3.063000","10037","1","1","0","0","0"
Data,2026-08-10,12:37:57;667,"210","3.063000","10037","1","1","0","0","0"
Data,2026-08-10,12:37:57;677,"252","3.063000","10037","1","1","0","0","0"
Data,2026-08-10,12:37:57;687,"252","3.075600","10078","1","1","0","0","0"
Data,2026-08-10,12:37:57;697,"297","3.075600","10078","1","1","0","0","0"
Data,2026-08-10,12:37:57;707,"297","3.089100","10122","1","1","0","0","0"
Data,2026-08-10,12:37:57;717,"340","3.102000","10164","1","1","0","0","0"
Data,2026-08-10,12:37:57;727,"340","3.102000","10164","1","1","0","0","0"
Data,2026-08-10,12:37:57;737,"385","3.102000","10164","1","1","0","0","0"
Data,2026-08-10,12:37:57;747,"385","3.115500","10209","1","1","0","0","0"
Data,2026-08-10,12:37:57;757,"432","3.115500","10209","1","1","0","0","0"
Data,2026-08-10,12:37:57;767,"432","3.129600","10255","1","1","0","0","0"
Data,2026-08-10,12:37:57;777,"483","3.144900","10305","1","1","0","0","0"
Data,2026-08-10,12:37:57;787,"483","3.144900","10305","1","1","0","0","0"
Data,2026-08-10,12:37:57;797,"529","3.144900","10305","1","0","1","0","0"
Data,2026-08-10,12:37:57;807,"529","3.144900","10305","1","0","1","0","0"
Data,2026-08-10,12:37:57;817,"575","3.144900","10305","1","0","1","0","0"
Data,2026-08-10,12:37:57;827,"575","3.144900","10305","1","0","1","0","0"
Data,2026-08-10,12:37:57;837,"627","3.144900","10305","1","0","1","0","0"
Data,2026-08-10,12:37:57;847,"627","3.144900","10305","1","0","1","0","0"
Data,2026-08-10,12:37:57;857,"674","3.144900","10305","1","0","1","0","0"
Data,2026-08-10,12:37:57;867,"674","3.144900","10305","1","0","1","0","0"
Data,2026-08-10,12:37:57;877,"721","3.144900","10305","1","0","1","0","0"
Data,2026-08-10,12:37:57;887,"721","3.144900","10305","1","0","1","0","0"
Data,2026-08-10,12:37:57;897,"769","3.144900","10305","1","0","1","0","0"
Data,2026-08-10,12:37:57;907,"769","3.144900","10305","1","0","1","0","0"
Data,2026-08-10,12:37:57;917,"824","3.144900","10305","1","0","1","0","0"
Data,2026-08-10,12:37:57;927,"824","3.144900","10305","1","0","1","0","0"
Data,2026-08-10,12:37:57;937,"874","3.144900","10305","1","0","1","0","0"
Data,2026-08-10,12:37:57;947,"874","3.144900","10305","1","0","1","0","0"
Data,2026-08-10,12:37:57;957,"925","3.144900","10305","1","0","1","0","0"
Data,2026-08-10,12:37:57;967,"925","3.144900","10305","1","0","1","0","0"
Data,2026-08-10,12:37:57;977,"980","3.144900","10305","1","0","1","0","0"
Data,2026-08-10,12:37:57;987,"980","3.144900","10305","1","0","1","0","0"
Data,2026-08-10,12:37:57;997,"1029","3.144900","10305","1","0","1","0","0"
Data,2026-08-10,12:37:58;007,"1029","3.144900","10305","1","0","1","0","0"
Data,2026-08-10,12:37:58;017,"1077","3.144900","10305","1","0","1","0","0"
Data,2026-08-10,12:37:58;027,"1077","3.144900","10305","1","0","1","0","0"
Data,2026-08-10,12:37:58;037,"1127","3.144900","10305","1","0","1","0","0"
Data,2026-08-10,12:37:58;047,"1127","3.144900","10305","1","0","1","0","0"
Data,2026-08-10,12:37:58;057,"1181","3.144900","10305","1","0","1","0","0"
Data,2026-08-10,12:37:58;067,"1181","3.144900","10305","1","0","1","0","0"
Data,2026-08-10,12:37:58;077,"1231","3.144900","10305","1","0","1","0","0"
Data,2026-08-10,12:37:58;087,"1231","3.144900","10305","1","0","1","0","0"
Data,2026-08-10,12:37:58;097,"1280","3.144900","10305","1","0","1","0","0"
Data,2026-08-10,12:37:58;107,"1280","3.144900","10305","1","0","1","0","0"
Data,2026-08-10,12:37:58;117,"1334","3.144900","10305","1","0","1","0","0"
Data,2026-08-10,12:37:58;127,"1334","3.144900","10305","1","0","1","0","0"
Data,2026-08-10,12:37:58;137,"1382","3.144900","10305","1","0","1","0","0"
Data,2026-08-10,12:37:58;147,"1382","3.144900","10305","1","0","1","0","0"
Data,2026-08-10,12:37:58;157,"1432","3.144900","10305","1","0","1","0","0"
Data,2026-08-10,12:37:58;167,"1432","3.144900","10305","1","0","1","0","0"
Data,2026-08-10,12:37:58;177,"1481","3.144900","10305","1","0","1","0","0"
Data,2026-08-10,12:37:58;187,"1481","3.144900","10305","1","0","1","0","0"
Data,2026-08-10,12:37:58;197,"1534","3.144900","10305","1","0","1","0","0"
Data,2026-08-10,12:37:58;207,"1534","3.144900","10305","1","0","1","0","0"
Data,2026-08-10,12:37:58;217,"1583","3.144900","10305","1","0","1","0","0"
Data,2026-08-10,12:37:58;227,"1583","3.144900","10305","1","0","1","0","0"
Data,2026-08-10,12:37:58;237,"1629","3.144900","10305","1","0","1","0","0"
Data,2026-08-10,12:37:58;247,"1629","3.144900","10305","1","0","1","0","0"
Data,2026-08-10,12:37:58;257,"1681","3.144900","10305","1","0","1","0","0"
Data,2026-08-10,12:37:58;267,"1681","3.144900","10305","1","0","1","0","0"
Data,2026-08-10,12:37:58;277,"1729","3.144900","10305","1","0","1","0","0"
Data,2026-08-10,12:37:58;287,"1729","3.144900","10305","1","0","1","0","0"
Data,2026-08-10,12:37:58;297,"1779","3.144900","10305","1","0","1","0","0"
Data,2026-08-10,12:37:58;307,"1779","3.144900","10305","1","0","1","0","0"
Data,2026-08-10,12:37:58;317,"1828","3.144900","10305","1","0","1","0","0"
Data,2026-08-10,12:37:58;327,"1828","3.144900","10305","1","0","1","0","0"
Data,2026-08-10,12:37:58;337,"1881","3.144900","10305","1","0","1","0","0"
Data,2026-08-10,12:37:58;347,"1881","3.144900","10305","1","0","1","0","0"
Data,2026-08-10,12:37:58;357,"1929","3.144900","10305","1","0","1","0","0"
Data,2026-08-10,12:37:58;367,"1929","3.144900","10305","1","0","1","0","0"
Data,2026-08-10,12:37:58;377,"1978","3.144900","10305","1","0","1","0","0"
Data,2026-08-10,12:37:58;387,"1978","3.144900","10305","1","0","1","0","0"
Data,2026-08-10,12:37:58;397,"2031","3.144900","10305","1","0","1","0","0"
Data,2026-08-10,12:37:58;407,"2031","3.144900","10305","1","0","1","0","0"
Data,2026-08-10,12:37:58;417,"2079","3.144900","10305","1","0","1","0","0"
Data,2026-08-10,12:37:58;427,"2079","3.144900","10305","1","0","1","0","0"
Data,2026-08-10,12:37:58;437,"2128","3.144900","10305","1","0","1","0","0"
Data,2026-08-10,12:37:58;447,"2128","3.144900","10305","1","0","1","0","0"
Data,2026-08-10,12:37:58;457,"2180","3.144900","10305","1","0","1","0","0"
Data,2026-08-10,12:37:58;467,"2180","3.144900","10305","1","0","1","0","0"
Data,2026-08-10,12:37:58;477,"2234","3.144900","10305","1","0","1","0","0"
Data,2026-08-10,12:37:58;487,"2234","3.144900","10305","1","0","1","0","0"
Data,2026-08-10,12:37:58;497,"2283","3.144900","10305","1","0","1","0","0"
Data,2026-08-10,12:37:58;507,"2283","3.144900","10305","1","0","1","0","0"
Data,2026-08-10,12:37:58;517,"2332","3.144900","10305","1","0","1","0","0"
Data,2026-08-10,12:37:58;527,"2332","3.144900","10305","1","0","1","0","0"
Data,2026-08-10,12:37:58;537,"2383","3.144900","10305","1","0","1","0","0"
Data,2026-08-10,12:37:58;547,"2383","3.144900","10305","1","0","1","0","0"
Data,2026-08-10,12:37:58;557,"2432","3.144900","10305","1","0","1","0","0"
Data,2026-08-10,12:37:58;567,"2432","3.144900","10305","1","0","1","0","0"
Data,2026-08-10,12:37:58;577,"2481","3.144900","10305","1","0","1","0","0"
Data,2026-08-10,12:37:58;587,"2481","3.144900","10305","1","0","1","0","0"
Data,2026-08-10,12:37:58;597,"2535","3.144900","10305","1","0","1","0","0"
Data,2026-08-10,12:37:58;607,"2535","3.144900","10305","1","0","1","0","0"
Data,2026-08-10,12:37:58;617,"2585","3.144900","10305","1","0","1","0","0"
Data,2026-08-10,12:37:58;627,"2585","3.144900","10305","1","0","1","0","0"
Data,2026-08-10,12:37:58;637,"2636","3.144900","10305","1","0","1","0","0"
Data,2026-08-10,12:37:58;647,"2636","3.144900","10305","1","0","1","0","0"
Data,2026-08-10,12:37:58;657,"2690","3.144900","10305","1","0","1","0","0"
Data,2026-08-10,12:37:58;667,"2690","3.144900","10305","1","0","1","0","0"
Data,2026-08-10,12:37:58;677,"2739","3.144900","10305","1","0","1","0","0"
Data,2026-08-10,12:37:58;687,"2739","3.144900","10305","1","0","1","0","0"
Data,2026-08-10,12:37:58;697,"2788","3.144900","10305","1","0","1","0","0"
Data,2026-08-10,12:37:58;707,"2788","3.144900","10305","1","0","1","0","0"
Data,2026-08-10,12:37:58;717,"2838","3.144900","10305","1","0","1","0","0"
Data,2026-08-10,12:37:58;727,"2838","3.144900","10305","1","0","1","0","0"
Data,2026-08-10,12:37:58;737,"2891","3.144900","10305","1","0","1","0","0"
Data,2026-08-10,12:37:58;747,"2891","3.144900","10305","1","0","1","0","0"
Data,2026-08-10,12:37:58;757,"2939","3.144900","10305","1","0","1","0","0"
Data,2026-08-10,12:37:58;767,"2939","3.144900","10305","1","0","1","0","0"
Data,2026-08-10,12:37:58;777,"2987","3.144900","10305","1","0","1","0","0"
Data,2026-08-10,12:37:58;787,"2987","3.144900","10305","1","0","1","0","0"
Data,2026-08-10,12:37:58;797,"3038","3.144900","10305","1","0","1","0","0"
Data,2026-08-10,12:37:58;807,"3038","3.144900","10305","1","0","1","0","0"
Data,2026-08-10,12:37:58;817,"3086","3.144900","10305","1","0","1","0","0"
Data,2026-08-10,12:37:58;827,"3086","3.144900","10305","1","0","1","0","0"
Data,2026-08-10,12:37:58;837,"3135","3.144900","10305","1","0","1","0","0"
Data,2026-08-10,12:37:58;847,"3135","3.144900","10305","1","0","1","0","0"
Data,2026-08-10,12:37:58;857,"3188","3.144900","10305","1","0","1","0","0"
Data,2026-08-10,12:37:58;867,"3188","3.144900","10305","1","0","1","0","0"
Data,2026-08-10,12:37:58;877,"3240","3.144900","10305","1","0","1","0","0"
Data,2026-08-10,12:37:58;887,"3240","3.144900","10305","1","0","1","0","0"
Data,2026-08-10,12:37:58;897,"3291","3.144900","10305","1","0","1","0","0"
Data,2026-08-10,12:37:58;907,"3291","3.144900","10305","1","0","1","0","0"
Data,2026-08-10,12:37:58;917,"3345","3.144900","10305","1","0","1","0","0"
Data,2026-08-10,12:37:58;927,"3345","3.144900","10305","1","0","1","0","0"
Data,2026-08-10,12:37:58;937,"3392","3.144900","10305","1","0","1","0","0"
Data,2026-08-10,12:37:58;947,"3392","3.144900","10305","1","0","1","0","0"
Data,2026-08-10,12:37:58;957,"3438","3.144900","10305","1","0","1","0","0"
Data,2026-08-10,12:37:58;967,"3438","3.144900","10305","1","0","1","0","0"
Data,2026-08-10,12:37:58;977,"3484","3.144900","10305","1","0","1","0","0"
Data,2026-08-10,12:37:58;987,"3484","3.144900","10305","1","0","1","0","0"
Data,2026-08-10,12:37:58;997,"3535","3.144900","10305","1","0","1","0","0"
Data,2026-08-10,12:37:59;007,"3535","3.144900","10305","1","0","1","0","0"
Data,2026-08-10,12:37:59;017,"3583","3.144900","10305","1","0","1","0","0"
Data,2026-08-10,12:37:59;027,"3583","3.144900","10305","1","0","1","0","0"
Data,2026-08-10,12:37:59;037,"3631","3.144900","10305","1","0","1","0","0"
Data,2026-08-10,12:37:59;047,"3631","3.144900","10305","1","0","1","0","0"
Data,2026-08-10,12:37:59;057,"3686","3.144900","10305","1","0","1","0","0"
Data,2026-08-10,12:37:59;067,"3686","3.144900","10305","1","0","1","0","0"
Data,2026-08-10,12:37:59;077,"3734","3.144900","10305","1","0","1","0","0"
Data,2026-08-10,12:37:59;087,"3734","3.144900","10305","1","0","1","0","0"
Data,2026-08-10,12:37:59;097,"3783","3.144900","10305","1","0","1","0","0"
Data,2026-08-10,12:37:59;107,"3783","3.144900","10305","1","0","1","0","0"
Data,2026-08-10,12:37:59;117,"3835","3.144900","10305","1","0","1","0","0"
Data,2026-08-10,12:37:59;127,"3835","3.144900","10305","1","0","1","0","0"
Data,2026-08-10,12:37:59;137,"3883","3.144900","10305","1","0","1","0","0"
Data,2026-08-10,12:37:59;147,"3883","3.144900","10305","1","0","1","0","0"
Data,2026-08-10,12:37:59;157,"3932","3.144900","10305","1","0","1","0","0"
Data,2026-08-10,12:37:59;167,"3932","3.144900","10305","1","0","1","0","0"
Data,2026-08-10,12:37:59;177,"3984","3.144900","10305","1","0","1","0","0"
Data,2026-08-10,12:37:59;187,"3984","3.025253","9913","1","0","0","1","0"
Data,2026-08-10,12:37:59;197,"4032","3.025253","9913","1","0","0","1","0"
Data,2026-08-10,12:37:59;207,"4032","2.941455","9638","1","0","0","1","0"
Data,2026-08-10,12:37:59;217,"4081","2.941455","9638","1","0","0","1","0"
Data,2026-08-10,12:37:59;227,"4081","2.941455","9638","1","0","0","1","0"
Data,2026-08-10,12:37:59;237,"4133","2.855911","9358","1","0","0","1","0"
Data,2026-08-10,12:37:59;247,"4133","2.765130","9061","1","0","0","1","0"
Data,2026-08-10,12:37:59;257,"4176","2.765130","9061","1","0","0","1","0"
Data,2026-08-10,12:37:59;267,"4176","2.690061","8815","1","0","0","1","0"
Data,2026-08-10,12:37:59;277,"4221","2.690061","8815","1","0","0","1","0"
Data,2026-08-10,12:37:59;287,"4221","2.690061","8815","1","0","0","1","0"
Data,2026-08-10,12:37:59;297,"4262","2.611501","8557","1","0","0","1","0"
Data,2026-08-10,12:37:59;307,"4262","2.539924","8323","1","0","0","1","0"
Data,2026-08-10,12:37:59;317,"4291","2.539924","8323","1","0","0","1","0"
Data,2026-08-10,12:37:59;327,"4291","2.489296","8157","1","0","0","1","0"
Data,2026-08-10,12:37:59;337,"4315","2.489296","8157","1","0","0","1","0"
Data,2026-08-10,12:37:59;347,"4315","2.489296","8157","1","0","0","1","0"
Data,2026-08-10,12:37:59;357,"4338","2.447397","8019","1","0","0","1","0"
Data,2026-08-10,12:37:59;367,"4338","2.407244","7888","1","0","0","1","0"
Data,2026-08-10,12:37:59;377,"4355","2.407244","7888","1","0","0","1","0"
Data,2026-08-10,12:37:59;387,"4355","2.407244","7888","1","0","0","0","1"
Data,2026-08-10,12:37:59;397,"4371","2.407244","7888","1","0","0","0","1"
Data,2026-08-10,12:37:59;407,"4371","2.407244","7888","1","0","0","0","1"
Data,2026-08-10,12:37:59;417,"4379","2.407244","7888","1","0","0","0","1"
Data,2026-08-10,12:37:59;427,"4379","2.407244","7888","1","0","0","0","1"
Data,2026-08-10,12:37:59;437,"4383","2.407244","7888","1","0","0","0","1"
Data,2026-08-10,12:37:59;447,"4383","2.407244","7888","1","0","0","0","1"
Data,2026-08-10,12:37:59;457,"4391","2.407244","7888","1","0","0","0","1"
Data,2026-08-10,12:37:59;467,"4391","2.407244","7888","1","0","0","0","1"
Data,2026-08-10,12:37:59;477,"4403","2.407244","7888","1","0","0","0","1"
Data,2026-08-10,12:37:59;487,"4403","2.407244","7888","1","0","0","0","1"
Data,2026-08-10,12:37:59;497,"4412","2.407244","7888","1","0","0","0","1"
Data,2026-08-10,12:37:59;507,"4412","2.407244","7888","1","0","0","0","1"
Data,2026-08-10,12:37:59;517,"4417","2.407244","7888","1","0","0","0","1"
Data,2026-08-10,12:37:59;527,"4417","2.407244","7888","1","0","0","0","1"
Data,2026-08-10,12:37:59;537,"4422","2.407244","7888","1","0","0","0","1"
Data,2026-08-10,12:37:59;547,"4422","2.407244","7888","1","0","0","0","1"
Data,2026-08-10,12:37:59;557,"4429","2.407244","7888","1","0","0","0","1"
Data,2026-08-10,12:37:59;567,"4429","2.407244","7888","1","0","0","0","1"
Data,2026-08-10,12:37:59;577,"4439","2.407244","7888","1","0","0","0","1"
Data,2026-08-10,12:37:59;587,"4439","2.407244","7888","1","0","0","0","1"
Data,2026-08-10,12:37:59;597,"4447","2.407244","7888","1","0","0","0","1"
Data,2026-08-10,12:37:59;607,"4447","2.407244","7888","1","0","0","0","1"
Data,2026-08-10,12:37:59;617,"4454","2.407244","7888","1","0","0","0","1"
Data,2026-08-10,12:37:59;627,"4454","2.407244","7888","1","0","0","0","1"
Data,2026-08-10,12:37:59;637,"4461","2.407244","7888","1","0","0","0","1"
Data,2026-08-10,12:37:59;647,"4461","2.407244","7888","1","0","0","0","1"
Data,2026-08-10,12:37:59;657,"4468","2.407244","7888","1","0","0","0","1"
Data,2026-08-10,12:37:59;667,"4468","2.407244","7888","1","0","0","0","1"
Data,2026-08-10,12:37:59;677,"4476","2.407244","7888","1","0","0","0","1"
Data,2026-08-10,12:37:59;687,"4476","2.407244","7888","1","0","0","0","1"
Data,2026-08-10,12:37:59;697,"4487","2.407244","7888","1","0","0","0","1"
Data,2026-08-10,12:37:59;707,"4487","2.407244","7888","1","0","0","0","1"
Data,2026-08-10,12:37:59;717,"4498","2.407244","7888","1","0","0","0","1"
Data,2026-08-10,12:37:59;727,"4498","2.407244","7888","1","0","0","0","1"
Data,2026-08-10,12:37:59;737,"4508","2.407244","7888","1","0","0","0","1"
Data,2026-08-10,12:37:59;747,"4508","2.407244","7888","1","0","0","0","1"
Data,2026-08-10,12:37:59;757,"4518","2.407244","7888","1","0","0","0","1"
Data,2026-08-10,12:37:59;767,"4518","2.407244","7888","1","0","0","0","1"
Data,2026-08-10,12:37:59;777,"4526","2.407244","7888","1","0","0","0","1"
Data,2026-08-10,12:37:59;787,"4526","2.407244","7888","1","0","0","0","1"
Data,2026-08-10,12:37:59;797,"4535","2.407244","7888","1","0","0","0","1"
Data,2026-08-10,12:37:59;807,"4535","2.407244","7888","1","0","0","0","1"
Data,2026-08-10,12:37:59;817,"4543","2.407244","7888","1","0","0","0","1"
Data,2026-08-10,12:37:59;827,"4543","2.407244","7888","1","0","0","0","1"
Data,2026-08-10,12:37:59;837,"4552","2.407244","7888","1","0","0","0","1"
Data,2026-08-10,12:37:59;847,"4552","2.407244","7888","1","0","0","0","1"
Data,2026-08-10,12:37:59;857,"4560","2.407244","7888","1","0","0","0","1"
Data,2026-08-10,12:37:59;867,"4560","2.407244","7888","1","0","0","0","1"
Data,2026-08-10,12:37:59;877,"4569","2.407244","7888","1","0","0","0","1"
Data,2026-08-10,12:37:59;887,"4569","2.407244","7888","1","0","0","0","1"
Data,2026-08-10,12:37:59;897,"4578","2.407244","7888","1","0","0","0","1"
Data,2026-08-10,12:37:59;907,"4578","2.407244","7888","1","0","0","0","1"
Data,2026-08-10,12:37:59;917,"4586","2.407244","7888","1","0","0","0","1"
Data,2026-08-10,12:37:59;927,"4586","2.407244","7888","1","0","0","0","1"
Data,2026-08-10,12:37:59;937,"4596","2.407244","7888","1","0","0","0","1"
Data,2026-08-10,12:37:59;947,"4596","2.407244","7888","1","0","0","0","1"
Data,2026-08-10,12:37:59;957,"4607","2.407244","7888","1","0","0","0","1"
Data,2026-08-10,12:37:59;967,"4607","2.407244","7888","1","0","0","0","1"
Data,2026-08-10,12:37:59;977,"4618","2.407244","7888","1","0","0","0","1"
Data,2026-08-10,12:37:59;987,"4618","2.407244","7888","1","0","0","0","1"
Data,2026-08-10,12:37:59;997,"4628","2.407244","7888","1","0","0","0","1"
Data,2026-08-10,12:38:00;007,"4628","2.407244","7888","1","0","0","0","1"
Data,2026-08-10,12:38:00;017,"4637","2.407244","7888","1","0","0","0","1"
Data,2026-08-10,12:38:00;027,"4637","2.407244","7888","1","0","0","0","1"
Data,2026-08-10,12:38:00;037,"4647","2.407244","7888","1","0","0","0","1"
Data,2026-08-10,12:38:00;047,"4647","2.407244","7888","1","0","0","0","1"
Data,2026-08-10,12:38:00;057,"4656","2.407244","7888","1","0","0","0","1"
Data,2026-08-10,12:38:00;067,"4656","2.407244","7888","1","0","0","0","1"
Data,2026-08-10,12:38:00;077,"4665","2.407244","7888","1","0","0","0","1"
Data,2026-08-10,12:38:00;087,"4665","2.407244","7888","1","0","0","0","1"
Data,2026-08-10,12:38:00;097,"4674","2.407244","7888","1","0","0","0","1"
Data,2026-08-10,12:38:00;107,"4674","2.407244","7888","1","0","0","0","1"
Data,2026-08-10,12:38:00;117,"4683","2.407244","7888","1","0","0","0","1"
Data,2026-08-10,12:38:00;127,"4683","2.407244","7888","1","0","0","0","1"
Data,2026-08-10,12:38:00;137,"4692","2.407244","7888","1","0","0","0","1"
Data,2026-08-10,12:38:00;147,"4692","2.407244","7888","1","0","0","0","1"
Data,2026-08-10,12:38:00;157,"4702","2.407244","7888","1","0","0","0","1"
Data,2026-08-10,12:38:00;167,"4702","2.407244","7888","1","0","0","0","1"
Data,2026-08-10,12:38:00;177,"4712","2.407244","7888","1","0","0","0","1"
Data,2026-08-10,12:38:00;187,"4712","2.407244","7888","1","0","0","0","1"
Data,2026-08-10,12:38:00;197,"4722","2.407244","7888","1","0","0","0","1"
Data,2026-08-10,12:38:00;207,"4722","2.407244","7888","1","0","0","0","1"
Data,2026-08-10,12:38:00;217,"4732","2.407244","7888","1","0","0","0","1"
Data,2026-08-10,12:38:00;227,"4732","2.407244","7888","1","0","0","0","1"
Data,2026-08-10,12:38:00;237,"4741","2.407244","7888","1","0","0","0","1"
Data,2026-08-10,12:38:00;247,"4741","2.407244","7888","1","0","0","0","1"
Data,2026-08-10,12:38:00;257,"4750","2.407244","7888","1","0","0","0","1"
Data,2026-08-10,12:38:00;267,"4750","2.407244","7888","1","0","0","0","1"
Data,2026-08-10,12:38:00;277,"4759","2.407244","7888","1","0","0","0","1"
Data,2026-08-10,12:38:00;287,"4759","2.407244","7888","1","0","0","0","1"
Data,2026-08-10,12:38:00;297,"4759","2.407244","7888","1","0","0","0","1"
Data,2026-08-10,12:38:00;307,"4769","2.407244","7888","1","0","0","0","1"
Data,2026-08-10,12:38:00;317,"4769","2.407244","7888","1","0","0","0","1"
Data,2026-08-10,12:38:00;327,"4778","2.407244","7888","1","0","0","0","1"
Data,2026-08-10,12:38:00;337,"4778","2.407244","7888","1","0","0","0","1"
Data,2026-08-10,12:38:00;347,"4786","2.407244","7888","1","0","0","0","1"
Data,2026-08-10,12:38:00;357,"4786","2.407244","7888","1","0","0","0","1"
Data,2026-08-10,12:38:00;367,"4795","2.407244","7888","1","0","0","0","1"
Data,2026-08-10,12:38:00;377,"4795","2.407244","7888","1","0","0","0","1"
Data,2026-08-10,12:38:00;387,"4803","2.407244","7888","1","0","0","0","1"
Data,2026-08-10,12:38:00;397,"4803","2.407244","7888","1","0","0","0","1"
Data,2026-08-10,12:38:00;407,"4811","2.407244","7888","1","0","0","0","1"
Data,2026-08-10,12:38:00;417,"4811","2.407244","7888","1","0","0","0","1"
Data,2026-08-10,12:38:00;427,"4821","2.407244","7888","1","0","0","0","1"
Data,2026-08-10,12:38:00;437,"4821","2.407244","7888","1","0","0","0","1"
Data,2026-08-10,12:38:00;447,"4830","2.407244","7888","1","0","0","0","1"
Data,2026-08-10,12:38:00;457,"4830","2.407244","7888","1","0","0","0","1"
Data,2026-08-10,12:38:00;467,"4839","2.407244","7888","1","0","0","0","1"
Data,2026-08-10,12:38:00;477,"4839","2.407244","7888","1","0","0","0","1"
Data,2026-08-10,12:38:00;487,"4847","2.407244","7888","1","0","0","0","1"
Data,2026-08-10,12:38:00;497,"4847","2.407244","7888","1","0","0","0","1"
Data,2026-08-10,12:38:00;507,"4855","2.407244","7888","1","0","0","0","1"
Data,2026-08-10,12:38:00;517,"4855","2.407244","7888","1","0","0","0","1"
Data,2026-08-10,12:38:00;527,"4864","2.407244","7888","1","0","0","0","1"
Data,2026-08-10,12:38:00;537,"4864","2.407244","7888","1","0","0","0","1"
Data,2026-08-10,12:38:00;547,"4872","2.407244","7888","1","0","0","0","1"
Data,2026-08-10,12:38:00;557,"4872","2.407244","7888","1","0","0","0","1"
Data,2026-08-10,12:38:00;567,"4882","2.407244","7888","1","0","0","0","1"
Data,2026-08-10,12:38:00;577,"4882","2.407244","7888","1","0","0","0","1"
Data,2026-08-10,12:38:00;587,"4891","2.407244","7888","1","0","0","0","1"
Data,2026-08-10,12:38:00;597,"4891","2.407244","7888","1","0","0","0","1"
Data,2026-08-10,12:38:00;607,"4899","2.407244","7888","1","0","0","0","1"
Data,2026-08-10,12:38:00;617,"4899","2.407244","7888","1","0","0","0","1"
Data,2026-08-10,12:38:00;627,"4909","2.407244","7888","1","0","0","0","1"
Data,2026-08-10,12:38:00;637,"4909","2.407244","7888","1","0","0","0","1"
Data,2026-08-10,12:38:00;647,"4917","2.407244","7888","1","0","0","0","1"
Data,2026-08-10,12:38:00;657,"4917","2.407244","7888","1","0","0","0","1"
Data,2026-08-10,12:38:00;667,"4926","2.407244","7888","1","0","0","0","1"
Data,2026-08-10,12:38:00;677,"4926","2.407244","7888","1","0","0","0","1"
Data,2026-08-10,12:38:00;687,"4935","2.407244","7888","1","0","0","0","1"
Data,2026-08-10,12:38:00;697,"4935","2.407244","7888","1","0","0","0","1"
Data,2026-08-10,12:38:00;707,"4945","2.407244","7888","1","0","0","0","1"
Data,2026-08-10,12:38:00;717,"4945","2.407244","7888","0","0","0","0","1"
Data,2026-08-10,12:38:00;727,"4956","2.407244","7888","0","0","0","0","1"
Data,2026-08-10,12:38:00;737,"4956","2.407244","7888","0","0","0","0","1"
Data,2026-08-10,12:38:00;747,"4965","0.000000","0","0","0","0","0","0"
Data,2026-08-10,12:38:00;757,"4965","0.000000","0","0","0","0","0","0"
Data,2026-08-10,12:38:00;767,"4975","0.000000","0","0","0","0","0","0"
Data,2026-08-10,12:38:00;777,"4975","0.000000","0","0","0","0","0","0"
Data,2026-08-10,12:38:00;787,"4985","0.000000","0","0","0","0","0","0"
Data,2026-08-10,12:38:00;797,"4985","0.000000","0","0","0","0","0","0"
Data,2026-08-10,12:38:00;807,"4990","0.000000","0","0","0","0","0","0"
Data,2026-08-10,12:38:00;817,"4990","0.000000","0","0","0","0","0","0"
Data,2026-08-10,12:38:00;827,"4996","0.000000","0","0","0","0","0","0"
Data,2026-08-10,12:38:00;837,"4996","0.000000","0","0","0","0","0","0"
Data,2026-08-10,12:38:00;847,"4999","0.000000","0","0","0","0","0","0"
Data,2026-08-10,12:38:00;857,"4999","0.000000","0","0","0","0","0","0"
Data,2026-08-10,12:38:00;867,"5001","0.000000","0","0","0","0","0","0"
Data,2026-08-10,12:38:00;877,"5001","0.000000","0","0","0","0","0","0"
Data,2026-08-10,12:38:00;887,"5001","0.000000","0","0","0","0","0","0"
Data,2026-08-10,12:38:00;897,"5001","0.000000","0","0","0","0","0","0"
Data,2026-08-10,12:38:00;907,"5001","0.000000","0","0","0","0","0","0"
Data,2026-08-10,12:38:00;917,"5001","0.000000","0","0","0","0","0","0"
Data,2026-08-10,12:38:00;927,"5002","0.000000","0","0","0","0","0","0"
Data,2026-08-10,12:38:00;937,"5002","0.000000","0","0","0","0","0","0"
Data,2026-08-10,12:38:00;947,"5002","0.000000","0","0","0","0","0","0"
Data,2026-08-10,12:38:00;957,"5002","0.000000","0","0","0","0","0","0"
Data,2026-08-10,12:38:00;967,"5002","0.000000","0","0","0","0","0","0"
Data,2026-08-10,12:38:00;977,"5002","0.000000","0","0","0","0","0","0"
Data,2026-08-10,12:38:00;987,"5002","0.000000","0","0","0","0","0","0"
Data,2026-08-10,12:38:00;997,"5002","0.000000","0","0","0","0","0","0"
Data,2026-08-10,12:38:01;007,"5002","0.000000","0","0","0","0","0","0"
Data,2026-08-10,12:38:01;017,"5002","0.000000","0","0","0","0","0","0"
Data,2026-08-10,12:38:01;027,"5002","0.000000","0","0","0","0","0","0"
Data,2026-08-10,12:38:01;037,"5002","0.000000","0","0","0","0","0","0"
Data,2026-08-10,12:38:01;047,"5002","0.000000","0","0","0","0","0","0"
Data,2026-08-10,12:38:01;057,"5002","0.000000","0","0","0","0","0","0"
Data,2026-08-10,12:38:01;067,"5002","0.000000","0","0","0","0","0","0"
Data,2026-08-10,12:38:01;077,"5002","0.000000","0","0","0","0","0","0"
Data,2026-08-10,12:38:01;087,"5002","0.000000","0","0","0","0","0","0"
Data,2026-08-10,12:38:01;097,"5002","0.000000","0","0","0","0","0","0"
Data,2026-08-10,12:38:01;107,"5002","0.000000","0","0","0","0","0","0"
Data,2026-08-10,12:38:01;117,"5002","0.000000","0","0","0","0","0","0"
Data,2026-08-10,12:38:01;127,"5002","0.000000","0","0","0","0","0","0"
Data,2026-08-10,12:38:01;137,"5002","0.000000","0","0","0","0","0","0"
Data,2026-08-10,12:38:01;147,"5002","0.000000","0","0","0","0","0","0"
Data,2026-08-10,12:38:01;157,"5002","0.000000","0","0","0","0","0","0"
Data,2026-08-10,12:38:01;167,"5002","0.000000","0","0","0","0","0","0"
Data,2026-08-10,12:38:01;177,"5002","0.000000","0","0","0","0","0","0"
Data,2026-08-10,12:38:01;187,"5002","0.000000","0","0","0","0","0","0"
Data,2026-08-10,12:38:01;197,"5002","0.000000","0","0","0","0","0","0"
Data,2026-08-10,12:38:01;207,"5002","0.000000","0","0","0","0","0","0"
Data,2026-08-10,12:38:01;217,"5002","0.000000","0","0","0","0","0","0"
Data,2026-08-10,12:38:01;227,"5002","0.000000","0","0","0","0","0","0"
Data,2026-08-10,12:38:01;237,"5002","0.000000","0","0","0","0","0","0"
Data,2026-08-10,12:38:01;247,"5002","0.000000","0","0","0","0","0","0"
Data,2026-08-10,12:38:01;257,"5002","0.000000","0","0","0","0","0","0"
Data,2026-08-10,12:38:01;267,"5002","0.000000","0","0","0","0","0","0"
Data,2026-08-10,12:38:01;277,"5002","0.000000","0","0","0","0","0","0"
Data,2026-08-10,12:38:01;287,"5002","0.000000","0","0","0","0","0","0"
Data,2026-08-10,12:38:01;297,"5002","0.000000","0","0","0","0","0","0"
Data,2026-08-10,12:38:01;307,"5002","0.000000","0","0","0","0","0","0"
Data,2026-08-10,12:38:01;317,"5002","0.000000","0","0","0","0","0","0"
Data,2026-08-10,12:38:01;327,"5002","0.000000","0","0","0","0","0","0"
Data,2026-08-10,12:38:01;337,"5002","0.000000","0","0","0","0","0","0"
Data,2026-08-10,12:38:01;347,"5002","0.000000","0","0","0","0","0","0"
Data,2026-08-10,12:38:01;357,"5002","0.000000","0","0","0","0","0","0"
Data,2026-08-10,12:38:01;367,"5002","0.000000","0","0","0","0","0","0"
Data,2026-08-10,12:38:01;377,"5002","0.000000","0","0","0","0","0","0"
Data,2026-08-10,12:38:01;387,"5002","0.000000","0","0","0","0","0","0"
Data,2026-08-10,12:38:01;397,"5002","0.000000","0","0","0","0","0","0"
Data,2026-08-10,12:38:01;407,"5002","0.000000","0","0","0","0","0","0"
Data,2026-08-10,12:38:01;417,"5002","0.000000","0","0","0","0","0","0"
Data,2026-08-10,12:38:01;427,"5002","0.000000","0","0","0","0","0","0"
Data,2026-08-10,12:38:01;437,"5002","0.000000","0","0","0","0","0","0"
Data,2026-08-10,12:38:01;447,"5002","0.000000","0","0","0","0","0","0"
Data,2026-08-10,12:38:01;457,"5002","0.000000","0","0","0","0","0","0"
Data,2026-08-10,12:38:01;467,"5002","0.000000","0","0","0","0","0","0"
Data,2026-08-10,12:38:01;477,"5002","0.000000","0","0","0","0","0","0"
Data,2026-08-10,12:38:01;487,"5002","0.000000","0","0","0","0","0","0"
Data,2026-08-10,12:38:01;497,"5002","0.000000","0","0","0","0","0","0"
Data,2026-08-10,12:38:01;507,"5002","0.000000","0","0","0","0","0","0"
Data,2026-08-10,12:38:01;517,"5002","0.000000","0","0","0","0","0","0"
Data,2026-08-10,12:38:01;527,"5002","0.000000","0","0","0","0","0","0"
Data,2026-08-10,12:38:01;537,"5002","0.000000","0","0","0","0","0","0"
Data,2026-08-10,12:38:01;547,"5002","0.000000","0","0","0","0","0","0"
Data,2026-08-10,12:38:01;557,"5002","0.000000","0","0","0","0","0","0"
Data,2026-08-10,12:38:01;567,"5002","0.000000","0","0","0","0","0","0"
Data,2026-08-10,12:38:01;577,"5002","0.000000","0","0","0","0","0","0"
Data,2026-08-10,12:38:01;587,"5002","0.000000","0","0","0","0","0","0"
Data,2026-08-10,12:38:01;597,"5002","0.000000","0","0","0","0","0","0"
Data,2026-08-10,12:38:01;607,"5002","0.000000","0","0","0","0","0","0"
Data,2026-08-10,12:38:01;617,"5002","0.000000","0","0","0","0","0","0"
Data,2026-08-10,12:38:01;627,"5002","0.000000","0","0","0","0","0","0"
Data,2026-08-10,12:38:01;637,"5002","0.000000","0","0","0","0","0","0"
Data,2026-08-10,12:38:01;647,"5002","0.000000","0","0","0","0","0","0"
Data,2026-08-10,12:38:01;657,"5002","0.000000","0","0","0","0","0","0"
Data,2026-08-10,12:38:01;667,"5002","0.000000","0","0","0","0","0","0"
Data,2026-08-10,12:38:01;677,"5002","0.000000","0","0","0","0","0","0"
Data,2026-08-10,12:38:01;687,"5002","0.000000","0","0","0","0","0","0"
Data,2026-08-10,12:38:01;697,"5002","0.000000","0","0","0","0","0","0"
Data,2026-08-10,12:38:01;707,"5002","0.000000","0","0","0","0","0","0"
Data,2026-08-10,12:38:01;717,"5002","0.000000","0","0","0","0","0","0"
Data,2026-08-10,12:38:01;727,"5002","0.000000","0","0","0","0","0","0"
Data,2026-08-10,12:38:01;737,"5002","0.000000","0","0","0","0","0","0"
Data,2026-08-10,12:38:01;747,"5002","0.000000","0","0","0","0","0","0"
Data,2026-08-10,12:38:01;757,"5002","0.000000","0","0","0","0","0","0"
Data,2026-08-10,12:38:01;767,"0","0.000000","0","0","0","0","0","0"
Data,2026-08-10,12:38:01;777,"0","0.000000","0","0","0","0","0","0"
Data,2026-08-10,12:38:01;787,"0","0.000000","0","0","0","0","0","0"
Data,2026-08-10,12:38:01;797,"0","3.000000","9830","0","1","0","0","0"
Data,2026-08-10,12:38:01;807,"0","3.000000","9830","0","1","0","0","0"
Data,2026-08-10,12:38:01;817,"0","3.000000","9830","0","1","0","0","0"
Data,2026-08-10,12:38:01;827,"0","3.000000","9830","0","1","0","0","0"
Data,2026-08-10,12:38:01;837,"0","3.000000","9830","0","1","0","0","0"
Data,2026-08-10,12:38:01;847,"0","3.000000","9830","0","1","0","0","0"
Data,2026-08-10,12:38:01;857,"0","3.000000","9830","0","1","0","0","0"
Data,2026-08-10,12:38:01;867,"21","3.000000","9830","0","1","0","0","0"
Data,2026-08-10,12:38:01;877,"21","3.006300","9851","0","1","0","0","0"
Data,2026-08-10,12:38:01;887,"52","3.006300","9851","0","1","0","0","0"
Data,2026-08-10,12:38:01;897,"52","3.006300","9851","0","1","0","0","0"
Data,2026-08-10,12:38:01;907,"93","3.015600","9881","1","1","0","0","0"
Data,2026-08-10,12:38:01;917,"93","3.027900","9922","1","1","0","0","0"
Data,2026-08-10,12:38:01;927,"147","3.027900","9922","1","1","0","0","0"
Data,2026-08-10,12:38:01;937,"147","3.044100","9975","1","1","0","0","0"
Data,2026-08-10,12:38:01;947,"200","3.044100","9975","1","1","0","0","0"
Data,2026-08-10,12:38:01;957,"200","3.060000","10027","1","1","0","0","0"
Data,2026-08-10,12:38:01;967,"241","3.060000","10027","1","1","0","0","0"
Data,2026-08-10,12:38:01;977,"241","3.072300","10067","1","1","0","0","0"
Data,2026-08-10,12:38:01;987,"283","3.072300","10067","1","1","0","0","0"
Data,2026-08-10,12:38:01;997,"283","3.084900","10108","1","1","0","0","0"
Data,2026-08-10,12:38:02;007,"323","3.084900","10108","1","1","0","0","0"
Data,2026-08-10,12:38:02;017,"323","3.084900","10108","1","1","0","0","0"
Data,2026-08-10,12:38:02;027,"369","3.096900","10148","1","1","0","0","0"
Data,2026-08-10,12:38:02;037,"369","3.110700","10193","1","1","0","0","0"
Data,2026-08-10,12:38:02;047,"417","3.110700","10193","1","1","0","0","0"
Data,2026-08-10,12:38:02;057,"417","3.125100","10240","1","1","0","0","0"
Data,2026-08-10,12:38:02;067,"463","3.125100","10240","1","1","0","0","0"
Data,2026-08-10,12:38:02;077,"463","3.125100","10240","1","1","0","0","0"
Data,2026-08-10,12:38:02;087,"515","3.138900","10285","1","1","0","0","0"
Data,2026-08-10,12:38:02;097,"515","3.138900","10285","1","0","1","0","0"
Data,2026-08-10,12:38:02;107,"561","3.138900","10285","1","0","1","0","0"
Data,2026-08-10,12:38:02;117,"561","3.138900","10285","1","0","1","0","0"
Data,2026-08-10,12:38:02;127,"611","3.138900","10285","1","0","1","0","0"
Data,2026-08-10,12:38:02;137,"611","3.138900","10285","1","0","1","0","0"
Data,2026-08-10,12:38:02;147,"658","3.138900","10285","1","0","1","0","0"
Data,2026-08-10,12:38:02;157,"658","3.138900","10285","1","0","1","0","0"
Data,2026-08-10,12:38:02;167,"706","3.138900","10285","1","0","1","0","0"
Data,2026-08-10,12:38:02;177,"706","3.138900","10285","1","0","1","0","0"
Data,2026-08-10,12:38:02;187,"756","3.138900","10285","1","0","1","0","0"
Data,2026-08-10,12:38:02;197,"756","3.138900","10285","1","0","1","0","0"
Data,2026-08-10,12:38:02;207,"811","3.138900","10285","1","0","1","0","0"
Data,2026-08-10,12:38:02;217,"811","3.138900","10285","1","0","1","0","0"
Data,2026-08-10,12:38:02;227,"860","3.138900","10285","1","0","1","0","0"
Data,2026-08-10,12:38:02;237,"860","3.138900","10285","1","0","1","0","0"
Data,2026-08-10,12:38:02;247,"911","3.138900","10285","1","0","1","0","0"
Data,2026-08-10,12:38:02;257,"911","3.138900","10285","1","0","1","0","0"
Data,2026-08-10,12:38:02;267,"965","3.138900","10285","1","0","1","0","0"
Data,2026-08-10,12:38:02;277,"965","3.138900","10285","1","0","1","0","0"
Data,2026-08-10,12:38:02;287,"1015","3.138900","10285","1","0","1","0","0"
Data,2026-08-10,12:38:02;297,"1015","3.138900","10285","1","0","1","0","0"
Data,2026-08-10,12:38:02;307,"1065","3.138900","10285","1","0","1","0","0"
Data,2026-08-10,12:38:02;317,"1065","3.138900","10285","1","0","1","0","0"
Data,2026-08-10,12:38:02;327,"1118","3.138900","10285","1","0","1","0","0"
Data,2026-08-10,12:38:02;337,"1118","3.138900","10285","1","0","1","0","0"
Data,2026-08-10,12:38:02;347,"1167","3.138900","10285","1","0","1","0","0"
Data,2026-08-10,12:38:02;357,"1167","3.138900","10285","1","0","1","0","0"
Data,2026-08-10,12:38:02;367,"1217","3.138900","10285","1","0","1","0","0"
Data,2026-08-10,12:38:02;377,"1217","3.138900","10285","1","0","1","0","0"
Data,2026-08-10,12:38:02;387,"1268","3.138900","10285","1","0","1","0","0"
Data,2026-08-10,12:38:02;397,"1268","3.138900","10285","1","0","1","0","0"
Data,2026-08-10,12:38:02;407,"1322","3.138900","10285","1","0","1","0","0"
Data,2026-08-10,12:38:02;417,"1322","3.138900","10285","1","0","1","0","0"
Data,2026-08-10,12:38:02;427,"1372","3.138900","10285","1","0","1","0","0"
Data,2026-08-10,12:38:02;437,"1372","3.138900","10285","1","0","1","0","0"
Data,2026-08-10,12:38:02;447,"1420","3.138900","10285","1","0","1","0","0"
Data,2026-08-10,12:38:02;457,"1420","3.138900","10285","1","0","1","0","0"
Data,2026-08-10,12:38:02;467,"1471","3.138900","10285","1","0","1","0","0"
Data,2026-08-10,12:38:02;477,"1471","3.138900","10285","1","0","1","0","0"
Data,2026-08-10,12:38:02;487,"1518","3.138900","10285","1","0","1","0","0"
Data,2026-08-10,12:38:02;497,"1518","3.138900","10285","1","0","1","0","0"
Data,2026-08-10,12:38:02;507,"1561","3.138900","10285","1","0","1","0","0"
Data,2026-08-10,12:38:02;517,"1561","3.138900","10285","1","0","1","0","0"
Data,2026-08-10,12:38:02;527,"1610","3.138900","10285","1","0","1","0","0"
Data,2026-08-10,12:38:02;537,"1610","3.138900","10285","1","0","1","0","0"
Data,2026-08-10,12:38:02;547,"1655","3.138900","10285","1","0","1","0","0"
Data,2026-08-10,12:38:02;557,"1655","3.138900","10285","1","0","1","0","0"
Data,2026-08-10,12:38:02;567,"1704","3.138900","10285","1","0","1","0","0"
Data,2026-08-10,12:38:02;577,"1704","3.138900","10285","1","0","1","0","0"
Data,2026-08-10,12:38:02;587,"1758","3.138900","10285","1","0","1","0","0"
Data,2026-08-10,12:38:02;597,"1758","3.138900","10285","1","0","1","0","0"
Data,2026-08-10,12:38:02;607,"1808","3.138900","10285","1","0","1","0","0"
Data,2026-08-10,12:38:02;617,"1808","3.138900","10285","1","0","1","0","0"
Data,2026-08-10,12:38:02;627,"1857","3.138900","10285","1","0","1","0","0"
Data,2026-08-10,12:38:02;637,"1857","3.138900","10285","1","0","1","0","0"
Data,2026-08-10,12:38:02;647,"1910","3.138900","10285","1","0","1","0","0"
Data,2026-08-10,12:38:02;657,"1910","3.138900","10285","1","0","1","0","0"
Data,2026-08-10,12:38:02;667,"1960","3.138900","10285","1","0","1","0","0"
Data,2026-08-10,12:38:02;677,"1960","3.138900","10285","1","0","1","0","0"
Data,2026-08-10,12:38:02;687,"2008","3.138900","10285","1","0","1","0","0"
Data,2026-08-10,12:38:02;697,"2008","3.138900","10285","1","0","1","0","0"
Data,2026-08-10,12:38:02;707,"2057","3.138900","10285","1","0","1","0","0"
Data,2026-08-10,12:38:02;717,"2057","3.138900","10285","1","0","1","0","0"
Data,2026-08-10,12:38:02;727,"2109","3.138900","10285","1","0","1","0","0"
Data,2026-08-10,12:38:02;737,"2109","3.138900","10285","1","0","1","0","0"
Data,2026-08-10,12:38:02;747,"2157","3.138900","10285","1","0","1","0","0"
Data,2026-08-10,12:38:02;757,"2157","3.138900","10285","1","0","1","0","0"
Data,2026-08-10,12:38:02;767,"2207","3.138900","10285","1","0","1","0","0"
Data,2026-08-10,12:38:02;777,"2207","3.138900","10285","1","0","1","0","0"
Data,2026-08-10,12:38:02;787,"2259","3.138900","10285","1","0","1","0","0"
Data,2026-08-10,12:38:02;797,"2259","3.138900","10285","1","0","1","0","0"
Data,2026-08-10,12:38:02;807,"2308","3.138900","10285","1","0","1","0","0"
Data,2026-08-10,12:38:02;817,"2308","3.138900","10285","1","0","1","0","0"
Data,2026-08-10,12:38:02;827,"2358","3.138900","10285","1","0","1","0","0"
Data,2026-08-10,12:38:02;837,"2358","3.138900","10285","1","0","1","0","0"
Data,2026-08-10,12:38:02;847,"2408","3.138900","10285","1","0","1","0","0"
Data,2026-08-10,12:38:02;857,"2408","3.138900","10285","1","0","1","0","0"
Data,2026-08-10,12:38:02;867,"2463","3.138900","10285","1","0","1","0","0"
Data,2026-08-10,12:38:02;877,"2463","3.138900","10285","1","0","1","0","0"
Data,2026-08-10,12:38:02;887,"2512","3.138900","10285","1","0","1","0","0"
Data,2026-08-10,12:38:02;897,"2512","3.138900","10285","1","0","1","0","0"
Data,2026-08-10,12:38:02;907,"2561","3.138900","10285","1","0","1","0","0"
Data,2026-08-10,12:38:02;917,"2561","3.138900","10285","1","0","1","0","0"
Data,2026-08-10,12:38:02;927,"2613","3.138900","10285","1","0","1","0","0"
Data,2026-08-10,12:38:02;937,"2613","3.138900","10285","1","0","1","0","0"
Data,2026-08-10,12:38:02;947,"2661","3.138900","10285","1","0","1","0","0"
Data,2026-08-10,12:38:02;957,"2661","3.138900","10285","1","0","1","0","0"
Data,2026-08-10,12:38:02;967,"2708","3.138900","10285","1","0","1","0","0"
Data,2026-08-10,12:38:02;977,"2708","3.138900","10285","1","0","1","0","0"
Data,2026-08-10,12:38:02;987,"2760","3.138900","10285","1","0","1","0","0"
Data,2026-08-10,12:38:02;997,"2760","3.138900","10285","1","0","1","0","0"
Data,2026-08-10,12:38:03;007,"2810","3.138900","10285","1","0","1","0","0"
Data,2026-08-10,12:38:03;017,"2810","3.138900","10285","1","0","1","0","0"
Data,2026-08-10,12:38:03;027,"2859","3.138900","10285","1","0","1","0","0"
Data,2026-08-10,12:38:03;037,"2859","3.138900","10285","1","0","1","0","0"
Data,2026-08-10,12:38:03;047,"2908","3.138900","10285","1","0","1","0","0"
Data,2026-08-10,12:38:03;057,"2908","3.138900","10285","1","0","1","0","0"
Data,2026-08-10,12:38:03;067,"2958","3.138900","10285","1","0","1","0","0"
Data,2026-08-10,12:38:03;077,"2958","3.138900","10285","1","0","1","0","0"
Data,2026-08-10,12:38:03;087,"3009","3.138900","10285","1","0","1","0","0"
Data,2026-08-10,12:38:03;097,"3009","3.138900","10285","1","0","1","0","0"
Data,2026-08-10,12:38:03;107,"3057","3.138900","10285","1","0","1","0","0"
Data,2026-08-10,12:38:03;117,"3057","3.138900","10285","1","0","1","0","0"
Data,2026-08-10,12:38:03;127,"3105","3.138900","10285","1","0","1","0","0"
Data,2026-08-10,12:38:03;137,"3105","3.138900","10285","1","0","1","0","0"
Data,2026-08-10,12:38:03;147,"3105","3.138900","10285","1","0","1","0","0"
Data,2026-08-10,12:38:03;157,"3157","3.138900","10285","1","0","1","0","0"
Data,2026-08-10,12:38:03;167,"3157","3.138900","10285","1","0","1","0","0"
Data,2026-08-10,12:38:03;177,"3207","3.138900","10285","1","0","1","0","0"
Data,2026-08-10,12:38:03;187,"3207","3.138900","10285","1","0","1","0","0"
Data,2026-08-10,12:38:03;197,"3255","3.138900","10285","1","0","1","0","0"
Data,2026-08-10,12:38:03;207,"3304","3.138900","10285","1","0","1","0","0"
Data,2026-08-10,12:38:03;217,"3304","3.138900","10285","1","0","1","0","0"
Data,2026-08-10,12:38:03;227,"3304","3.138900","10285","1","0","1","0","0"
Data,2026-08-10,12:38:03;237,"3355","3.138900","10285","1","0","1","0","0"
Data,2026-08-10,12:38:03;247,"3355","3.138900","10285","1","0","1","0","0"
Data,2026-08-10,12:38:03;257,"3404","3.138900","10285","1","0","1","0","0"
Data,2026-08-10,12:38:03;267,"3404","3.138900","10285","1","0","1","0","0"
Data,2026-08-10,12:38:03;277,"3452","3.138900","10285","1","0","1","0","0"
Data,2026-08-10,12:38:03;287,"3452","3.138900","10285","1","0","1","0","0"
Data,2026-08-10,12:38:03;297,"3501","3.138900","10285","1","0","1","0","0"
Data,2026-08-10,12:38:03;307,"3552","3.138900","10285","1","0","1","0","0"
Data,2026-08-10,12:38:03;317,"3552","3.138900","10285","1","0","1","0","0"
Data,2026-08-10,12:38:03;327,"3552","3.138900","10285","1","0","1","0","0"
Data,2026-08-10,12:38:03;337,"3601","3.138900","10285","1","0","1","0","0"
Data,2026-08-10,12:38:03;347,"3601","3.138900","10285","1","0","1","0","0"
Data,2026-08-10,12:38:03;357,"3649","3.138900","10285","1","0","1","0","0"
Data,2026-08-10,12:38:03;367,"3649","3.138900","10285","1","0","1","0","0"
Data,2026-08-10,12:38:03;377,"3702","3.138900","10285","1","0","1","0","0"
Data,2026-08-10,12:38:03;387,"3702","3.138900","10285","1","0","1","0","0"
Data,2026-08-10,12:38:03;397,"3752","3.138900","10285","1","0","1","0","0"
Data,2026-08-10,12:38:03;407,"3752","3.138900","10285","1","0","1","0","0"
Data,2026-08-10,12:38:03;417,"3798","3.138900","10285","1","0","1","0","0"
Data,2026-08-10,12:38:03;427,"3798","3.138900","10285","1","0","1","0","0"
Data,2026-08-10,12:38:03;437,"3847","3.138900","10285","1","0","1","0","0"
Data,2026-08-10,12:38:03;447,"3847","3.138900","10285","1","0","1","0","0"
Data,2026-08-10,12:38:03;457,"3896","3.138900","10285","1","0","1","0","0"
Data,2026-08-10,12:38:03;467,"3896","3.138900","10285","1","0","1","0","0"
Data,2026-08-10,12:38:03;477,"3944","3.138900","10285","1","0","1","0","0"
Data,2026-08-10,12:38:03;487,"3944","3.138900","10285","1","0","1","0","0"
Data,2026-08-10,12:38:03;497,"3993","3.095084","10142","1","0","0","1","0"
Data,2026-08-10,12:38:03;507,"3993","3.009541","9861","1","0","0","1","0"
Data,2026-08-10,12:38:03;517,"4045","3.009541","9861","1","0","0","1","0"
Data,2026-08-10,12:38:03;527,"4045","2.918760","9564","1","0","0","1","0"
Data,2026-08-10,12:38:03;537,"4093","2.834962","9289","1","0","0","1","0"
Data,2026-08-10,12:38:03;547,"4093","2.834962","9289","1","0","0","1","0"
Data,2026-08-10,12:38:03;557,"4139","2.834962","9289","1","0","0","1","0"
Data,2026-08-10,12:38:03;567,"4139","2.754656","9026","1","0","0","1","0"
Data,2026-08-10,12:38:03;577,"4186","2.754656","9026","1","0","0","1","0"
Data,2026-08-10,12:38:03;587,"4186","2.672604","8757","1","0","0","1","0"
Data,2026-08-10,12:38:03;597,"4233","2.590551","8488","1","0","0","1","0"
Data,2026-08-10,12:38:03;607,"4233","2.590551","8488","1","0","0","1","0"
Data,2026-08-10,12:38:03;617,"4271","2.590551","8488","1","0","0","1","0"
Data,2026-08-10,12:38:03;627,"4271","2.524211","8271","1","0","0","1","0"
Data,2026-08-10,12:38:03;637,"4301","2.524211","8271","1","0","0","1","0"
Data,2026-08-10,12:38:03;647,"4301","2.471838","8099","1","0","0","1","0"
Data,2026-08-10,12:38:03;657,"4330","2.421210","7934","1","0","0","1","0"
Data,2026-08-10,12:38:03;667,"4330","2.421210","7934","1","0","0","1","0"
Data,2026-08-10,12:38:03;677,"4346","2.421210","7934","1","0","0","0","1"
Data,2026-08-10,12:38:03;687,"4346","2.421210","7934","1","0","0","0","1"
Data,2026-08-10,12:38:03;697,"4362","2.421210","7934","1","0","0","0","1"
Data,2026-08-10,12:38:03;707,"4362","2.421210","7934","1","0","0","0","1"
Data,2026-08-10,12:38:03;717,"4376","2.421210","7934","1","0","0","0","1"
Data,2026-08-10,12:38:03;727,"4376","2.421210","7934","1","0","0","0","1"
Data,2026-08-10,12:38:03;737,"4384","2.421210","7934","1","0","0","0","1"
Data,2026-08-10,12:38:03;747,"4384","2.421210","7934","1","0","0","0","1"
Data,2026-08-10,12:38:03;757,"4388","2.421210","7934","1","0","0","0","1"
Data,2026-08-10,12:38:03;767,"4388","2.421210","7934","1","0","0","0","1"
Data,2026-08-10,12:38:03;777,"4395","2.421210","7934","1","0","0","0","1"
Data,2026-08-10,12:38:03;787,"4395","2.421210","7934","1","0","0","0","1"
Data,2026-08-10,12:38:03;797,"4406","2.421210","7934","1","0","0","0","1"
Data,2026-08-10,12:38:03;807,"4406","2.421210","7934","1","0","0","0","1"
Data,2026-08-10,12:38:03;817,"4419","2.421210","7934","1","0","0","0","1"
Data,2026-08-10,12:38:03;827,"4419","2.421210","7934","1","0","0","0","1"
Data,2026-08-10,12:38:03;837,"4428","2.421210","7934","1","0","0","0","1"
Data,2026-08-10,12:38:03;847,"4428","2.421210","7934","1","0","0","0","1"
Data,2026-08-10,12:38:03;857,"4434","2.421210","7934","1","0","0","0","1"
Data,2026-08-10,12:38:03;867,"4434","2.421210","7934","1","0","0","0","1"
Data,2026-08-10,12:38:03;877,"4441","2.421210","7934","1","0","0","0","1"
Data,2026-08-10,12:38:03;887,"4441","2.421210","7934","1","0","0","0","1"
Data,2026-08-10,12:38:03;897,"4451","2.421210","7934","1","0","0","0","1"
Data,2026-08-10,12:38:03;907,"4451","2.421210","7934","1","0","0","0","1"
Data,2026-08-10,12:38:03;917,"4456","2.421210","7934","1","0","0","0","1"
Data,2026-08-10,12:38:03;927,"4456","2.421210","7934","1","0","0","0","1"
Data,2026-08-10,12:38:03;937,"4461","2.421210","7934","1","0","0","0","1"
Data,2026-08-10,12:38:03;947,"4461","2.421210","7934","1","0","0","0","1"
Data,2026-08-10,12:38:03;957,"4467","2.421210","7934","1","0","0","0","1"
Data,2026-08-10,12:38:03;967,"4467","2.421210","7934","1","0","0","0","1"
Data,2026-08-10,12:38:03;977,"4474","2.421210","7934","1","0","0","0","1"
Data,2026-08-10,12:38:03;987,"4474","2.421210","7934","1","0","0","0","1"
Data,2026-08-10,12:38:03;997,"4483","2.421210","7934","1","0","0","0","1"
Data,2026-08-10,12:38:04;007,"4483","2.421210","7934","1","0","0","0","1"
Data,2026-08-10,12:38:04;017,"4493","2.421210","7934","1","0","0","0","1"
Data,2026-08-10,12:38:04;027,"4493","2.421210","7934","1","0","0","0","1"
Data,2026-08-10,12:38:04;037,"4505","2.421210","7934","1","0","0","0","1"
Data,2026-08-10,12:38:04;047,"4505","2.421210","7934","1","0","0","0","1"
Data,2026-08-10,12:38:04;057,"4515","2.421210","7934","1","0","0","0","1"
Data,2026-08-10,12:38:04;067,"4515","2.421210","7934","1","0","0","0","1"
Data,2026-08-10,12:38:04;077,"4524","2.421210","7934","1","0","0","0","1"
Data,2026-08-10,12:38:04;087,"4524","2.421210","7934","1","0","0","0","1"
Data,2026-08-10,12:38:04;097,"4533","2.421210","7934","1","0","0","0","1"
Data,2026-08-10,12:38:04;107,"4533","2.421210","7934","1","0","0","0","1"
Data,2026-08-10,12:38:04;117,"4541","2.421210","7934","1","0","0","0","1"
Data,2026-08-10,12:38:04;127,"4541","2.421210","7934","1","0","0","0","1"
Data,2026-08-10,12:38:04;137,"4549","2.421210","7934","1","0","0","0","1"
Data,2026-08-10,12:38:04;147,"4549","2.421210","7934","1","0","0","0","1"
Data,2026-08-10,12:38:04;157,"4558","2.421210","7934","1","0","0","0","1"
Data,2026-08-10,12:38:04;167,"4558","2.421210","7934","1","0","0","0","1"
Data,2026-08-10,12:38:04;177,"4567","2.421210","7934","1","0","0","0","1"
Data,2026-08-10,12:38:04;187,"4567","2.421210","7934","1","0","0","0","1"
Data,2026-08-10,12:38:04;197,"4575","2.421210","7934","1","0","0","0","1"
Data,2026-08-10,12:38:04;207,"4575","2.421210","7934","1","0","0","0","1"
Data,2026-08-10,12:38:04;217,"4584","2.421210","7934","1","0","0","0","1"
Data,2026-08-10,12:38:04;227,"4584","2.421210","7934","1","0","0","0","1"
Data,2026-08-10,12:38:04;237,"4592","2.421210","7934","1","0","0","0","1"
Data,2026-08-10,12:38:04;247,"4592","2.421210","7934","1","0","0","0","1"
Data,2026-08-10,12:38:04;257,"4602","2.421210","7934","1","0","0","0","1"
Data,2026-08-10,12:38:04;267,"4602","2.421210","7934","1","0","0","0","1"
Data,2026-08-10,12:38:04;277,"4611","2.421210","7934","1","0","0","0","1"
Data,2026-08-10,12:38:04;287,"4611","2.421210","7934","1","0","0","0","1"
Data,2026-08-10,12:38:04;297,"4622","2.421210","7934","1","0","0","0","1"
Data,2026-08-10,12:38:04;307,"4622","2.421210","7934","1","0","0","0","1"
Data,2026-08-10,12:38:04;317,"4632","2.421210","7934","1","0","0","0","1"
Data,2026-08-10,12:38:04;327,"4632","2.421210","7934","1","0","0","0","1"
Data,2026-08-10,12:38:04;337,"4641","2.421210","7934","1","0","0","0","1"
Data,2026-08-10,12:38:04;347,"4641","2.421210","7934","1","0","0","0","1"
Data,2026-08-10,12:38:04;357,"4652","2.421210","7934","1","0","0","0","1"
Data,2026-08-10,12:38:04;367,"4652","2.421210","7934","1","0","0","0","1"
Data,2026-08-10,12:38:04;377,"4661","2.421210","7934","1","0","0","0","1"
Data,2026-08-10,12:38:04;387,"4661","2.421210","7934","1","0","0","0","1"
Data,2026-08-10,12:38:04;397,"4670","2.421210","7934","1","0","0","0","1"
Data,2026-08-10,12:38:04;407,"4670","2.421210","7934","1","0","0","0","1"
Data,2026-08-10,12:38:04;417,"4679","2.421210","7934","1","0","0","0","1"
Data,2026-08-10,12:38:04;427,"4679","2.421210","7934","1","0","0","0","1"
Data,2026-08-10,12:38:04;437,"4688","2.421210","7934","1","0","0","0","1"
Data,2026-08-10,12:38:04;447,"4688","2.421210","7934","1","0","0","0","1"
Data,2026-08-10,12:38:04;457,"4697","2.421210","7934","1","0","0","0","1"
Data,2026-08-10,12:38:04;467,"4697","2.421210","7934","1","0","0","0","1"
Data,2026-08-10,12:38:04;477,"4707","2.421210","7934","1","0","0","0","1"
Data,2026-08-10,12:38:04;487,"4707","2.421210","7934","1","0","0","0","1"
Data,2026-08-10,12:38:04;497,"4716","2.421210","7934","1","0","0","0","1"
Data,2026-08-10,12:38:04;507,"4716","2.421210","7934","1","0","0","0","1"
Data,2026-08-10,12:38:04;517,"4725","2.421210","7934","1","0","0","0","1"
Data,2026-08-10,12:38:04;527,"4725","2.421210","7934","1","0","0","0","1"
Data,2026-08-10,12:38:04;537,"4735","2.421210","7934","1","0","0","0","1"
Data,2026-08-10,12:38:04;547,"4735","2.421210","7934","1","0","0","0","1"
Data,2026-08-10,12:38:04;557,"4744","2.421210","7934","1","0","0","0","1"
Data,2026-08-10,12:38:04;567,"4744","2.421210","7934","1","0","0","0","1"
Data,2026-08-10,12:38:04;577,"4753","2.421210","7934","1","0","0","0","1"
Data,2026-08-10,12:38:04;587,"4753","2.421210","7934","1","0","0","0","1"
Data,2026-08-10,12:38:04;597,"4762","2.421210","7934","1","0","0","0","1"
Data,2026-08-10,12:38:04;607,"4762","2.421210","7934","1","0","0","0","1"
Data,2026-08-10,12:38:04;617,"4772","2.421210","7934","1","0","0","0","1"
Data,2026-08-10,12:38:04;627,"4772","2.421210","7934","1","0","0","0","1"
Data,2026-08-10,12:38:04;637,"4780","2.421210","7934","1","0","0","0","1"
Data,2026-08-10,12:38:04;647,"4780","2.421210","7934","1","0","0","0","1"
Data,2026-08-10,12:38:04;657,"4788","2.421210","7934","1","0","0","0","1"
Data,2026-08-10,12:38:04;667,"4788","2.421210","7934","1","0","0","0","1"
Data,2026-08-10,12:38:04;677,"4797","2.421210","7934","1","0","0","0","1"
Data,2026-08-10,12:38:04;687,"4797","2.421210","7934","1","0","0","0","1"
Data,2026-08-10,12:38:04;697,"4805","2.421210","7934","1","0","0","0","1"
Data,2026-08-10,12:38:04;707,"4805","2.421210","7934","1","0","0","0","1"
Data,2026-08-10,12:38:04;717,"4813","2.421210","7934","1","0","0","0","1"
Data,2026-08-10,12:38:04;727,"4813","2.421210","7934","1","0","0","0","1"
Data,2026-08-10,12:38:04;737,"4822","2.421210","7934","1","0","0","0","1"
Data,2026-08-10,12:38:04;747,"4822","2.421210","7934","1","0","0","0","1"
Data,2026-08-10,12:38:04;757,"4830","2.421210","7934","1","0","0","0","1"
Data,2026-08-10,12:38:04;767,"4830","2.421210","7934","1","0","0","0","1"
Data,2026-08-10,12:38:04;777,"4838","2.421210","7934","1","0","0","0","1"
Data,2026-08-10,12:38:04;787,"4838","2.421210","7934","1","0","0","0","1"
Data,2026-08-10,12:38:04;797,"4846","2.421210","7934","1","0","0","0","1"
Data,2026-08-10,12:38:04;807,"4846","2.421210","7934","1","0","0","0","1"
Data,2026-08-10,12:38:04;817,"4855","2.421210","7934","1","0","0","0","1"
Data,2026-08-10,12:38:04;827,"4855","2.421210","7934","1","0","0","0","1"
Data,2026-08-10,12:38:04;837,"4865","2.421210","7934","1","0","0","0","1"
Data,2026-08-10,12:38:04;847,"4865","2.421210","7934","1","0","0","0","1"
Data,2026-08-10,12:38:04;857,"4874","2.421210","7934","1","0","0","0","1"
Data,2026-08-10,12:38:04;867,"4874","2.421210","7934","1","0","0","0","1"
Data,2026-08-10,12:38:04;877,"4884","2.421210","7934","1","0","0","0","1"
Data,2026-08-10,12:38:04;887,"4884","2.421210","7934","1","0","0","0","1"
Data,2026-08-10,12:38:04;897,"4893","2.421210","7934","1","0","0","0","1"
Data,2026-08-10,12:38:04;907,"4893","2.421210","7934","1","0","0","0","1"
Data,2026-08-10,12:38:04;917,"4902","2.421210","7934","1","0","0","0","1"
Data,2026-08-10,12:38:04;927,"4902","2.421210","7934","1","0","0","0","1"
Data,2026-08-10,12:38:04;937,"4912","2.421210","7934","1","0","0","0","1"
Data,2026-08-10,12:38:04;947,"4912","2.421210","7934","1","0","0","0","1"
Data,2026-08-10,12:38:04;957,"4920","2.421210","7934","1","0","0","0","1"
Data,2026-08-10,12:38:04;967,"4920","2.421210","7934","1","0","0","0","1"
Data,2026-08-10,12:38:04;977,"4930","2.421210","7934","1","0","0","0","1"
Data,2026-08-10,12:38:04;987,"4930","2.421210","7934","1","0","0","0","1"
Data,2026-08-10,12:38:04;997,"4938","2.421210","7934","1","0","0","0","1"
Data,2026-08-10,12:38:05;007,"4938","2.421210","7934","1","0","0","0","1"
Data,2026-08-10,12:38:05;017,"4947","2.421210","7934","0","0","0","0","1"
Data,2026-08-10,12:38:05;027,"4947","2.421210","7934","0","0","0","0","1"
Data,2026-08-10,12:38:05;037,"4956","0.000000","0","0","0","0","0","0"
Data,2026-08-10,12:38:05;047,"4956","0.000000","0","0","0","0","0","0"
Data,2026-08-10,12:38:05;057,"4965","0.000000","0","0","0","0","0","0"
Data,2026-08-10,12:38:05;067,"4965","0.000000","0","0","0","0","0","0"
Data,2026-08-10,12:38:05;077,"4975","0.000000","0","0","0","0","0","0"
Data,2026-08-10,12:38:05;087,"4975","0.000000","0","0","0","0","0","0"
Data,2026-08-10,12:38:05;097,"4981","0.000000","0","0","0","0","0","0"
Data,2026-08-10,12:38:05;107,"4981","0.000000","0","0","0","0","0","0"
Data,2026-08-10,12:38:05;117,"4987","0.000000","0","0","0","0","0","0"
Data,2026-08-10,12:38:05;127,"4987","0.000000","0","0","0","0","0","0"
Data,2026-08-10,12:38:05;137,"4991","0.000000","0","0","0","0","0","0"
Data,2026-08-10,12:38:05;147,"4991","0.000000","0","0","0","0","0","0"
Data,2026-08-10,12:38:05;157,"4993","0.000000","0","0","0","0","0","0"
Data,2026-08-10,12:38:05;167,"4993","0.000000","0","0","0","0","0","0"
Data,2026-08-10,12:38:05;177,"4994","0.000000","0","0","0","0","0","0"
Data,2026-08-10,12:38:05;187,"4994","0.000000","0","0","0","0","0","0"
Data,2026-08-10,12:38:05;197,"4994","0.000000","0","0","0","0","0","0"
Data,2026-08-10,12:38:05;207,"4994","0.000000","0","0","0","0","0","0"
Data,2026-08-10,12:38:05;217,"4994","0.000000","0","0","0","0","0","0"
Data,2026-08-10,12:38:05;227,"4994","0.000000","0","0","0","0","0","0"
Data,2026-08-10,12:38:05;237,"4994","0.000000","0","0","0","0","0","0"
Data,2026-08-10,12:38:05;247,"4994","0.000000","0","0","0","0","0","0"
Data,2026-08-10,12:38:05;257,"4994","0.000000","0","0","0","0","0","0"
Data,2026-08-10,12:38:05;267,"4994","0.000000","0","0","0","0","0","0"
Data,2026-08-10,12:38:05;277,"4994","0.000000","0","0","0","0","0","0"
Data,2026-08-10,12:38:05;287,"4994","0.000000","0","0","0","0","0","0"
Data,2026-08-10,12:38:05;297,"4994","0.000000","0","0","0","0","0","0"
Data,2026-08-10,12:38:05;307,"4994","0.000000","0","0","0","0","0","0"
Data,2026-08-10,12:38:05;317,"4994","0.000000","0","0","0","0","0","0"
Data,2026-08-10,12:38:05;327,"4994","0.000000","0","0","0","0","0","0"
Data,2026-08-10,12:38:05;337,"4994","0.000000","0","0","0","0","0","0"
Data,2026-08-10,12:38:05;347,"4994","0.000000","0","0","0","0","0","0"
Data,2026-08-10,12:38:05;357,"4994","0.000000","0","0","0","0","0","0"
Data,2026-08-10,12:38:05;367,"4994","0.000000","0","0","0","0","0","0"
Data,2026-08-10,12:38:05;377,"4994","0.000000","0","0","0","0","0","0"
Data,2026-08-10,12:38:05;387,"4994","0.000000","0","0","0","0","0","0"
Data,2026-08-10,12:38:05;397,"4994","0.000000","0","0","0","0","0","0"
Data,2026-08-10,12:38:05;407,"4994","0.000000","0","0","0","0","0","0"
Data,2026-08-10,12:38:05;417,"4994","0.000000","0","0","0","0","0","0"
Data,2026-08-10,12:38:05;427,"4994","0.000000","0","0","0","0","0","0"
Data,2026-08-10,12:38:05;437,"4994","0.000000","0","0","0","0","0","0"
Data,2026-08-10,12:38:05;447,"4994","0.000000","0","0","0","0","0","0"
Data,2026-08-10,12:38:05;457,"4994","0.000000","0","0","0","0","0","0"
Data,2026-08-10,12:38:05;467,"4994","0.000000","0","0","0","0","0","0"
Data,2026-08-10,12:38:05;477,"4994","0.000000","0","0","0","0","0","0"
Data,2026-08-10,12:38:05;487,"4994","0.000000","0","0","0","0","0","0"
Data,2026-08-10,12:38:05;497,"4994","0.000000","0","0","0","0","0","0"
Data,2026-08-10,12:38:05;507,"4994","0.000000","0","0","0","0","0","0"
Data,2026-08-10,12:38:05;517,"4994","0.000000","0","0","0","0","0","0"
Data,2026-08-10,12:38:05;527,"4994","0.000000","0","0","0","0","0","0"
Data,2026-08-10,12:38:05;537,"4994","0.000000","0","0","0","0","0","0"
Data,2026-08-10,12:38:05;547,"4994","0.000000","0","0","0","0","0","0"
Data,2026-08-10,12:38:05;557,"4994","0.000000","0","0","0","0","0","0"
Data,2026-08-10,12:38:05;567,"4994","0.000000","0","0","0","0","0","0"
Data,2026-08-10,12:38:05;577,"4994","0.000000","0","0","0","0","0","0"
Data,2026-08-10,12:38:05;587,"4994","0.000000","0","0","0","0","0","0"
Data,2026-08-10,12:38:05;597,"4994","0.000000","0","0","0","0","0","0"
Data,2026-08-10,12:38:05;607,"4994","0.000000","0","0","0","0","0","0"
Data,2026-08-10,12:38:05;617,"4994","0.000000","0","0","0","0","0","0"
Data,2026-08-10,12:38:05;627,"4994","0.000000","0","0","0","0","0","0"
Data,2026-08-10,12:38:05;637,"4994","0.000000","0","0","0","0","0","0"
Data,2026-08-10,12:38:05;647,"4994","0.000000","0","0","0","0","0","0"
Data,2026-08-10,12:38:05;657,"4994","0.000000","0","0","0","0","0","0"
Data,2026-08-10,12:38:05;667,"4994","0.000000","0","0","0","0","0","0"
Data,2026-08-10,12:38:05;677,"4994","0.000000","0","0","0","0","0","0"
Data,2026-08-10,12:38:05;687,"4994","0.000000","0","0","0","0","0","0"
Data,2026-08-10,12:38:05;697,"4994","0.000000","0","0","0","0","0","0"
Data,2026-08-10,12:38:05;707,"4994","0.000000","0","0","0","0","0","0"
Data,2026-08-10,12:38:05;717,"4994","0.000000","0","0","0","0","0","0"
Data,2026-08-10,12:38:05;727,"4994","0.000000","0","0","0","0","0","0"
Data,2026-08-10,12:38:05;737,"4994","0.000000","0","0","0","0","0","0"
Data,2026-08-10,12:38:05;747,"4994","0.000000","0","0","0","0","0","0"
Data,2026-08-10,12:38:05;757,"4994","0.000000","0","0","0","0","0","0"
Data,2026-08-10,12:38:05;767,"4994","0.000000","0","0","0","0","0","0"
Data,2026-08-10,12:38:05;777,"4994","0.000000","0","0","0","0","0","0"
Data,2026-08-10,12:38:05;787,"4994","0.000000","0","0","0","0","0","0"
Data,2026-08-10,12:38:05;797,"4994","0.000000","0","0","0","0","0","0"
Data,2026-08-10,12:38:05;807,"4994","0.000000","0","0","0","0","0","0"
Data,2026-08-10,12:38:05;817,"4994","0.000000","0","0","0","0","0","0"
Data,2026-08-10,12:38:05;827,"4994","0.000000","0","0","0","0","0","0"
Data,2026-08-10,12:38:05;837,"4994","0.000000","0","0","0","0","0","0"
Data,2026-08-10,12:38:05;847,"4994","0.000000","0","0","0","0","0","0"
Data,2026-08-10,12:38:05;857,"4994","0.000000","0","0","0","0","0","0"
Data,2026-08-10,12:38:05;867,"4994","0.000000","0","0","0","0","0","0"
Data,2026-08-10,12:38:05;877,"4994","0.000000","0","0","0","0","0","0"
Data,2026-08-10,12:38:05;887,"4994","0.000000","0","0","0","0","0","0"
Data,2026-08-10,12:38:05;897,"4994","0.000000","0","0","0","0","0","0"
Data,2026-08-10,12:38:05;907,"4994","0.000000","0","0","0","0","0","0"
Data,2026-08-10,12:38:05;917,"4994","0.000000","0","0","0","0","0","0"
Data,2026-08-10,12:38:05;927,"4994","0.000000","0","0","0","0","0","0"
Data,2026-08-10,12:38:05;937,"4994","0.000000","0","0","0","0","0","0"
Data,2026-08-10,12:38:05;947,"4994","0.000000","0","0","0","0","0","0"
Data,2026-08-10,12:38:05;957,"4994","0.000000","0","0","0","0","0","0"
Data,2026-08-10,12:38:05;967,"4994","0.000000","0","0","0","0","0","0"
Data,2026-08-10,12:38:05;977,"4994","0.000000","0","0","0","0","0","0"
Data,2026-08-10,12:38:05;987,"4994","0.000000","0","0","0","0","0","0"
Data,2026-08-10,12:38:05;997,"4994","0.000000","0","0","0","0","0","0"
Data,2026-08-10,12:38:06;007,"4994","0.000000","0","0","0","0","0","0"
Data,2026-08-10,12:38:06;017,"4994","0.000000","0","0","0","0","0","0"
Data,2026-08-10,12:38:06;027,"4994","0.000000","0","0","0","0","0","0"
Data,2026-08-10,12:38:06;037,"4994","0.000000","0","0","0","0","0","0"
Data,2026-08-10,12:38:06;047,"4994","0.000000","0","0","0","0","0","0"
Data,2026-08-10,12:38:06;057,"4994","0.000000","0","0","0","0","0","0"
Data,2026-08-10,12:38:06;067,"4994","0.000000","0","0","0","0","0","0"
Data,2026-08-10,12:38:06;077,"4994","0.000000","0","0","0","0","0","0"
Data,2026-08-10,12:38:06;087,"4994","0.000000","0","0","0","0","0","0"
Data,2026-08-10,12:38:06;097,"4994","0.000000","0","0","0","0","0","0"
Data,2026-08-10,12:38:06;107,"4994","0.000000","0","0","0","0","0","0"
Data,2026-08-10,12:38:06;117,"4994","0.000000","0","0","0","0","0","0"
Data,2026-08-10,12:38:06;127,"4994","0.000000","0","0","0","0","0","0"
Data,2026-08-10,12:38:06;137,"4994","0.000000","0","0","0","0","0","0"
Data,2026-08-10,12:38:06;147,"4994","0.000000","0","0","0","0","0","0"
Data,2026-08-10,12:38:06;157,"4994","0.000000","0","0","0","0","0","0"
Data,2026-08-10,12:38:06;167,"4994","0.000000","0","0","0","0","0","0"
Data,2026-08-10,12:38:06;177,"4994","0.000000","0","0","0","0","0","0"
Data,2026-08-10,12:38:06;187,"4994","0.000000","0","0","0","0","0","0"
Data,2026-08-10,12:38:06;197,"4994","0.000000","0","0","0","0","0","0"
Data,2026-08-10,12:38:06;207,"4994","0.000000","0","0","0","0","0","0"
Data,2026-08-10,12:38:06;217,"4994","0.000000","0","0","0","0","0","0"
Data,2026-08-10,12:38:06;227,"4994","0.000000","0","0","0","0","0","0"
Data,2026-08-10,12:38:06;237,"4994","0.000000","0","0","0","0","0","0"
Data,2026-08-10,12:38:06;247,"4994","0.000000","0","0","0","0","0","0"
Data,2026-08-10,12:38:06;257,"4994","0.000000","0","0","0","0","0","0"
Data,2026-08-10,12:38:06;267,"4994","0.000000","0","0","0","0","0","0"
Data,2026-08-10,12:38:06;277,"4994","0.000000","0","0","0","0","0","0"
Data,2026-08-10,12:38:06;287,"4994","0.000000","0","0","0","0","0","0"
Data,2026-08-10,12:38:06;297,"4994","0.000000","0","0","0","0","0","0"
Data,2026-08-10,12:38:06;307,"4994","0.000000","0","0","0","0","0","0"
Data,2026-08-10,12:38:06;317,"4994","0.000000","0","0","0","0","0","0"
Data,2026-08-10,12:38:06;327,"4994","0.000000","0","0","0","0","0","0"
Data,2026-08-10,12:38:06;337,"4994","0.000000","0","0","0","0","0","0"
Data,2026-08-10,12:38:06;347,"4994","0.000000","0","0","0","0","0","0"
Data,2026-08-10,12:38:06;357,"4994","0.000000","0","0","0","0","0","0"
Data,2026-08-10,12:38:06;367,"4994","0.000000","0","0","0","0","0","0"
Data,2026-08-10,12:38:06;377,"4994","0.000000","0","0","0","0","0","0"
Data,2026-08-10,12:38:06;387,"4994","0.000000","0","0","0","0","0","0"
Data,2026-08-10,12:38:06;397,"4994","0.000000","0","0","0","0","0","0"
Data,2026-08-10,12:38:06;407,"4994","0.000000","0","0","0","0","0","0"
Data,2026-08-10,12:38:06;417,"4994","0.000000","0","0","0","0","0","0"
Data,2026-08-10,12:38:06;427,"4994","0.000000","0","0","0","0","0","0"
Data,2026-08-10,12:38:06;437,"4994","0.000000","0","0","0","0","0","0"
Data,2026-08-10,12:38:06;447,"4994","0.000000","0","0","0","0","0","0"
Data,2026-08-10,12:38:06;457,"4994","0.000000","0","0","0","0","0","0"
Data,2026-08-10,12:38:06;467,"4994","0.000000","0","0","0","0","0","0"
Data,2026-08-10,12:38:06;477,"4994","0.000000","0","0","0","0","0","0"
Data,2026-08-10,12:38:06;487,"4994","0.000000","0","0","0","0","0","0"
Data,2026-08-10,12:38:06;497,"4994","0.000000","0","0","0","0","0","0"
Data,2026-08-10,12:38:06;507,"4994","0.000000","0","0","0","0","0","0"
Data,2026-08-10,12:38:06;517,"4994","0.000000","0","0","0","0","0","0"
Data,2026-08-10,12:38:06;527,"0","0.000000","0","0","0","0","0","0"
Data,2026-08-10,12:38:06;537,"0","0.000000","0","0","0","0","0","0"
Data,2026-08-10,12:38:06;547,"0","0.000000","0","0","0","0","0","0"
Data,2026-08-10,12:38:06;557,"0","3.000000","9830","0","1","0","0","0"
Data,2026-08-10,12:38:06;567,"0","3.000000","9830","0","1","0","0","0"
Data,2026-08-10,12:38:06;577,"0","3.000000","9830","0","1","0","0","0"
Data,2026-08-10,12:38:06;587,"0","3.000000","9830","0","1","0","0","0"
Data,2026-08-10,12:38:06;597,"0","3.000000","9830","0","1","0","0","0"
Data,2026-08-10,12:38:06;607,"2","3.000000","9830","0","1","0","0","0"
Data,2026-08-10,12:38:06;617,"2","3.000600","9832","0","1","0","0","0"
Data,2026-08-10,12:38:06;627,"29","3.008700","9859","0","1","0","0","0"
Data,2026-08-10,12:38:06;637,"29","3.008700","9859","0","1","0","0","0"
Data,2026-08-10,12:38:06;647,"62","3.008700","9859","0","1","0","0","0"
Data,2026-08-10,12:38:06;657,"62","3.018600","9891","1","1","0","0","0"
Data,2026-08-10,12:38:06;667,"110","3.018600","9891","1","1","0","0","0"
Data,2026-08-10,12:38:06;677,"110","3.033000","9938","1","1","0","0","0"
Data,2026-08-10,12:38:06;687,"160","3.048000","9987","1","1","0","0","0"
Data,2026-08-10,12:38:06;697,"160","3.048000","9987","1","1","0","0","0"
Data,2026-08-10,12:38:06;707,"210","3.048000","9987","1","1","0","0","0"
Data,2026-08-10,12:38:06;717,"210","3.063000","10037","1","1","0","0","0"
Data,2026-08-10,12:38:06;727,"253","3.063000","10037","1","1","0","0","0"
Data,2026-08-10,12:38:06;737,"253","3.075900","10079","1","1","0","0","0"
Data,2026-08-10,12:38:06;747,"297","3.089100","10122","1","1","0","0","0"
Data,2026-08-10,12:38:06;757,"297","3.089100","10122","1","1","0","0","0"
Data,2026-08-10,12:38:06;767,"338","3.089100","10122","1","1","0","0","0"
Data,2026-08-10,12:38:06;777,"338","3.101400","10162","1","1","0","0","0"
Data,2026-08-10,12:38:06;787,"381","3.101400","10162","1","1","0","0","0"
Data,2026-08-10,12:38:06;797,"381","3.114300","10205","1","1","0","0","0"
Data,2026-08-10,12:38:06;807,"431","3.129300","10254","1","1","0","0","0"
Data,2026-08-10,12:38:06;817,"431","3.129300","10254","1","1","0","0","0"
Data,2026-08-10,12:38:06;827,"479","3.129300","10254","1","1","0","0","0"
Data,2026-08-10,12:38:06;837,"479","3.143700","10301","1","1","0","0","0"
Data,2026-08-10,12:38:06;847,"528","3.143700","10301","1","1","0","0","0"
Data,2026-08-10,12:38:06;857,"528","3.143700","10301","1","0","1","0","0"
Data,2026-08-10,12:38:06;867,"576","3.143700","10301","1","0","1","0","0"
Data,2026-08-10,12:38:06;877,"576","3.143700","10301","1","0","1","0","0"
Data,2026-08-10,12:38:06;887,"627","3.143700","10301","1","0","1","0","0"
Data,2026-08-10,12:38:06;897,"627","3.143700","10301","1","0","1","0","0"
Data,2026-08-10,12:38:06;907,"674","3.143700","10301","1","0","1","0","0"
Data,2026-08-10,12:38:06;917,"674","3.143700","10301","1","0","1","0","0"
Data,2026-08-10,12:38:06;927,"729","3.143700","10301","1","0","1","0","0"
Data,2026-08-10,12:38:06;937,"729","3.143700","10301","1","0","1","0","0"
Data,2026-08-10,12:38:06;947,"777","3.143700","10301","1","0","1","0","0"
Data,2026-08-10,12:38:06;957,"777","3.143700","10301","1","0","1","0","0"
Data,2026-08-10,12:38:06;967,"826","3.143700","10301","1","0","1","0","0"
Data,2026-08-10,12:38:06;977,"826","3.143700","10301","1","0","1","0","0"
Data,2026-08-10,12:38:06;987,"877","3.143700","10301","1","0","1","0","0"
Data,2026-08-10,12:38:06;997,"877","3.143700","10301","1","0","1","0","0"
Data,2026-08-10,12:38:07;007,"925","3.143700","10301","1","0","1","0","0"
Data,2026-08-10,12:38:07;017,"925","3.143700","10301","1","0","1","0","0"
Data,2026-08-10,12:38:07;027,"980","3.143700","10301","1","0","1","0","0"
Data,2026-08-10,12:38:07;037,"980","3.143700","10301","1","0","1","0","0"
Data,2026-08-10,12:38:07;047,"1030","3.143700","10301","1","0","1","0","0"
Data,2026-08-10,12:38:07;057,"1030","3.143700","10301","1","0","1","0","0"
Data,2026-08-10,12:38:07;067,"1079","3.143700","10301","1","0","1","0","0"
Data,2026-08-10,12:38:07;077,"1079","3.143700","10301","1","0","1","0","0"
Data,2026-08-10,12:38:07;087,"1130","3.143700","10301","1","0","1","0","0"
Data,2026-08-10,12:38:07;097,"1130","3.143700","10301","1","0","1","0","0"
Data,2026-08-10,12:38:07;107,"1180","3.143700","10301","1","0","1","0","0"
Data,2026-08-10,12:38:07;117,"1180","3.143700","10301","1","0","1","0","0"
Data,2026-08-10,12:38:07;127,"1235","3.143700","10301","1","0","1","0","0"
Data,2026-08-10,12:38:07;137,"1235","3.143700","10301","1","0","1","0","0"
Data,2026-08-10,12:38:07;147,"1285","3.143700","10301","1","0","1","0","0"
Data,2026-08-10,12:38:07;157,"1285","3.143700","10301","1","0","1","0","0"
Data,2026-08-10,12:38:07;167,"1335","3.143700","10301","1","0","1","0","0"
Data,2026-08-10,12:38:07;177,"1335","3.143700","10301","1","0","1","0","0"
Data,2026-08-10,12:38:07;187,"1387","3.143700","10301","1","0","1","0","0"
Data,2026-08-10,12:38:07;197,"1387","3.143700","10301","1","0","1","0","0"
Data,2026-08-10,12:38:07;207,"1436","3.143700","10301","1","0","1","0","0"
Data,2026-08-10,12:38:07;217,"1436","3.143700","10301","1","0","1","0","0"
Data,2026-08-10,12:38:07;227,"1484","3.143700","10301","1","0","1","0","0"
Data,2026-08-10,12:38:07;237,"1484","3.143700","10301","1","0","1","0","0"
Data,2026-08-10,12:38:07;247,"1533","3.143700","10301","1","0","1","0","0"
Data,2026-08-10,12:38:07;257,"1533","3.143700","10301","1","0","1","0","0"
Data,2026-08-10,12:38:07;267,"1585","3.143700","10301","1","0","1","0","0"
Data,2026-08-10,12:38:07;277,"1585","3.143700","10301","1","0","1","0","0"
Data,2026-08-10,12:38:07;287,"1632","3.143700","10301","1","0","1","0","0"
Data,2026-08-10,12:38:07;297,"1632","3.143700","10301","1","0","1","0","0"
Data,2026-08-10,12:38:07;307,"1681","3.143700","10301","1","0","1","0","0"
Data,2026-08-10,12:38:07;317,"1681","3.143700","10301","1","0","1","0","0"
Data,2026-08-10,12:38:07;327,"1733","3.143700","10301","1","0","1","0","0"
Data,2026-08-10,12:38:07;337,"1733","3.143700","10301","1","0","1","0","0"
Data,2026-08-10,12:38:07;347,"1781","3.143700","10301","1","0","1","0","0"
Data,2026-08-10,12:38:07;357,"1781","3.143700","10301","1","0","1","0","0"
Data,2026-08-10,12:38:07;367,"1830","3.143700","10301","1","0","1","0","0"
Data,2026-08-10,12:38:07;377,"1830","3.143700","10301","1","0","1","0","0"
Data,2026-08-10,12:38:07;387,"1882","3.143700","10301","1","0","1","0","0"
Data,2026-08-10,12:38:07;397,"1882","3.143700","10301","1","0","1","0","0"
Data,2026-08-10,12:38:07;407,"1930","3.143700","10301","1","0","1","0","0"
Data,2026-08-10,12:38:07;417,"1930","3.143700","10301","1","0","1","0","0"
Data,2026-08-10,12:38:07;427,"1979","3.143700","10301","1","0","1","0","0"
Data,2026-08-10,12:38:07;437,"1979","3.143700","10301","1","0","1","0","0"
Data,2026-08-10,12:38:07;447,"2028","3.143700","10301","1","0","1","0","0"
Data,2026-08-10,12:38:07;457,"2028","3.143700","10301","1","0","1","0","0"
Data,2026-08-10,12:38:07;467,"2079","3.143700","10301","1","0","1","0","0"
Data,2026-08-10,12:38:07;477,"2079","3.143700","10301","1","0","1","0","0"
Data,2026-08-10,12:38:07;487,"2132","3.143700","10301","1","0","1","0","0"
Data,2026-08-10,12:38:07;497,"2132","3.143700","10301","1","0","1","0","0"
Data,2026-08-10,12:38:07;507,"2181","3.143700","10301","1","0","1","0","0"
Data,2026-08-10,12:38:07;517,"2181","3.143700","10301","1","0","1","0","0"
Data,2026-08-10,12:38:07;527,"2231","3.143700","10301","1","0","1","0","0"
Data,2026-08-10,12:38:07;537,"2231","3.143700","10301","1","0","1","0","0"
Data,2026-08-10,12:38:07;547,"2285","3.143700","10301","1","0","1","0","0"
Data,2026-08-10,12:38:07;557,"2285","3.143700","10301","1","0","1","0","0"
Data,2026-08-10,12:38:07;567,"2334","3.143700","10301","1","0","1","0","0"
Data,2026-08-10,12:38:07;577,"2334","3.143700","10301","1","0","1","0","0"
Data,2026-08-10,12:38:07;587,"2382","3.143700","10301","1","0","1","0","0"
Data,2026-08-10,12:38:07;597,"2382","3.143700","10301","1","0","1","0","0"
Data,2026-08-10,12:38:07;607,"2431","3.143700","10301","1","0","1","0","0"
Data,2026-08-10,12:38:07;617,"2431","3.143700","10301","1","0","1","0","0"
Data,2026-08-10,12:38:07;627,"2485","3.143700","10301","1","0","1","0","0"
Data,2026-08-10,12:38:07;637,"2485","3.143700","10301","1","0","1","0","0"
Data,2026-08-10,12:38:07;647,"2534","3.143700","10301","1","0","1","0","0"
Data,2026-08-10,12:38:07;657,"2534","3.143700","10301","1","0","1","0","0"
Data,2026-08-10,12:38:07;667,"2584","3.143700","10301","1","0","1","0","0"
Data,2026-08-10,12:38:07;677,"2584","3.143700","10301","1","0","1","0","0"
Data,2026-08-10,12:38:07;687,"2638","3.143700","10301","1","0","1","0","0"
Data,2026-08-10,12:38:07;697,"2638","3.143700","10301","1","0","1","0","0"
Data,2026-08-10,12:38:07;707,"2688","3.143700","10301","1","0","1","0","0"
Data,2026-08-10,12:38:07;717,"2688","3.143700","10301","1","0","1","0","0"
Data,2026-08-10,12:38:07;727,"2737","3.143700","10301","1","0","1","0","0"
Data,2026-08-10,12:38:07;737,"2737","3.143700","10301","1","0","1","0","0"
Data,2026-08-10,12:38:07;747,"2789","3.143700","10301","1","0","1","0","0"
Data,2026-08-10,12:38:07;757,"2789","3.143700","10301","1","0","1","0","0"
Data,2026-08-10,12:38:07;767,"2838","3.143700","10301","1","0","1","0","0"
Data,2026-08-10,12:38:07;777,"2838","3.143700","10301","1","0","1","0","0"
Data,2026-08-10,12:38:07;787,"2888","3.143700","10301","1","0","1","0","0"
Data,2026-08-10,12:38:07;797,"2888","3.143700","10301","1","0","1","0","0"
Data,2026-08-10,12:38:07;807,"2941","3.143700","10301","1","0","1","0","0"
Data,2026-08-10,12:38:07;817,"2941","3.143700","10301","1","0","1","0","0"
Data,2026-08-10,12:38:07;827,"2988","3.143700","10301","1","0","1","0","0"
Data,2026-08-10,12:38:07;837,"2988","3.143700","10301","1","0","1","0","0"
Data,2026-08-10,12:38:07;847,"3036","3.143700","10301","1","0","1","0","0"
Data,2026-08-10,12:38:07;857,"3036","3.143700","10301","1","0","1","0","0"
Data,2026-08-10,12:38:07;867,"3085","3.143700","10301","1","0","1","0","0"
Data,2026-08-10,12:38:07;877,"3085","3.143700","10301","1","0","1","0","0"
Data,2026-08-10,12:38:07;887,"3137","3.143700","10301","1","0","1","0","0"
Data,2026-08-10,12:38:07;897,"3137","3.143700","10301","1","0","1","0","0"
Data,2026-08-10,12:38:07;907,"3185","3.143700","10301","1","0","1","0","0"
Data,2026-08-10,12:38:07;917,"3185","3.143700","10301","1","0","1","0","0"
Data,2026-08-10,12:38:07;927,"3235","3.143700","10301","1","0","1","0","0"
Data,2026-08-10,12:38:07;937,"3235","3.143700","10301","1","0","1","0","0"
Data,2026-08-10,12:38:07;947,"3290","3.143700","10301","1","0","1","0","0"
Data,2026-08-10,12:38:07;957,"3290","3.143700","10301","1","0","1","0","0"
Data,2026-08-10,12:38:07;967,"3340","3.143700","10301","1","0","1","0","0"
Data,2026-08-10,12:38:07;977,"3340","3.143700","10301","1","0","1","0","0"
Data,2026-08-10,12:38:07;987,"3387","3.143700","10301","1","0","1","0","0"
Data,2026-08-10,12:38:07;997,"3387","3.143700","10301","1","0","1","0","0"
Data,2026-08-10,12:38:08;007,"3439","3.143700","10301","1","0","1","0","0"
Data,2026-08-10,12:38:08;017,"3439","3.143700","10301","1","0","1","0","0"
Data,2026-08-10,12:38:08;027,"3485","3.143700","10301","1","0","1","0","0"
Data,2026-08-10,12:38:08;037,"3485","3.143700","10301","1","0","1","0","0"
Data,2026-08-10,12:38:08;047,"3531","3.143700","10301","1","0","1","0","0"
Data,2026-08-10,12:38:08;057,"3531","3.143700","10301","1","0","1","0","0"
Data,2026-08-10,12:38:08;067,"3583","3.143700","10301","1","0","1","0","0"
Data,2026-08-10,12:38:08;077,"3583","3.143700","10301","1","0","1","0","0"
Data,2026-08-10,12:38:08;087,"3632","3.143700","10301","1","0","1","0","0"
Data,2026-08-10,12:38:08;097,"3632","3.143700","10301","1","0","1","0","0"
Data,2026-08-10,12:38:08;107,"3681","3.143700","10301","1","0","1","0","0"
Data,2026-08-10,12:38:08;117,"3681","3.143700","10301","1","0","1","0","0"
Data,2026-08-10,12:38:08;127,"3731","3.143700","10301","1","0","1","0","0"
Data,2026-08-10,12:38:08;137,"3731","3.143700","10301","1","0","1","0","0"
Data,2026-08-10,12:38:08;147,"3784","3.143700","10301","1","0","1","0","0"
Data,2026-08-10,12:38:08;157,"3784","3.143700","10301","1","0","1","0","0"
Data,2026-08-10,12:38:08;167,"3832","3.143700","10301","1","0","1","0","0"
Data,2026-08-10,12:38:08;177,"3832","3.143700","10301","1","0","1","0","0"
Data,2026-08-10,12:38:08;187,"3880","3.143700","10301","1","0","1","0","0"
Data,2026-08-10,12:38:08;197,"3880","3.143700","10301","1","0","1","0","0"
Data,2026-08-10,12:38:08;207,"3929","3.143700","10301","1","0","1","0","0"
Data,2026-08-10,12:38:08;217,"3929","3.143700","10301","1","0","1","0","0"
Data,2026-08-10,12:38:08;227,"3982","3.143700","10301","1","0","1","0","0"
Data,2026-08-10,12:38:08;237,"3982","3.028744","9924","1","0","0","1","0"
Data,2026-08-10,12:38:08;247,"4029","3.028744","9924","1","0","0","1","0"
Data,2026-08-10,12:38:08;257,"4029","2.946692","9655","1","0","0","1","0"
Data,2026-08-10,12:38:08;267,"4076","2.946692","9655","1","0","0","1","0"
Data,2026-08-10,12:38:08;277,"4076","2.864640","9387","1","0","0","1","0"
Data,2026-08-10,12:38:08;287,"4128","2.864640","9387","1","0","0","1","0"
Data,2026-08-10,12:38:08;297,"4128","2.773859","9089","1","0","0","1","0"
Data,2026-08-10,12:38:08;307,"4173","2.773859","9089","1","0","0","1","0"
Data,2026-08-10,12:38:08;317,"4173","2.773859","9089","1","0","0","1","0"
Data,2026-08-10,12:38:08;327,"4218","2.695299","8832","1","0","0","1","0"
Data,2026-08-10,12:38:08;337,"4218","2.616738","8574","1","0","0","1","0"
Data,2026-08-10,12:38:08;347,"4265","2.616738","8574","1","0","0","1","0"
Data,2026-08-10,12:38:08;357,"4265","2.534686","8305","1","0","0","1","0"
Data,2026-08-10,12:38:08;367,"4296","2.534686","8305","1","0","0","1","0"
Data,2026-08-10,12:38:08;377,"4296","2.534686","8305","1","0","0","1","0"
Data,2026-08-10,12:38:08;387,"4322","2.480567","8128","1","0","0","1","0"
Data,2026-08-10,12:38:08;397,"4322","2.435176","7979","1","0","0","1","0"
Data,2026-08-10,12:38:08;407,"4343","2.398515","7859","1","0","0","1","0"
Data,2026-08-10,12:38:08;417,"4343","2.398515","7859","1","0","0","1","0"
Data,2026-08-10,12:38:08;427,"4357","2.398515","7859","1","0","0","0","1"
Data,2026-08-10,12:38:08;437,"4357","2.398515","7859","1","0","0","0","1"
Data,2026-08-10,12:38:08;447,"4374","2.398515","7859","1","0","0","0","1"
Data,2026-08-10,12:38:08;457,"4374","2.398515","7859","1","0","0","0","1"
Data,2026-08-10,12:38:08;467,"4383","2.398515","7859","1","0","0","0","1"
Data,2026-08-10,12:38:08;477,"4383","2.398515","7859","1","0","0","0","1"
Data,2026-08-10,12:38:08;487,"4385","2.398515","7859","1","0","0","0","1"
Data,2026-08-10,12:38:08;497,"4385","2.398515","7859","1","0","0","0","1"
Data,2026-08-10,12:38:08;507,"4391","2.398515","7859","1","0","0","0","1"
Data,2026-08-10,12:38:08;517,"4391","2.398515","7859","1","0","0","0","1"
Data,2026-08-10,12:38:08;527,"4402","2.398515","7859","1","0","0","0","1"
Data,2026-08-10,12:38:08;537,"4402","2.398515","7859","1","0","0","0","1"
Data,2026-08-10,12:38:08;547,"4412","2.398515","7859","1","0","0","0","1"
Data,2026-08-10,12:38:08;557,"4412","2.398515","7859","1","0","0","0","1"
Data,2026-08-10,12:38:08;567,"4420","2.398515","7859","1","0","0","0","1"
Data,2026-08-10,12:38:08;577,"4420","2.398515","7859","1","0","0","0","1"
Data,2026-08-10,12:38:08;587,"4426","2.398515","7859","1","0","0","0","1"
Data,2026-08-10,12:38:08;597,"4426","2.398515","7859","1","0","0","0","1"
Data,2026-08-10,12:38:08;607,"4432","2.398515","7859","1","0","0","0","1"
Data,2026-08-10,12:38:08;617,"4432","2.398515","7859","1","0","0","0","1"
Data,2026-08-10,12:38:08;627,"4442","2.398515","7859","1","0","0","0","1"
Data,2026-08-10,12:38:08;637,"4442","2.398515","7859","1","0","0","0","1"
Data,2026-08-10,12:38:08;647,"4450","2.398515","7859","1","0","0","0","1"
Data,2026-08-10,12:38:08;657,"4450","2.398515","7859","1","0","0","0","1"
Data,2026-08-10,12:38:08;667,"4455","2.398515","7859","1","0","0","0","1"
Data,2026-08-10,12:38:08;677,"4455","2.398515","7859","1","0","0","0","1"
Data,2026-08-10,12:38:08;687,"4461","2.398515","7859","1","0","0","0","1"
Data,2026-08-10,12:38:08;697,"4461","2.398515","7859","1","0","0","0","1"
Data,2026-08-10,12:38:08;707,"4466","2.398515","7859","1","0","0","0","1"
Data,2026-08-10,12:38:08;717,"4466","2.398515","7859","1","0","0","0","1"
Data,2026-08-10,12:38:08;727,"4472","2.398515","7859","1","0","0","0","1"
Data,2026-08-10,12:38:08;737,"4472","2.398515","7859","1","0","0","0","1"
Data,2026-08-10,12:38:08;747,"4480","2.398515","7859","1","0","0","0","1"
Data,2026-08-10,12:38:08;757,"4480","2.398515","7859","1","0","0","0","1"
Data,2026-08-10,12:38:08;767,"4489","2.398515","7859","1","0","0","0","1"
Data,2026-08-10,12:38:08;777,"4489","2.398515","7859","1","0","0","0","1"
Data,2026-08-10,12:38:08;787,"4500","2.398515","7859","1","0","0","0","1"
Data,2026-08-10,12:38:08;797,"4500","2.398515","7859","1","0","0","0","1"
Data,2026-08-10,12:38:08;807,"4508","2.398515","7859","1","0","0","0","1"
Data,2026-08-10,12:38:08;817,"4508","2.398515","7859","1","0","0","0","1"
Data,2026-08-10,12:38:08;827,"4515","2.398515","7859","1","0","0","0","1"
Data,2026-08-10,12:38:08;837,"4515","2.398515","7859","1","0","0","0","1"
Data,2026-08-10,12:38:08;847,"4515","2.398515","7859","1","0","0","0","1"
Data,2026-08-10,12:38:08;857,"4523","2.398515","7859","1","0","0","0","1"
Data,2026-08-10,12:38:08;867,"4523","2.398515","7859","1","0","0","0","1"
Data,2026-08-10,12:38:08;877,"4531","2.398515","7859","1","0","0","0","1"
Data,2026-08-10,12:38:08;887,"4531","2.398515","7859","1","0","0","0","1"
Data,2026-08-10,12:38:08;897,"4539","2.398515","7859","1","0","0","0","1"
Data,2026-08-10,12:38:08;907,"4539","2.398515","7859","1","0","0","0","1"
Data,2026-08-10,12:38:08;917,"4547","2.398515","7859","1","0","0","0","1"
Data,2026-08-10,12:38:08;927,"4547","2.398515","7859","1","0","0","0","1"
Data,2026-08-10,12:38:08;937,"4553","2.398515","7859","1","0","0","0","1"
Data,2026-08-10,12:38:08;947,"4553","2.398515","7859","1","0","0","0","1"
Data,2026-08-10,12:38:08;957,"4561","2.398515","7859","1","0","0","0","1"
Data,2026-08-10,12:38:08;967,"4561","2.398515","7859","1","0","0","0","1"
Data,2026-08-10,12:38:08;977,"4569","2.398515","7859","1","0","0","0","1"
Data,2026-08-10,12:38:08;987,"4569","2.398515","7859","1","0","0","0","1"
Data,2026-08-10,12:38:08;997,"4578","2.398515","7859","1","0","0","0","1"
Data,2026-08-10,12:38:09;007,"4578","2.398515","7859","1","0","0","0","1"
Data,2026-08-10,12:38:09;017,"4586","2.398515","7859","1","0","0","0","1"
Data,2026-08-10,12:38:09;027,"4586","2.398515","7859","1","0","0","0","1"
Data,2026-08-10,12:38:09;037,"4595","2.398515","7859","1","0","0","0","1"
Data,2026-08-10,12:38:09;047,"4595","2.398515","7859","1","0","0","0","1"
Data,2026-08-10,12:38:09;057,"4604","2.398515","7859","1","0","0","0","1"
Data,2026-08-10,12:38:09;067,"4604","2.398515","7859","1","0","0","0","1"
Data,2026-08-10,12:38:09;077,"4612","2.398515","7859","1","0","0","0","1"
Data,2026-08-10,12:38:09;087,"4612","2.398515","7859","1","0","0","0","1"
Data,2026-08-10,12:38:09;097,"4621","2.398515","7859","1","0","0","0","1"
Data,2026-08-10,12:38:09;107,"4621","2.398515","7859","1","0","0","0","1"
Data,2026-08-10,12:38:09;117,"4629","2.398515","7859","1","0","0","0","1"
Data,2026-08-10,12:38:09;127,"4629","2.398515","7859","1","0","0","0","1"
Data,2026-08-10,12:38:09;137,"4637","2.398515","7859","1","0","0","0","1"
Data,2026-08-10,12:38:09;147,"4637","2.398515","7859","1","0","0","0","1"
Data,2026-08-10,12:38:09;157,"4644","2.398515","7859","1","0","0","0","1"
Data,2026-08-10,12:38:09;167,"4644","2.398515","7859","1","0","0","0","1"
Data,2026-08-10,12:38:09;177,"4652","2.398515","7859","1","0","0","0","1"
Data,2026-08-10,12:38:09;187,"4652","2.398515","7859","1","0","0","0","1"
Data,2026-08-10,12:38:09;197,"4660","2.398515","7859","1","0","0","0","1"
Data,2026-08-10,12:38:09;207,"4660","2.398515","7859","1","0","0","0","1"
Data,2026-08-10,12:38:09;217,"4667","2.398515","7859","1","0","0","0","1"
Data,2026-08-10,12:38:09;227,"4667","2.398515","7859","1","0","0","0","1"
Data,2026-08-10,12:38:09;237,"4676","2.398515","7859","1","0","0","0","1"
Data,2026-08-10,12:38:09;247,"4676","2.398515","7859","1","0","0","0","1"
Data,2026-08-10,12:38:09;257,"4684","2.398515","7859","1","0","0","0","1"
Data,2026-08-10,12:38:09;267,"4684","2.398515","7859","1","0","0","0","1"
Data,2026-08-10,12:38:09;277,"4692","2.398515","7859","1","0","0","0","1"
Data,2026-08-10,12:38:09;287,"4692","2.398515","7859","1","0","0","0","1"
Data,2026-08-10,12:38:09;297,"4700","2.398515","7859","1","0","0","0","1"
Data,2026-08-10,12:38:09;307,"4700","2.398515","7859","1","0","0","0","1"
Data,2026-08-10,12:38:09;317,"4709","2.398515","7859","1","0","0","0","1"
Data,2026-08-10,12:38:09;327,"4709","2.398515","7859","1","0","0","0","1"
Data,2026-08-10,12:38:09;337,"4717","2.398515","7859","1","0","0","0","1"
Data,2026-08-10,12:38:09;347,"4717","2.398515","7859","1","0","0","0","1"
Data,2026-08-10,12:38:09;357,"4725","2.398515","7859","1","0","0","0","1"
Data,2026-08-10,12:38:09;367,"4725","2.398515","7859","1","0","0","0","1"
Data,2026-08-10,12:38:09;377,"4733","2.398515","7859","1","0","0","0","1"
Data,2026-08-10,12:38:09;387,"4733","2.398515","7859","1","0","0","0","1"
Data,2026-08-10,12:38:09;397,"4739","2.398515","7859","1","0","0","0","1"
Data,2026-08-10,12:38:09;407,"4739","2.398515","7859","1","0","0","0","1"
Data,2026-08-10,12:38:09;417,"4747","2.398515","7859","1","0","0","0","1"
Data,2026-08-10,12:38:09;427,"4747","2.398515","7859","1","0","0","0","1"
Data,2026-08-10,12:38:09;437,"4754","2.398515","7859","1","0","0","0","1"
Data,2026-08-10,12:38:09;447,"4754","2.398515","7859","1","0","0","0","1"
Data,2026-08-10,12:38:09;457,"4761","2.398515","7859","1","0","0","0","1"
Data,2026-08-10,12:38:09;467,"4761","2.398515","7859","1","0","0","0","1"
Data,2026-08-10,12:38:09;477,"4769","2.398515","7859","1","0","0","0","1"
Data,2026-08-10,12:38:09;487,"4769","2.398515","7859","1","0","0","0","1"
Data,2026-08-10,12:38:09;497,"4777","2.398515","7859","1","0","0","0","1"
Data,2026-08-10,12:38:09;507,"4777","2.398515","7859","1","0","0","0","1"
Data,2026-08-10,12:38:09;517,"4785","2.398515","7859","1","0","0","0","1"
Data,2026-08-10,12:38:09;527,"4785","2.398515","7859","1","0","0","0","1"
Data,2026-08-10,12:38:09;537,"4793","2.398515","7859","1","0","0","0","1"
Data,2026-08-10,12:38:09;547,"4793","2.398515","7859","1","0","0","0","1"
Data,2026-08-10,12:38:09;557,"4800","2.398515","7859","1","0","0","0","1"
Data,2026-08-10,12:38:09;567,"4800","2.398515","7859","1","0","0","0","1"
Data,2026-08-10,12:38:09;577,"4808","2.398515","7859","1","0","0","0","1"
Data,2026-08-10,12:38:09;587,"4808","2.398515","7859","1","0","0","0","1"
Data,2026-08-10,12:38:09;597,"4817","2.398515","7859","1","0","0","0","1"
Data,2026-08-10,12:38:09;607,"4817","2.398515","7859","1","0","0","0","1"
Data,2026-08-10,12:38:09;617,"4825","2.398515","7859","1","0","0","0","1"
Data,2026-08-10,12:38:09;627,"4825","2.398515","7859","1","0","0","0","1"
Data,2026-08-10,12:38:09;637,"4833","2.398515","7859","1","0","0","0","1"
Data,2026-08-10,12:38:09;647,"4833","2.398515","7859","1","0","0","0","1"
Data,2026-08-10,12:38:09;657,"4840","2.398515","7859","1","0","0","0","1"
Data,2026-08-10,12:38:09;667,"4840","2.398515","7859","1","0","0","0","1"
Data,2026-08-10,12:38:09;677,"4848","2.398515","7859","1","0","0","0","1"
Data,2026-08-10,12:38:09;687,"4848","2.398515","7859","1","0","0","0","1"
Data,2026-08-10,12:38:09;697,"4855","2.398515","7859","1","0","0","0","1"
Data,2026-08-10,12:38:09;707,"4855","2.398515","7859","1","0","0","0","1"
Data,2026-08-10,12:38:09;717,"4863","2.398515","7859","1","0","0","0","1"
Data,2026-08-10,12:38:09;727,"4863","2.398515","7859","1","0","0","0","1"
Data,2026-08-10,12:38:09;737,"4871","2.398515","7859","1","0","0","0","1"
Data,2026-08-10,12:38:09;747,"4871","2.398515","7859","1","0","0","0","1"
Data,2026-08-10,12:38:09;757,"4879","2.398515","7859","1","0","0","0","1"
Data,2026-08-10,12:38:09;767,"4879","2.398515","7859","1","0","0","0","1"
Data,2026-08-10,12:38:09;777,"4887","2.398515","7859","1","0","0","0","1"
Data,2026-08-10,12:38:09;787,"4887","2.398515","7859","1","0","0","0","1"
Data,2026-08-10,12:38:09;797,"4895","2.398515","7859","1","0","0","0","1"
Data,2026-08-10,12:38:09;807,"4895","2.398515","7859","1","0","0","0","1"
Data,2026-08-10,12:38:09;817,"4903","2.398515","7859","1","0","0","0","1"
Data,2026-08-10,12:38:09;827,"4903","2.398515","7859","1","0","0","0","1"
Data,2026-08-10,12:38:09;837,"4912","2.398515","7859","1","0","0","0","1"
Data,2026-08-10,12:38:09;847,"4912","2.398515","7859","1","0","0","0","1"
Data,2026-08-10,12:38:09;857,"4921","2.398515","7859","1","0","0","0","1"
Data,2026-08-10,12:38:09;867,"4921","2.398515","7859","1","0","0","0","1"
Data,2026-08-10,12:38:09;877,"4929","2.398515","7859","1","0","0","0","1"
Data,2026-08-10,12:38:09;887,"4929","2.398515","7859","1","0","0","0","1"
Data,2026-08-10,12:38:09;897,"4937","2.398515","7859","1","0","0","0","1"
Data,2026-08-10,12:38:09;907,"4937","2.398515","7859","1","0","0","0","1"
Data,2026-08-10,12:38:09;917,"4946","2.398515","7859","1","0","0","0","1"
Data,2026-08-10,12:38:09;927,"4946","2.398515","7859","0","0","0","0","1"
Data,2026-08-10,12:38:09;937,"4954","2.398515","7859","0","0","0","0","1"
Data,2026-08-10,12:38:09;947,"4954","2.398515","7859","0","0","0","0","1"
Data,2026-08-10,12:38:09;957,"4962","0.000000","0","0","0","0","0","0"
Data,2026-08-10,12:38:09;967,"4962","0.000000","0","0","0","0","0","0"
Data,2026-08-10,12:38:09;977,"4969","0.000000","0","0","0","0","0","0"
Data,2026-08-10,12:38:09;987,"4969","0.000000","0","0","0","0","0","0"
Data,2026-08-10,12:38:09;997,"4975","0.000000","0","0","0","0","0","0"
Data,2026-08-10,12:38:10;007,"4975","0.000000","0","0","0","0","0","0"
Data,2026-08-10,12:38:10;017,"4979","0.000000","0","0","0","0","0","0"
Data,2026-08-10,12:38:10;027,"4979","0.000000","0","0","0","0","0","0"
Data,2026-08-10,12:38:10;037,"4981","0.000000","0","0","0","0","0","0"
Data,2026-08-10,12:38:10;047,"4981","0.000000","0","0","0","0","0","0"
Data,2026-08-10,12:38:10;057,"4981","0.000000","0","0","0","0","0","0"
Data,2026-08-10,12:38:10;067,"4981","0.000000","0","0","0","0","0","0"
Data,2026-08-10,12:38:10;077,"4981","0.000000","0","0","0","0","0","0"
Data,2026-08-10,12:38:10;087,"4981","0.000000","0","0","0","0","0","0"
Data,2026-08-10,12:38:10;097,"4981","0.000000","0","0","0","0","0","0"
Data,2026-08-10,12:38:10;107,"4981","0.000000","0","0","0","0","0","0"
Data,2026-08-10,12:38:10;117,"4981","0.000000","0","0","0","0","0","0"
Data,2026-08-10,12:38:10;127,"4981","0.000000","0","0","0","0","0","0"
Data,2026-08-10,12:38:10;137,"4981","0.000000","0","0","0","0","0","0"
Data,2026-08-10,12:38:10;147,"4981","0.000000","0","0","0","0","0","0"
Data,2026-08-10,12:38:10;157,"4981","0.000000","0","0","0","0","0","0"
Data,2026-08-10,12:38:10;167,"4981","0.000000","0","0","0","0","0","0"
Data,2026-08-10,12:38:10;177,"4981","0.000000","0","0","0","0","0","0"
Data,2026-08-10,12:38:10;187,"4981","0.000000","0","0","0","0","0","0"
Data,2026-08-10,12:38:10;197,"4981","0.000000","0","0","0","0","0","0"
Data,2026-08-10,12:38:10;207,"4981","0.000000","0","0","0","0","0","0"
Data,2026-08-10,12:38:10;217,"4981","0.000000","0","0","0","0","0","0"
Data,2026-08-10,12:38:10;227,"4981","0.000000","0","0","0","0","0","0"
Data,2026-08-10,12:38:10;237,"4981","0.000000","0","0","0","0","0","0"
Data,2026-08-10,12:38:10;247,"4981","0.000000","0","0","0","0","0","0"
Data,2026-08-10,12:38:10;257,"4981","0.000000","0","0","0","0","0","0"
Data,2026-08-10,12:38:10;267,"4981","0.000000","0","0","0","0","0","0"
Data,2026-08-10,12:38:10;277,"4981","0.000000","0","0","0","0","0","0"
Data,2026-08-10,12:38:10;287,"4981","0.000000","0","0","0","0","0","0"
Data,2026-08-10,12:38:10;297,"4981","0.000000","0","0","0","0","0","0"
Data,2026-08-10,12:38:10;307,"4981","0.000000","0","0","0","0","0","0"
Data,2026-08-10,12:38:10;317,"4981","0.000000","0","0","0","0","0","0"
Data,2026-08-10,12:38:10;327,"4981","0.000000","0","0","0","0","0","0"
Data,2026-08-10,12:38:10;337,"4981","0.000000","0","0","0","0","0","0"
Data,2026-08-10,12:38:10;347,"4981","0.000000","0","0","0","0","0","0"
Data,2026-08-10,12:38:10;357,"4981","0.000000","0","0","0","0","0","0"
Data,2026-08-10,12:38:10;367,"4981","0.000000","0","0","0","0","0","0"
Data,2026-08-10,12:38:10;377,"4981","0.000000","0","0","0","0","0","0"
Data,2026-08-10,12:38:10;387,"4981","0.000000","0","0","0","0","0","0"
Data,2026-08-10,12:38:10;397,"4981","0.000000","0","0","0","0","0","0"
Data,2026-08-10,12:38:10;407,"4981","0.000000","0","0","0","0","0","0"
Data,2026-08-10,12:38:10;417,"4981","0.000000","0","0","0","0","0","0"
Data,2026-08-10,12:38:10;427,"4981","0.000000","0","0","0","0","0","0"
Data,2026-08-10,12:38:10;437,"4981","0.000000","0","0","0","0","0","0"
Data,2026-08-10,12:38:10;447,"4981","0.000000","0","0","0","0","0","0"
Data,2026-08-10,12:38:10;457,"4981","0.000000","0","0","0","0","0","0"
Data,2026-08-10,12:38:10;467,"4981","0.000000","0","0","0","0","0","0"
Data,2026-08-10,12:38:10;477,"4981","0.000000","0","0","0","0","0","0"
Data,2026-08-10,12:38:10;487,"4981","0.000000","0","0","0","0","0","0"
Data,2026-08-10,12:38:10;497,"4981","0.000000","0","0","0","0","0","0"
Data,2026-08-10,12:38:10;507,"4981","0.000000","0","0","0","0","0","0"
Data,2026-08-10,12:38:10;517,"4981","0.000000","0","0","0","0","0","0"
Data,2026-08-10,12:38:10;527,"4981","0.000000","0","0","0","0","0","0"
Data,2026-08-10,12:38:10;537,"4981","0.000000","0","0","0","0","0","0"
Data,2026-08-10,12:38:10;547,"4981","0.000000","0","0","0","0","0","0"
Data,2026-08-10,12:38:10;557,"4981","0.000000","0","0","0","0","0","0"
Data,2026-08-10,12:38:10;567,"4981","0.000000","0","0","0","0","0","0"
Data,2026-08-10,12:38:10;577,"4981","0.000000","0","0","0","0","0","0"
Data,2026-08-10,12:38:10;587,"4981","0.000000","0","0","0","0","0","0"
Data,2026-08-10,12:38:10;597,"4981","0.000000","0","0","0","0","0","0"
Data,2026-08-10,12:38:10;607,"4981","0.000000","0","0","0","0","0","0"
Data,2026-08-10,12:38:10;617,"4981","0.000000","0","0","0","0","0","0"
Data,2026-08-10,12:38:10;627,"4981","0.000000","0","0","0","0","0","0"
Data,2026-08-10,12:38:10;637,"4981","0.000000","0","0","0","0","0","0"
Data,2026-08-10,12:38:10;647,"4981","0.000000","0","0","0","0","0","0"
Data,2026-08-10,12:38:10;657,"4981","0.000000","0","0","0","0","0","0"
Data,2026-08-10,12:38:10;667,"4981","0.000000","0","0","0","0","0","0"
Data,2026-08-10,12:38:10;677,"0","0.000000","0","0","0","0","0","0"
Data,2026-08-10,12:38:10;687,"0","0.000000","0","0","0","0","0","0"
Data,2026-08-10,12:38:10;697,"0","0.000000","0","0","0","0","0","0"
Data,2026-08-10,12:38:10;707,"0","3.000000","9830","0","1","0","0","0"
Data,2026-08-10,12:38:10;717,"0","3.000000","9830","0","1","0","0","0"
Data,2026-08-10,12:38:10;727,"0","3.000000","9830","0","1","0","0","0"
Data,2026-08-10,12:38:10;737,"0","3.000000","9830","0","1","0","0","0"
Data,2026-08-10,12:38:10;747,"0","3.000000","9830","0","1","0","0","0"
Data,2026-08-10,12:38:10;757,"10","3.000000","9830","0","1","0","0","0"
Data,2026-08-10,12:38:10;767,"10","3.003000","9840","0","1","0","0","0"
Data,2026-08-10,12:38:10;777,"40","3.003000","9840","0","1","0","0","0"
Data,2026-08-10,12:38:10;787,"40","3.012000","9869","0","1","0","0","0"
Data,2026-08-10,12:38:10;797,"76","3.012000","9869","0","1","0","0","0"
Data,2026-08-10,12:38:10;807,"76","3.022800","9905","0","1","0","0","0"
Data,2026-08-10,12:38:10;817,"122","3.022800","9905","1","1","0","0","0"
Data,2026-08-10,12:38:10;827,"122","3.036600","9950","1","1","0","0","0"
Data,2026-08-10,12:38:10;837,"175","3.036600","9950","1","1","0","0","0"
Data,2026-08-10,12:38:10;847,"175","3.052500","10002","1","1","0","0","0"
Data,2026-08-10,12:38:10;857,"226","3.052500","10002","1","1","0","0","0"
Data,2026-08-10,12:38:10;867,"226","3.052500","10002","1","1","0","0","0"
Data,2026-08-10,12:38:10;877,"267","3.067800","10052","1","1","0","0","0"
Data,2026-08-10,12:38:10;887,"267","3.080100","10093","1","1","0","0","0"
Data,2026-08-10,12:38:10;897,"309","3.080100","10093","1","1","0","0","0"
Data,2026-08-10,12:38:10;907,"309","3.092700","10134","1","1","0","0","0"
Data,2026-08-10,12:38:10;917,"355","3.092700","10134","1","1","0","0","0"
Data,2026-08-10,12:38:10;927,"355","3.092700","10134","1","1","0","0","0"
Data,2026-08-10,12:38:10;937,"401","3.106500","10179","1","1","0","0","0"
Data,2026-08-10,12:38:10;947,"401","3.120300","10224","1","1","0","0","0"
Data,2026-08-10,12:38:10;957,"447","3.120300","10224","1","1","0","0","0"
Data,2026-08-10,12:38:10;967,"447","3.134100","10270","1","1","0","0","0"
Data,2026-08-10,12:38:10;977,"497","3.134100","10270","1","0","1","0","0"
Data,2026-08-10,12:38:10;987,"497","3.134100","10270","1","0","1","0","0"
Data,2026-08-10,12:38:10;997,"549","3.134100","10270","1","0","1","0","0"
Data,2026-08-10,12:38:11;007,"549","3.134100","10270","1","0","1","0","0"
Data,2026-08-10,12:38:11;017,"596","3.134100","10270","1","0","1","0","0"
Data,2026-08-10,12:38:11;027,"596","3.134100","10270","1","0","1","0","0"
Data,2026-08-10,12:38:11;037,"644","3.134100","10270","1","0","1","0","0"
Data,2026-08-10,12:38:11;047,"644","3.134100","10270","1","0","1","0","0"
Data,2026-08-10,12:38:11;057,"696","3.134100","10270","1","0","1","0","0"
Data,2026-08-10,12:38:11;067,"696","3.134100","10270","1","0","1","0","0"
Data,2026-08-10,12:38:11;077,"743","3.134100","10270","1","0","1","0","0"
Data,2026-08-10,12:38:11;087,"743","3.134100","10270","1","0","1","0","0"
Data,2026-08-10,12:38:11;097,"790","3.134100","10270","1","0","1","0","0"
Data,2026-08-10,12:38:11;107,"790","3.134100","10270","1","0","1","0","0"
Data,2026-08-10,12:38:11;117,"838","3.134100","10270","1","0","1","0","0"
Data,2026-08-10,12:38:11;127,"838","3.134100","10270","1","0","1","0","0"
Data,2026-08-10,12:38:11;137,"892","3.134100","10270","1","0","1","0","0"
Data,2026-08-10,12:38:11;147,"892","3.134100","10270","1","0","1","0","0"
Data,2026-08-10,12:38:11;157,"942","3.134100","10270","1","0","1","0","0"
Data,2026-08-10,12:38:11;167,"942","3.134100","10270","1","0","1","0","0"
Data,2026-08-10,12:38:11;177,"993","3.134100","10270","1","0","1","0","0"
Data,2026-08-10,12:38:11;187,"993","3.134100","10270","1","0","1","0","0"
Data,2026-08-10,12:38:11;197,"1044","3.134100","10270","1","0","1","0","0"
Data,2026-08-10,12:38:11;207,"1044","3.134100","10270","1","0","1","0","0"
Data,2026-08-10,12:38:11;217,"1094","3.134100","10270","1","0","1","0","0"
Data,2026-08-10,12:38:11;227,"1094","3.134100","10270","1","0","1","0","0"
Data,2026-08-10,12:38:11;237,"1146","3.134100","10270","1","0","1","0","0"
Data,2026-08-10,12:38:11;247,"1146","3.134100","10270","1","0","1","0","0"
Data,2026-08-10,12:38:11;257,"1195","3.134100","10270","1","0","1","0","0"
Data,2026-08-10,12:38:11;267,"1195","3.134100","10270","1","0","1","0","0"
Data,2026-08-10,12:38:11;277,"1244","3.134100","10270","1","0","1","0","0"
Data,2026-08-10,12:38:11;287,"1244","3.134100","10270","1","0","1","0","0"
Data,2026-08-10,12:38:11;297,"1298","3.134100","10270","1","0","1","0","0"
Data,2026-08-10,12:38:11;307,"1298","3.134100","10270","1","0","1","0","0"
Data,2026-08-10,12:38:11;317,"1347","3.134100","10270","1","0","1","0","0"
Data,2026-08-10,12:38:11;327,"1347","3.134100","10270","1","0","1","0","0"
Data,2026-08-10,12:38:11;337,"1396","3.134100","10270","1","0","1","0","0"
Data,2026-08-10,12:38:11;347,"1396","3.134100","10270","1","0","1","0","0"
Data,2026-08-10,12:38:11;357,"1448","3.134100","10270","1","0","1","0","0"
Data,2026-08-10,12:38:11;367,"1448","3.134100","10270","1","0","1","0","0"
Data,2026-08-10,12:38:11;377,"1496","3.134100","10270","1","0","1","0","0"
Data,2026-08-10,12:38:11;387,"1496","3.134100","10270","1","0","1","0","0"
Data,2026-08-10,12:38:11;397,"1543","3.134100","10270","1","0","1","0","0"
Data,2026-08-10,12:38:11;407,"1543","3.134100","10270","1","0","1","0","0"
Data,2026-08-10,12:38:11;417,"1589","3.134100","10270","1","0","1","0","0"
Data,2026-08-10,12:38:11;427,"1589","3.134100","10270","1","0","1","0","0"
Data,2026-08-10,12:38:11;437,"1639","3.134100","10270","1","0","1","0","0"
Data,2026-08-10,12:38:11;447,"1639","3.134100","10270","1","0","1","0","0"
Data,2026-08-10,12:38:11;457,"1687","3.134100","10270","1","0","1","0","0"
Data,2026-08-10,12:38:11;467,"1687","3.134100","10270","1","0","1","0","0"
Data,2026-08-10,12:38:11;477,"1734","3.134100","10270","1","0","1","0","0"
Data,2026-08-10,12:38:11;487,"1734","3.134100","10270","1","0","1","0","0"
Data,2026-08-10,12:38:11;497,"1783","3.134100","10270","1","0","1","0","0"
Data,2026-08-10,12:38:11;507,"1783","3.134100","10270","1","0","1","0","0"
Data,2026-08-10,12:38:11;517,"1832","3.134100","10270","1","0","1","0","0"
Data,2026-08-10,12:38:11;527,"1832","3.134100","10270","1","0","1","0","0"
Data,2026-08-10,12:38:11;537,"1885","3.134100","10270","1","0","1","0","0"
Data,2026-08-10,12:38:11;547,"1885","3.134100","10270","1","0","1","0","0"
Data,2026-08-10,12:38:11;557,"1933","3.134100","10270","1","0","1","0","0"
Data,2026-08-10,12:38:11;567,"1933","3.134100","10270","1","0","1","0","0"
Data,2026-08-10,12:38:11;577,"1983","3.134100","10270","1","0","1","0","0"
Data,2026-08-10,12:38:11;587,"1983","3.134100","10270","1","0","1","0","0"
Data,2026-08-10,12:38:11;597,"2031","3.134100","10270","1","0","1","0","0"
Data,2026-08-10,12:38:11;607,"2031","3.134100","10270","1","0","1","0","0"
Data,2026-08-10,12:38:11;617,"2081","3.134100","10270","1","0","1","0","0"
Data,2026-08-10,12:38:11;627,"2081","3.134100","10270","1","0","1","0","0"
Data,2026-08-10,12:38:11;637,"2134","3.134100","10270","1","0","1","0","0"
Data,2026-08-10,12:38:11;647,"2134","3.134100","10270","1","0","1","0","0"
Data,2026-08-10,12:38:11;657,"2183","3.134100","10270","1","0","1","0","0"
Data,2026-08-10,12:38:11;667,"2183","3.134100","10270","1","0","1","0","0"
Data,2026-08-10,12:38:11;677,"2232","3.134100","10270","1","0","1","0","0"
Data,2026-08-10,12:38:11;687,"2232","3.134100","10270","1","0","1","0","0"
Data,2026-08-10,12:38:11;697,"2232","3.134100","10270","1","0","1","0","0"
Data,2026-08-10,12:38:11;707,"2284","3.134100","10270","1","0","1","0","0"
Data,2026-08-10,12:38:11;717,"2284","3.134100","10270","1","0","1","0","0"
Data,2026-08-10,12:38:11;727,"2332","3.134100","10270","1","0","1","0","0"
Data,2026-08-10,12:38:11;737,"2332","3.134100","10270","1","0","1","0","0"
Data,2026-08-10,12:38:11;747,"2381","3.134100","10270","1","0","1","0","0"
Data,2026-08-10,12:38:11;757,"2381","3.134100","10270","1","0","1","0","0"
Data,2026-08-10,12:38:11;767,"2430","3.134100","10270","1","0","1","0","0"
Data,2026-08-10,12:38:11;777,"2430","3.134100","10270","1","0","1","0","0"
Data,2026-08-10,12:38:11;787,"2483","3.134100","10270","1","0","1","0","0"
Data,2026-08-10,12:38:11;797,"2483","3.134100","10270","1","0","1","0","0"
Data,2026-08-10,12:38:11;807,"2532","3.134100","10270","1","0","1","0","0"
Data,2026-08-10,12:38:11;817,"2532","3.134100","10270","1","0","1","0","0"
Data,2026-08-10,12:38:11;827,"2582","3.134100","10270","1","0","1","0","0"
Data,2026-08-10,12:38:11;837,"2582","3.134100","10270","1","0","1","0","0"
Data,2026-08-10,12:38:11;847,"2634","3.134100","10270","1","0","1","0","0"
Data,2026-08-10,12:38:11;857,"2634","3.134100","10270","1","0","1","0","0"
Data,2026-08-10,12:38:11;867,"2685","3.134100","10270","1","0","1","0","0"
Data,2026-08-10,12:38:11;877,"2685","3.134100","10270","1","0","1","0","0"
Data,2026-08-10,12:38:11;887,"2734","3.134100","10270","1","0","1","0","0"
Data,2026-08-10,12:38:11;897,"2734","3.134100","10270","1","0","1","0","0"
Data,2026-08-10,12:38:11;907,"2782","3.134100","10270","1","0","1","0","0"
Data,2026-08-10,12:38:11;917,"2782","3.134100","10270","1","0","1","0","0"
Data,2026-08-10,12:38:11;927,"2832","3.134100","10270","1","0","1","0","0"
Data,2026-08-10,12:38:11;937,"2832","3.134100","10270","1","0","1","0","0"
Data,2026-08-10,12:38:11;947,"2884","3.134100","10270","1","0","1","0","0"
Data,2026-08-10,12:38:11;957,"2932","3.134100","10270","1","0","1","0","0"
Data,2026-08-10,12:38:11;967,"2932","3.134100","10270","1","0","1","0","0"
Data,2026-08-10,12:38:11;977,"2932","3.134100","10270","1","0","1","0","0"
Data,2026-08-10,12:38:11;987,"2980","3.134100","10270","1","0","1","0","0"
Data,2026-08-10,12:38:11;997,"2980","3.134100","10270","1","0","1","0","0"
Data,2026-08-10,12:38:12;007,"3028","3.134100","10270","1","0","1","0","0"
Data,2026-08-10,12:38:12;017,"3028","3.134100","10270","1","0","1","0","0"
Data,2026-08-10,12:38:12;027,"3079","3.134100","10270","1","0","1","0","0"
Data,2026-08-10,12:38:12;037,"3079","3.134100","10270","1","0","1","0","0"
Data,2026-08-10,12:38:12;047,"3126","3.134100","10270","1","0","1","0","0"
Data,2026-08-10,12:38:12;057,"3126","3.134100","10270","1","0","1","0","0"
Data,2026-08-10,12:38:12;067,"3174","3.134100","10270","1","0","1","0","0"
Data,2026-08-10,12:38:12;077,"3174","3.134100","10270","1","0","1","0","0"
Data,2026-08-10,12:38:12;087,"3226","3.134100","10270","1","0","1","0","0"
Data,2026-08-10,12:38:12;097,"3226","3.134100","10270","1","0","1","0","0"
Data,2026-08-10,12:38:12;107,"3276","3.134100","10270","1","0","1","0","0"
Data,2026-08-10,12:38:12;117,"3276","3.134100","10270","1","0","1","0","0"
Data,2026-08-10,12:38:12;127,"3329","3.134100","10270","1","0","1","0","0"
Data,2026-08-10,12:38:12;137,"3329","3.134100","10270","1","0","1","0","0"
Data,2026-08-10,12:38:12;147,"3377","3.134100","10270","1","0","1","0","0"
Data,2026-08-10,12:38:12;157,"3377","3.134100","10270","1","0","1","0","0"
Data,2026-08-10,12:38:12;167,"3424","3.134100","10270","1","0","1","0","0"
Data,2026-08-10,12:38:12;177,"3424","3.134100","10270","1","0","1","0","0"
Data,2026-08-10,12:38:12;187,"3474","3.134100","10270","1","0","1","0","0"
Data,2026-08-10,12:38:12;197,"3474","3.134100","10270","1","0","1","0","0"
Data,2026-08-10,12:38:12;207,"3520","3.134100","10270","1","0","1","0","0"
Data,2026-08-10,12:38:12;217,"3520","3.134100","10270","1","0","1","0","0"
Data,2026-08-10,12:38:12;227,"3567","3.134100","10270","1","0","1","0","0"
Data,2026-08-10,12:38:12;237,"3567","3.134100","10270","1","0","1","0","0"
Data,2026-08-10,12:38:12;247,"3619","3.134100","10270","1","0","1","0","0"
Data,2026-08-10,12:38:12;257,"3619","3.134100","10270","1","0","1","0","0"
Data,2026-08-10,12:38:12;267,"3667","3.134100","10270","1","0","1","0","0"
Data,2026-08-10,12:38:12;277,"3667","3.134100","10270","1","0","1","0","0"
Data,2026-08-10,12:38:12;287,"3717","3.134100","10270","1","0","1","0","0"
Data,2026-08-10,12:38:12;297,"3717","3.134100","10270","1","0","1","0","0"
Data,2026-08-10,12:38:12;307,"3768","3.134100","10270","1","0","1","0","0"
Data,2026-08-10,12:38:12;317,"3768","3.134100","10270","1","0","1","0","0"
Data,2026-08-10,12:38:12;327,"3815","3.134100","10270","1","0","1","0","0"
Data,2026-08-10,12:38:12;337,"3815","3.134100","10270","1","0","1","0","0"
Data,2026-08-10,12:38:12;347,"3863","3.134100","10270","1","0","1","0","0"
Data,2026-08-10,12:38:12;357,"3863","3.134100","10270","1","0","1","0","0"
Data,2026-08-10,12:38:12;367,"3915","3.134100","10270","1","0","1","0","0"
Data,2026-08-10,12:38:12;377,"3915","3.134100","10270","1","0","1","0","0"
Data,2026-08-10,12:38:12;387,"3962","3.134100","10270","1","0","1","0","0"
Data,2026-08-10,12:38:12;397,"3962","3.134100","10270","1","0","1","0","0"
Data,2026-08-10,12:38:12;407,"4010","3.063660","10039","1","0","0","1","0"
Data,2026-08-10,12:38:12;417,"4010","2.979862","9764","1","0","0","1","0"
Data,2026-08-10,12:38:12;427,"4062","2.979862","9764","1","0","0","1","0"
Data,2026-08-10,12:38:12;437,"4062","2.889081","9467","1","0","0","1","0"
Data,2026-08-10,12:38:12;447,"4109","2.807029","9198","1","0","0","1","0"
Data,2026-08-10,12:38:12;457,"4109","2.807029","9198","1","0","0","1","0"
Data,2026-08-10,12:38:12;467,"4156","2.807029","9198","1","0","0","1","0"
Data,2026-08-10,12:38:12;477,"4156","2.724977","8929","1","0","0","1","0"
Data,2026-08-10,12:38:12;487,"4205","2.724977","8929","1","0","0","1","0"
Data,2026-08-10,12:38:12;497,"4205","2.639433","8649","1","0","0","1","0"
Data,2026-08-10,12:38:12;507,"4248","2.564365","8403","1","0","0","1","0"
Data,2026-08-10,12:38:12;517,"4248","2.564365","8403","1","0","0","1","0"
Data,2026-08-10,12:38:12;527,"4280","2.564365","8403","1","0","0","1","0"
Data,2026-08-10,12:38:12;537,"4280","2.508499","8220","1","0","0","1","0"
Data,2026-08-10,12:38:12;547,"4310","2.508499","8220","1","0","0","1","0"
Data,2026-08-10,12:38:12;557,"4310","2.456126","8048","1","0","0","1","0"
Data,2026-08-10,12:38:12;567,"4330","2.421210","7934","1","0","0","1","0"
Data,2026-08-10,12:38:12;577,"4330","2.421210","7934","1","0","0","1","0"
Data,2026-08-10,12:38:12;587,"4343","2.421210","7934","1","0","0","0","1"
Data,2026-08-10,12:38:12;597,"4343","2.421210","7934","1","0","0","0","1"
Data,2026-08-10,12:38:12;607,"4359","2.421210","7934","1","0","0","0","1"
Data,2026-08-10,12:38:12;617,"4359","2.421210","7934","1","0","0","0","1"
Data,2026-08-10,12:38:12;627,"4373","2.421210","7934","1","0","0","0","1"
Data,2026-08-10,12:38:12;637,"4373","2.421210","7934","1","0","0","0","1"
Data,2026-08-10,12:38:12;647,"4380","2.421210","7934","1","0","0","0","1"
Data,2026-08-10,12:38:12;657,"4380","2.421210","7934","1","0","0","0","1"
Data,2026-08-10,12:38:12;667,"4385","2.421210","7934","1","0","0","0","1"
Data,2026-08-10,12:38:12;677,"4385","2.421210","7934","1","0","0","0","1"
Data,2026-08-10,12:38:12;687,"4395","2.421210","7934","1","0","0","0","1"
Data,2026-08-10,12:38:12;697,"4395","2.421210","7934","1","0","0","0","1"
Data,2026-08-10,12:38:12;707,"4408","2.421210","7934","1","0","0","0","1"
Data,2026-08-10,12:38:12;717,"4408","2.421210","7934","1","0","0","0","1"
Data,2026-08-10,12:38:12;727,"4417","2.421210","7934","1","0","0","0","1"
Data,2026-08-10,12:38:12;737,"4417","2.421210","7934","1","0","0","0","1"
Data,2026-08-10,12:38:12;747,"4424","2.421210","7934","1","0","0","0","1"
Data,2026-08-10,12:38:12;757,"4424","2.421210","7934","1","0","0","0","1"
Data,2026-08-10,12:38:12;767,"4430","2.421210","7934","1","0","0","0","1"
Data,2026-08-10,12:38:12;777,"4430","2.421210","7934","1","0","0","0","1"
Data,2026-08-10,12:38:12;787,"4441","2.421210","7934","1","0","0","0","1"
Data,2026-08-10,12:38:12;797,"4441","2.421210","7934","1","0","0","0","1"
Data,2026-08-10,12:38:12;807,"4449","2.421210","7934","1","0","0","0","1"
Data,2026-08-10,12:38:12;817,"4449","2.421210","7934","1","0","0","0","1"
Data,2026-08-10,12:38:12;827,"4455","2.421210","7934","1","0","0","0","1"
Data,2026-08-10,12:38:12;837,"4455","2.421210","7934","1","0","0","0","1"
Data,2026-08-10,12:38:12;847,"4461","2.421210","7934","1","0","0","0","1"
Data,2026-08-10,12:38:12;857,"4461","2.421210","7934","1","0","0","0","1"
Data,2026-08-10,12:38:12;867,"4468","2.421210","7934","1","0","0","0","1"
Data,2026-08-10,12:38:12;877,"4468","2.421210","7934","1","0","0","0","1"
Data,2026-08-10,12:38:12;887,"4477","2.421210","7934","1","0","0","0","1"
Data,2026-08-10,12:38:12;897,"4477","2.421210","7934","1","0","0","0","1"
Data,2026-08-10,12:38:12;907,"4489","2.421210","7934","1","0","0","0","1"
Data,2026-08-10,12:38:12;917,"4489","2.421210","7934","1","0","0","0","1"
Data,2026-08-10,12:38:12;927,"4500","2.421210","7934","1","0","0","0","1"
Data,2026-08-10,12:38:12;937,"4500","2.421210","7934","1","0","0","0","1"
Data,2026-08-10,12:38:12;947,"4512","2.421210","7934","1","0","0","0","1"
Data,2026-08-10,12:38:12;957,"4512","2.421210","7934","1","0","0","0","1"
Data,2026-08-10,12:38:12;967,"4521","2.421210","7934","1","0","0","0","1"
Data,2026-08-10,12:38:12;977,"4521","2.421210","7934","1","0","0","0","1"
Data,2026-08-10,12:38:12;987,"4529","2.421210","7934","1","0","0","0","1"
Data,2026-08-10,12:38:12;997,"4529","2.421210","7934","1","0","0","0","1"
Data,2026-08-10,12:38:13;007,"4536","2.421210","7934","1","0","0","0","1"
Data,2026-08-10,12:38:13;017,"4536","2.421210","7934","1","0","0","0","1"
Data,2026-08-10,12:38:13;027,"4544","2.421210","7934","1","0","0","0","1"
Data,2026-08-10,12:38:13;037,"4544","2.421210","7934","1","0","0","0","1"
Data,2026-08-10,12:38:13;047,"4553","2.421210","7934","1","0","0","0","1"
Data,2026-08-10,12:38:13;057,"4553","2.421210","7934","1","0","0","0","1"
Data,2026-08-10,12:38:13;067,"4561","2.421210","7934","1","0","0","0","1"
Data,2026-08-10,12:38:13;077,"4561","2.421210","7934","1","0","0","0","1"
Data,2026-08-10,12:38:13;087,"4570","2.421210","7934","1","0","0","0","1"
Data,2026-08-10,12:38:13;097,"4570","2.421210","7934","1","0","0","0","1"
Data,2026-08-10,12:38:13;107,"4578","2.421210","7934","1","0","0","0","1"
Data,2026-08-10,12:38:13;117,"4578","2.421210","7934","1","0","0","0","1"
Data,2026-08-10,12:38:13;127,"4586","2.421210","7934","1","0","0","0","1"
Data,2026-08-10,12:38:13;137,"4586","2.421210","7934","1","0","0","0","1"
Data,2026-08-10,12:38:13;147,"4595","2.421210","7934","1","0","0","0","1"
Data,2026-08-10,12:38:13;157,"4595","2.421210","7934","1","0","0","0","1"
Data,2026-08-10,12:38:13;167,"4607","2.421210","7934","1","0","0","0","1"
Data,2026-08-10,12:38:13;177,"4607","2.421210","7934","1","0","0","0","1"
Data,2026-08-10,12:38:13;187,"4617","2.421210","7934","1","0","0","0","1"
Data,2026-08-10,12:38:13;197,"4617","2.421210","7934","1","0","0","0","1"
Data,2026-08-10,12:38:13;207,"4628","2.421210","7934","1","0","0","0","1"
Data,2026-08-10,12:38:13;217,"4628","2.421210","7934","1","0","0","0","1"
Data,2026-08-10,12:38:13;227,"4638","2.421210","7934","1","0","0","0","1"
Data,2026-08-10,12:38:13;237,"4638","2.421210","7934","1","0","0","0","1"
Data,2026-08-10,12:38:13;247,"4649","2.421210","7934","1","0","0","0","1"
Data,2026-08-10,12:38:13;257,"4649","2.421210","7934","1","0","0","0","1"
Data,2026-08-10,12:38:13;267,"4658","2.421210","7934","1","0","0","0","1"
Data,2026-08-10,12:38:13;277,"4658","2.421210","7934","1","0","0","0","1"
Data,2026-08-10,12:38:13;287,"4666","2.421210","7934","1","0","0","0","1"
Data,2026-08-10,12:38:13;297,"4666","2.421210","7934","1","0","0","0","1"
Data,2026-08-10,12:38:13;307,"4675","2.421210","7934","1","0","0","0","1"
Data,2026-08-10,12:38:13;317,"4675","2.421210","7934","1","0","0","0","1"
Data,2026-08-10,12:38:13;327,"4684","2.421210","7934","1","0","0","0","1"
Data,2026-08-10,12:38:13;337,"4684","2.421210","7934","1","0","0","0","1"
Data,2026-08-10,12:38:13;347,"4693","2.421210","7934","1","0","0","0","1"
Data,2026-08-10,12:38:13;357,"4693","2.421210","7934","1","0","0","0","1"
Data,2026-08-10,12:38:13;367,"4702","2.421210","7934","1","0","0","0","1"
Data,2026-08-10,12:38:13;377,"4702","2.421210","7934","1","0","0","0","1"
Data,2026-08-10,12:38:13;387,"4712","2.421210","7934","1","0","0","0","1"
Data,2026-08-10,12:38:13;397,"4712","2.421210","7934","1","0","0","0","1"
Data,2026-08-10,12:38:13;407,"4721","2.421210","7934","1","0","0","0","1"
Data,2026-08-10,12:38:13;417,"4721","2.421210","7934","1","0","0","0","1"
Data,2026-08-10,12:38:13;427,"4731","2.421210","7934","1","0","0","0","1"
Data,2026-08-10,12:38:13;437,"4731","2.421210","7934","1","0","0","0","1"
Data,2026-08-10,12:38:13;447,"4742","2.421210","7934","1","0","0","0","1"
Data,2026-08-10,12:38:13;457,"4742","2.421210","7934","1","0","0","0","1"
Data,2026-08-10,12:38:13;467,"4751","2.421210","7934","1","0","0","0","1"
Data,2026-08-10,12:38:13;477,"4751","2.421210","7934","1","0","0","0","1"
Data,2026-08-10,12:38:13;487,"4760","2.421210","7934","1","0","0","0","1"
Data,2026-08-10,12:38:13;497,"4760","2.421210","7934","1","0","0","0","1"
Data,2026-08-10,12:38:13;507,"4769","2.421210","7934","1","0","0","0","1"
Data,2026-08-10,12:38:13;517,"4769","2.421210","7934","1","0","0","0","1"
Data,2026-08-10,12:38:13;527,"4779","2.421210","7934","1","0","0","0","1"
Data,2026-08-10,12:38:13;537,"4779","2.421210","7934","1","0","0","0","1"
Data,2026-08-10,12:38:13;547,"4788","2.421210","7934","1","0","0","0","1"
Data,2026-08-10,12:38:13;557,"4788","2.421210","7934","1","0","0","0","1"
Data,2026-08-10,12:38:13;567,"4797","2.421210","7934","1","0","0","0","1"
Data,2026-08-10,12:38:13;577,"4797","2.421210","7934","1","0","0","0","1"
Data,2026-08-10,12:38:13;587,"4806","2.421210","7934","1","0","0","0","1"
Data,2026-08-10,12:38:13;597,"4806","2.421210","7934","1","0","0","0","1"
Data,2026-08-10,12:38:13;607,"4815","2.421210","7934","1","0","0","0","1"
Data,2026-08-10,12:38:13;617,"4815","2.421210","7934","1","0","0","0","1"
Data,2026-08-10,12:38:13;627,"4823","2.421210","7934","1","0","0","0","1"
Data,2026-08-10,12:38:13;637,"4823","2.421210","7934","1","0","0","0","1"
Data,2026-08-10,12:38:13;647,"4831","2.421210","7934","1","0","0","0","1"
Data,2026-08-10,12:38:13;657,"4831","2.421210","7934","1","0","0","0","1"
Data,2026-08-10,12:38:13;667,"4841","2.421210","7934","1","0","0","0","1"
Data,2026-08-10,12:38:13;677,"4841","2.421210","7934","1","0","0","0","1"
Data,2026-08-10,12:38:13;687,"4850","2.421210","7934","1","0","0","0","1"
Data,2026-08-10,12:38:13;697,"4850","2.421210","7934","1","0","0","0","1"
Data,2026-08-10,12:38:13;707,"4860","2.421210","7934","1","0","0","0","1"
Data,2026-08-10,12:38:13;717,"4860","2.421210","7934","1","0","0","0","1"
Data,2026-08-10,12:38:13;727,"4869","2.421210","7934","1","0","0","0","1"
Data,2026-08-10,12:38:13;737,"4869","2.421210","7934","1","0","0","0","1"
Data,2026-08-10,12:38:13;747,"4879","2.421210","7934","1","0","0","0","1"
Data,2026-08-10,12:38:13;757,"4879","2.421210","7934","1","0","0","0","1"
Data,2026-08-10,12:38:13;767,"4888","2.421210","7934","1","0","0","0","1"
Data,2026-08-10,12:38:13;777,"4888","2.421210","7934","1","0","0","0","1"
Data,2026-08-10,12:38:13;787,"4897","2.421210","7934","1","0","0","0","1"
Data,2026-08-10,12:38:13;797,"4897","2.421210","7934","1","0","0","0","1"
Data,2026-08-10,12:38:13;807,"4907","2.421210","7934","1","0","0","0","1"
Data,2026-08-10,12:38:13;817,"4907","2.421210","7934","1","0","0","0","1"
Data,2026-08-10,12:38:13;827,"4916","2.421210","7934","1","0","0","0","1"
Data,2026-08-10,12:38:13;837,"4916","2.421210","7934","1","0","0","0","1"
Data,2026-08-10,12:38:13;847,"4924","2.421210","7934","1","0","0","0","1"
Data,2026-08-10,12:38:13;857,"4924","2.421210","7934","1","0","0","0","1"
Data,2026-08-10,12:38:13;867,"4933","2.421210","7934","1","0","0","0","1"
Data,2026-08-10,12:38:13;877,"4933","2.421210","7934","1","0","0","0","1"
Data,2026-08-10,12:38:13;887,"4943","2.421210","7934","1","0","0","0","1"
Data,2026-08-10,12:38:13;897,"4943","2.421210","7934","1","0","0","0","1"
Data,2026-08-10,12:38:13;907,"4953","2.421210","7934","1","0","0","0","1"
Data,2026-08-10,12:38:13;917,"4953","2.421210","7934","1","0","0","0","1"
Data,2026-08-10,12:38:13;927,"4963","2.421210","7934","1","0","0","0","1"
Data,2026-08-10,12:38:13;937,"4963","2.421210","7934","1","0","0","0","1"
Data,2026-08-10,12:38:13;947,"4972","2.421210","7934","0","0","0","0","1"
Data,2026-08-10,12:38:13;957,"4972","2.421210","7934","0","0","0","0","1"
Data,2026-08-10,12:38:13;967,"4982","0.000000","0","0","0","0","0","0"
Data,2026-08-10,12:38:13;977,"4982","0.000000","0","0","0","0","0","0"
Data,2026-08-10,12:38:13;987,"4992","0.000000","0","0","0","0","0","0"
Data,2026-08-10,12:38:13;997,"4992","0.000000","0","0","0","0","0","0"
Data,2026-08-10,12:38:14;007,"5002","0.000000","0","0","0","0","0","0"
Data,2026-08-10,12:38:14;017,"5002","0.000000","0","0","0","0","0","0"
Data,2026-08-10,12:38:14;027,"5012","0.000000","0","0","0","0","0","0"
Data,2026-08-10,12:38:14;037,"5012","0.000000","0","0","0","0","0","0"
Data,2026-08-10,12:38:14;047,"5017","0.000000","0","0","0","0","0","0"
Data,2026-08-10,12:38:14;057,"5017","0.000000","0","0","0","0","0","0"
Data,2026-08-10,12:38:14;067,"5024","0.000000","0","0","0","0","0","0"
Data,2026-08-10,12:38:14;077,"5024","0.000000","0","0","0","0","0","0"
Data,2026-08-10,12:38:14;087,"5028","0.000000","0","0","0","0","0","0"
Data,2026-08-10,12:38:14;097,"5028","0.000000","0","0","0","0","0","0"
Data,2026-08-10,12:38:14;107,"5030","0.000000","0","0","0","0","0","0"
Data,2026-08-10,12:38:14;117,"5030","0.000000","0","0","0","0","0","0"
Data,2026-08-10,12:38:14;127,"5031","0.000000","0","0","0","0","0","0"
Data,2026-08-10,12:38:14;137,"5031","0.000000","0","0","0","0","0","0"
Data,2026-08-10,12:38:14;147,"5031","0.000000","0","0","0","0","0","0"
Data,2026-08-10,12:38:14;157,"5031","0.000000","0","0","0","0","0","0"
Data,2026-08-10,12:38:14;167,"5032","0.000000","0","0","0","0","0","0"
Data,2026-08-10,12:38:14;177,"5032","0.000000","0","0","0","0","0","0"
Data,2026-08-10,12:38:14;187,"5032","0.000000","0","0","0","0","0","0"
Data,2026-08-10,12:38:14;197,"5032","0.000000","0","0","0","0","0","0"
Data,2026-08-10,12:38:14;207,"5032","0.000000","0","0","0","0","0","0"
Data,2026-08-10,12:38:14;217,"5032","0.000000","0","0","0","0","0","0"
Data,2026-08-10,12:38:14;227,"5033","0.000000","0","0","0","0","0","0"
Data,2026-08-10,12:38:14;237,"5033","0.000000","0","0","0","0","0","0"
Data,2026-08-10,12:38:14;247,"5033","0.000000","0","0","0","0","0","0"
Data,2026-08-10,12:38:14;257,"5033","0.000000","0","0","0","0","0","0"
Data,2026-08-10,12:38:14;267,"5033","0.000000","0","0","0","0","0","0"
Data,2026-08-10,12:38:14;277,"5033","0.000000","0","0","0","0","0","0"
Data,2026-08-10,12:38:14;287,"5033","0.000000","0","0","0","0","0","0"
Data,2026-08-10,12:38:14;297,"5033","0.000000","0","0","0","0","0","0"
Data,2026-08-10,12:38:14;307,"5033","0.000000","0","0","0","0","0","0"
Data,2026-08-10,12:38:14;317,"5033","0.000000","0","0","0","0","0","0"
Data,2026-08-10,12:38:14;327,"5033","0.000000","0","0","0","0","0","0"
Data,2026-08-10,12:38:14;337,"5033","0.000000","0","0","0","0","0","0"
Data,2026-08-10,12:38:14;347,"5033","0.000000","0","0","0","0","0","0"
Data,2026-08-10,12:38:14;357,"5033","0.000000","0","0","0","0","0","0"
Data,2026-08-10,12:38:14;367,"5033","0.000000","0","0","0","0","0","0"
Data,2026-08-10,12:38:14;377,"5033","0.000000","0","0","0","0","0","0"
Data,2026-08-10,12:38:14;387,"5033","0.000000","0","0","0","0","0","0"
Data,2026-08-10,12:38:14;397,"5033","0.000000","0","0","0","0","0","0"
Data,2026-08-10,12:38:14;407,"5033","0.000000","0","0","0","0","0","0"
Data,2026-08-10,12:38:14;417,"5033","0.000000","0","0","0","0","0","0"
Data,2026-08-10,12:38:14;427,"5033","0.000000","0","0","0","0","0","0"
Data,2026-08-10,12:38:14;437,"5033","0.000000","0","0","0","0","0","0"
Data,2026-08-10,12:38:14;447,"5033","0.000000","0","0","0","0","0","0"
Data,2026-08-10,12:38:14;457,"5033","0.000000","0","0","0","0","0","0"
Data,2026-08-10,12:38:14;467,"5033","0.000000","0","0","0","0","0","0"
Data,2026-08-10,12:38:14;477,"5033","0.000000","0","0","0","0","0","0"
Data,2026-08-10,12:38:14;487,"5033","0.000000","0","0","0","0","0","0"
Data,2026-08-10,12:38:14;497,"5033","0.000000","0","0","0","0","0","0"
Data,2026-08-10,12:38:14;507,"5033","0.000000","0","0","0","0","0","0"
Data,2026-08-10,12:38:14;517,"5033","0.000000","0","0","0","0","0","0"
Data,2026-08-10,12:38:14;527,"5033","0.000000","0","0","0","0","0","0"
Data,2026-08-10,12:38:14;537,"5033","0.000000","0","0","0","0","0","0"
Data,2026-08-10,12:38:14;547,"5033","0.000000","0","0","0","0","0","0"
Data,2026-08-10,12:38:14;557,"5033","0.000000","0","0","0","0","0","0"
Data,2026-08-10,12:38:14;567,"5033","0.000000","0","0","0","0","0","0"
Data,2026-08-10,12:38:14;577,"5033","0.000000","0","0","0","0","0","0"
Data,2026-08-10,12:38:14;587,"5033","0.000000","0","0","0","0","0","0"
Data,2026-08-10,12:38:14;597,"5033","0.000000","0","0","0","0","0","0"
Data,2026-08-10,12:38:14;607,"5033","0.000000","0","0","0","0","0","0"
Data,2026-08-10,12:38:14;617,"5033","0.000000","0","0","0","0","0","0"
Data,2026-08-10,12:38:14;627,"5033","0.000000","0","0","0","0","0","0"
Data,2026-08-10,12:38:14;637,"5033","0.000000","0","0","0","0","0","0"
Data,2026-08-10,12:38:14;647,"5033","0.000000","0","0","0","0","0","0"
Data,2026-08-10,12:38:14;657,"5033","0.000000","0","0","0","0","0","0"
Data,2026-08-10,12:38:14;667,"5033","0.000000","0","0","0","0","0","0"
Data,2026-08-10,12:38:14;677,"5033","0.000000","0","0","0","0","0","0"
Data,2026-08-10,12:38:14;687,"5033","0.000000","0","0","0","0","0","0"
Data,2026-08-10,12:38:14;697,"0","0.000000","0","0","0","0","0","0"
Data,2026-08-10,12:38:14;707,"0","3.000000","9830","0","1","0","0","0"
Data,2026-08-10,12:38:14;717,"0","3.000000","9830","0","1","0","0","0"
Data,2026-08-10,12:38:14;727,"0","3.000000","9830","0","1","0","0","0"
Data,2026-08-10,12:38:14;737,"0","3.000000","9830","0","1","0","0","0"
Data,2026-08-10,12:38:14;747,"0","3.000000","9830","0","1","0","0","0"
Data,2026-08-10,12:38:14;757,"0","3.000000","9830","0","1","0","0","0"
Data,2026-08-10,12:38:14;767,"0","3.000000","9830","0","1","0","0","0"
Data,2026-08-10,12:38:14;777,"0","3.000000","9830","0","1","0","0","0"
Data,2026-08-10,12:38:14;787,"0","3.000000","9830","0","1","0","0","0"
Data,2026-08-10,12:38:14;797,"0","3.000000","9830","0","1","0","0","0"
Data,2026-08-10,12:38:14;807,"0","3.000000","9830","0","1","0","0","0"
Data,2026-08-10,12:38:14;817,"14","3.004200","9844","0","1","0","0","0"
Data,2026-08-10,12:38:14;827,"14","3.004200","9844","0","1","0","0","0"
Data,2026-08-10,12:38:14;837,"43","3.004200","9844","0","1","0","0","0"
Data,2026-08-10,12:38:14;847,"43","3.012900","9872","1","1","0","0","0"
Data,2026-08-10,12:38:14;857,"83","3.012900","9872","1","1","0","0","0"
Data,2026-08-10,12:38:14;867,"83","3.024900","9912","1","1","0","0","0"
Data,2026-08-10,12:38:14;877,"131","3.039300","9959","1","1","0","0","0"
Data,2026-08-10,12:38:14;887,"131","3.039300","9959","1","1","0","0","0"
Data,2026-08-10,12:38:14;897,"188","3.039300","9959","1","1","0","0","0"
Data,2026-08-10,12:38:14;907,"188","3.056400","10015","1","1","0","0","0"
Data,2026-08-10,12:38:14;917,"231","3.056400","10015","1","1","0","0","0"
Data,2026-08-10,12:38:14;927,"231","3.069300","10057","1","1","0","0","0"
Data,2026-08-10,12:38:14;937,"272","3.081600","10097","1","1","0","0","0"
Data,2026-08-10,12:38:14;947,"272","3.081600","10097","1","1","0","0","0"
Data,2026-08-10,12:38:14;957,"312","3.081600","10097","1","1","0","0","0"
Data,2026-08-10,12:38:14;967,"312","3.093600","10137","1","1","0","0","0"
Data,2026-08-10,12:38:14;977,"359","3.093600","10137","1","1","0","0","0"
Data,2026-08-10,12:38:14;987,"359","3.107700","10183","1","1","0","0","0"
Data,2026-08-10,12:38:14;997,"407","3.122100","10230","1","1","0","0","0"
Data,2026-08-10,12:38:15;007,"407","3.122100","10230","1","1","0","0","0"
Data,2026-08-10,12:38:15;017,"452","3.122100","10230","1","1","0","0","0"
Data,2026-08-10,12:38:15;027,"452","3.135600","10274","1","1","0","0","0"
Data,2026-08-10,12:38:15;037,"500","3.135600","10274","1","1","0","0","0"
Data,2026-08-10,12:38:15;047,"500","3.135600","10274","1","0","1","0","0"
Data,2026-08-10,12:38:15;057,"552","3.135600","10274","1","0","1","0","0"
Data,2026-08-10,12:38:15;067,"552","3.135600","10274","1","0","1","0","0"
Data,2026-08-10,12:38:15;077,"599","3.135600","10274","1","0","1","0","0"
Data,2026-08-10,12:38:15;087,"599","3.135600","10274","1","0","1","0","0"
Data,2026-08-10,12:38:15;097,"647","3.135600","10274","1","0","1","0","0"
Data,2026-08-10,12:38:15;107,"647","3.135600","10274","1","0","1","0","0"
Data,2026-08-10,12:38:15;117,"695","3.135600","10274","1","0","1","0","0"
Data,2026-08-10,12:38:15;127,"695","3.135600","10274","1","0","1","0","0"
Data,2026-08-10,12:38:15;137,"747","3.135600","10274","1","0","1","0","0"
Data,2026-08-10,12:38:15;147,"747","3.135600","10274","1","0","1","0","0"
Data,2026-08-10,12:38:15;157,"797","3.135600","10274","1","0","1","0","0"
Data,2026-08-10,12:38:15;167,"797","3.135600","10274","1","0","1","0","0"
Data,2026-08-10,12:38:15;177,"846","3.135600","10274","1","0","1","0","0"
Data,2026-08-10,12:38:15;187,"846","3.135600","10274","1","0","1","0","0"
Data,2026-08-10,12:38:15;197,"897","3.135600","10274","1","0","1","0","0"
Data,2026-08-10,12:38:15;207,"897","3.135600","10274","1","0","1","0","0"
Data,2026-08-10,12:38:15;217,"950","3.135600","10274","1","0","1","0","0"
Data,2026-08-10,12:38:15;227,"950","3.135600","10274","1","0","1","0","0"
Data,2026-08-10,12:38:15;237,"999","3.135600","10274","1","0","1","0","0"
Data,2026-08-10,12:38:15;247,"999","3.135600","10274","1","0","1","0","0"
Data,2026-08-10,12:38:15;257,"1049","3.135600","10274","1","0","1","0","0"
Data,2026-08-10,12:38:15;267,"1049","3.135600","10274","1","0","1","0","0"
Data,2026-08-10,12:38:15;277,"1097","3.135600","10274","1","0","1","0","0"
Data,2026-08-10,12:38:15;287,"1097","3.135600","10274","1","0","1","0","0"
Data,2026-08-10,12:38:15;297,"1146","3.135600","10274","1","0","1","0","0"
Data,2026-08-10,12:38:15;307,"1146","3.135600","10274","1","0","1","0","0"
Data,2026-08-10,12:38:15;317,"1200","3.135600","10274","1","0","1","0","0"
Data,2026-08-10,12:38:15;327,"1200","3.135600","10274","1","0","1","0","0"
Data,2026-08-10,12:38:15;337,"1250","3.135600","10274","1","0","1","0","0"
Data,2026-08-10,12:38:15;347,"1250","3.135600","10274","1","0","1","0","0"
Data,2026-08-10,12:38:15;357,"1298","3.135600","10274","1","0","1","0","0"
Data,2026-08-10,12:38:15;367,"1298","3.135600","10274","1","0","1","0","0"
Data,2026-08-10,12:38:15;377,"1350","3.135600","10274","1","0","1","0","0"
Data,2026-08-10,12:38:15;387,"1350","3.135600","10274","1","0","1","0","0"
Data,2026-08-10,12:38:15;397,"1397","3.135600","10274","1","0","1","0","0"
Data,2026-08-10,12:38:15;407,"1397","3.135600","10274","1","0","1","0","0"
Data,2026-08-10,12:38:15;417,"1443","3.135600","10274","1","0","1","0","0"
Data,2026-08-10,12:38:15;427,"1443","3.135600","10274","1","0","1","0","0"
Data,2026-08-10,12:38:15;437,"1491","3.135600","10274","1","0","1","0","0"
Data,2026-08-10,12:38:15;447,"1491","3.135600","10274","1","0","1","0","0"
Data,2026-08-10,12:38:15;457,"1542","3.135600","10274","1","0","1","0","0"
Data,2026-08-10,12:38:15;467,"1542","3.135600","10274","1","0","1","0","0"
Data,2026-08-10,12:38:15;477,"1587","3.135600","10274","1","0","1","0","0"
Data,2026-08-10,12:38:15;487,"1587","3.135600","10274","1","0","1","0","0"
Data,2026-08-10,12:38:15;497,"1633","3.135600","10274","1","0","1","0","0"
Data,2026-08-10,12:38:15;507,"1633","3.135600","10274","1","0","1","0","0"
Data,2026-08-10,12:38:15;517,"1681","3.135600","10274","1","0","1","0","0"
Data,2026-08-10,12:38:15;527,"1681","3.135600","10274","1","0","1","0","0"
Data,2026-08-10,12:38:15;537,"1730","3.135600","10274","1","0","1","0","0"
Data,2026-08-10,12:38:15;547,"1730","3.135600","10274","1","0","1","0","0"
Data,2026-08-10,12:38:15;557,"1784","3.135600","10274","1","0","1","0","0"
Data,2026-08-10,12:38:15;567,"1784","3.135600","10274","1","0","1","0","0"
Data,2026-08-10,12:38:15;577,"1834","3.135600","10274","1","0","1","0","0"
Data,2026-08-10,12:38:15;587,"1834","3.135600","10274","1","0","1","0","0"
Data,2026-08-10,12:38:15;597,"1885","3.135600","10274","1","0","1","0","0"
Data,2026-08-10,12:38:15;607,"1885","3.135600","10274","1","0","1","0","0"
Data,2026-08-10,12:38:15;617,"1934","3.135600","10274","1","0","1","0","0"
Data,2026-08-10,12:38:15;627,"1934","3.135600","10274","1","0","1","0","0"
Data,2026-08-10,12:38:15;637,"1988","3.135600","10274","1","0","1","0","0"
Data,2026-08-10,12:38:15;647,"1988","3.135600","10274","1","0","1","0","0"
Data,2026-08-10,12:38:15;657,"2038","3.135600","10274","1","0","1","0","0"
Data,2026-08-10,12:38:15;667,"2038","3.135600","10274","1","0","1","0","0"
Data,2026-08-10,12:38:15;677,"2089","3.135600","10274","1","0","1","0","0"
Data,2026-08-10,12:38:15;687,"2089","3.135600","10274","1","0","1","0","0"
Data,2026-08-10,12:38:15;697,"2138","3.135600","10274","1","0","1","0","0"
Data,2026-08-10,12:38:15;707,"2138","3.135600","10274","1","0","1","0","0"
Data,2026-08-10,12:38:15;717,"2188","3.135600","10274","1","0","1","0","0"
Data,2026-08-10,12:38:15;727,"2188","3.135600","10274","1","0","1","0","0"
Data,2026-08-10,12:38:15;737,"2233","3.135600","10274","1","0","1","0","0"
Data,2026-08-10,12:38:15;747,"2233","3.135600","10274","1","0","1","0","0"
Data,2026-08-10,12:38:15;757,"2279","3.135600","10274","1","0","1","0","0"
Data,2026-08-10,12:38:15;767,"2279","3.135600","10274","1","0","1","0","0"
Data,2026-08-10,12:38:15;777,"2332","3.135600","10274","1","0","1","0","0"
Data,2026-08-10,12:38:15;787,"2332","3.135600","10274","1","0","1","0","0"
Data,2026-08-10,12:38:15;797,"2382","3.135600","10274","1","0","1","0","0"
Data,2026-08-10,12:38:15;807,"2382","3.135600","10274","1","0","1","0","0"
Data,2026-08-10,12:38:15;817,"2433","3.135600","10274","1","0","1","0","0"
Data,2026-08-10,12:38:15;827,"2433","3.135600","10274","1","0","1","0","0"
Data,2026-08-10,12:38:15;837,"2483","3.135600","10274","1","0","1","0","0"
Data,2026-08-10,12:38:15;847,"2483","3.135600","10274","1","0","1","0","0"
Data,2026-08-10,12:38:15;857,"2536","3.135600","10274","1","0","1","0","0"
Data,2026-08-10,12:38:15;867,"2536","3.135600","10274","1","0","1","0","0"
Data,2026-08-10,12:38:15;877,"2584","3.135600","10274","1","0","1","0","0"
Data,2026-08-10,12:38:15;887,"2584","3.135600","10274","1","0","1","0","0"
Data,2026-08-10,12:38:15;897,"2629","3.135600","10274","1","0","1","0","0"
Data,2026-08-10,12:38:15;907,"2629","3.135600","10274","1","0","1","0","0"
Data,2026-08-10,12:38:15;917,"2677","3.135600","10274","1","0","1","0","0"
Data,2026-08-10,12:38:15;927,"2677","3.135600","10274","1","0","1","0","0"
Data,2026-08-10,12:38:15;937,"2725","3.135600","10274","1","0","1","0","0"
Data,2026-08-10,12:38:15;947,"2725","3.135600","10274","1","0","1","0","0"
Data,2026-08-10,12:38:15;957,"2777","3.135600","10274","1","0","1","0","0"
Data,2026-08-10,12:38:15;967,"2777","3.135600","10274","1","0","1","0","0"
Data,2026-08-10,12:38:15;977,"2832","3.135600","10274","1","0","1","0","0"
Data,2026-08-10,12:38:15;987,"2832","3.135600","10274","1","0","1","0","0"
Data,2026-08-10,12:38:15;997,"2882","3.135600","10274","1","0","1","0","0"
Data,2026-08-10,12:38:16;007,"2882","3.135600","10274","1","0","1","0","0"
Data,2026-08-10,12:38:16;017,"2931","3.135600","10274","1","0","1","0","0"
Data,2026-08-10,12:38:16;027,"2931","3.135600","10274","1","0","1","0","0"
Data,2026-08-10,12:38:16;037,"2980","3.135600","10274","1","0","1","0","0"
Data,2026-08-10,12:38:16;047,"2980","3.135600","10274","1","0","1","0","0"
Data,2026-08-10,12:38:16;057,"3031","3.135600","10274","1","0","1","0","0"
Data,2026-08-10,12:38:16;067,"3031","3.135600","10274","1","0","1","0","0"
Data,2026-08-10,12:38:16;077,"3076","3.135600","10274","1","0","1","0","0"
Data,2026-08-10,12:38:16;087,"3076","3.135600","10274","1","0","1","0","0"
Data,2026-08-10,12:38:16;097,"3123","3.135600","10274","1","0","1","0","0"
Data,2026-08-10,12:38:16;107,"3123","3.135600","10274","1","0","1","0","0"
Data,2026-08-10,12:38:16;117,"3175","3.135600","10274","1","0","1","0","0"
Data,2026-08-10,12:38:16;127,"3175","3.135600","10274","1","0","1","0","0"
Data,2026-08-10,12:38:16;137,"3223","3.135600","10274","1","0","1","0","0"
Data,2026-08-10,12:38:16;147,"3223","3.135600","10274","1","0","1","0","0"
Data,2026-08-10,12:38:16;157,"3274","3.135600","10274","1","0","1","0","0"
Data,2026-08-10,12:38:16;167,"3274","3.135600","10274","1","0","1","0","0"
Data,2026-08-10,12:38:16;177,"3328","3.135600","10274","1","0","1","0","0"
Data,2026-08-10,12:38:16;187,"3328","3.135600","10274","1","0","1","0","0"
Data,2026-08-10,12:38:16;197,"3378","3.135600","10274","1","0","1","0","0"
Data,2026-08-10,12:38:16;207,"3378","3.135600","10274","1","0","1","0","0"
Data,2026-08-10,12:38:16;217,"3426","3.135600","10274","1","0","1","0","0"
Data,2026-08-10,12:38:16;227,"3426","3.135600","10274","1","0","1","0","0"
Data,2026-08-10,12:38:16;237,"3472","3.135600","10274","1","0","1","0","0"
Data,2026-08-10,12:38:16;247,"3472","3.135600","10274","1","0","1","0","0"
Data,2026-08-10,12:38:16;257,"3522","3.135600","10274","1","0","1","0","0"
Data,2026-08-10,12:38:16;267,"3522","3.135600","10274","1","0","1","0","0"
Data,2026-08-10,12:38:16;277,"3569","3.135600","10274","1","0","1","0","0"
Data,2026-08-10,12:38:16;287,"3569","3.135600","10274","1","0","1","0","0"
Data,2026-08-10,12:38:16;297,"3618","3.135600","10274","1","0","1","0","0"
Data,2026-08-10,12:38:16;307,"3618","3.135600","10274","1","0","1","0","0"
Data,2026-08-10,12:38:16;317,"3667","3.135600","10274","1","0","1","0","0"
Data,2026-08-10,12:38:16;327,"3667","3.135600","10274","1","0","1","0","0"
Data,2026-08-10,12:38:16;337,"3720","3.135600","10274","1","0","1","0","0"
Data,2026-08-10,12:38:16;347,"3720","3.135600","10274","1","0","1","0","0"
Data,2026-08-10,12:38:16;357,"3767","3.135600","10274","1","0","1","0","0"
Data,2026-08-10,12:38:16;367,"3767","3.135600","10274","1","0","1","0","0"
Data,2026-08-10,12:38:16;377,"3817","3.135600","10274","1","0","1","0","0"
Data,2026-08-10,12:38:16;387,"3817","3.135600","10274","1","0","1","0","0"
Data,2026-08-10,12:38:16;397,"3865","3.135600","10274","1","0","1","0","0"
Data,2026-08-10,12:38:16;407,"3865","3.135600","10274","1","0","1","0","0"
Data,2026-08-10,12:38:16;417,"3913","3.135600","10274","1","0","1","0","0"
Data,2026-08-10,12:38:16;427,"3913","3.135600","10274","1","0","1","0","0"
Data,2026-08-10,12:38:16;437,"3961","3.135600","10274","1","0","1","0","0"
Data,2026-08-10,12:38:16;447,"3961","3.135600","10274","1","0","1","0","0"
Data,2026-08-10,12:38:16;457,"4014","3.135600","10274","1","0","1","0","0"
Data,2026-08-10,12:38:16;467,"4014","2.972879","9741","1","0","0","1","0"
Data,2026-08-10,12:38:16;477,"4063","2.972879","9741","1","0","0","1","0"
Data,2026-08-10,12:38:16;487,"4063","2.887336","9461","1","0","0","1","0"
Data,2026-08-10,12:38:16;497,"4110","2.887336","9461","1","0","0","1","0"
Data,2026-08-10,12:38:16;507,"4110","2.887336","9461","1","0","0","1","0"
Data,2026-08-10,12:38:16;517,"4158","2.805284","9192","1","0","0","1","0"
Data,2026-08-10,12:38:16;527,"4158","2.721486","8917","1","0","0","1","0"
Data,2026-08-10,12:38:16;537,"4210","2.721486","8917","1","0","0","1","0"
Data,2026-08-10,12:38:16;547,"4210","2.630705","8620","1","0","0","1","0"
Data,2026-08-10,12:38:16;557,"4253","2.630705","8620","1","0","0","1","0"
Data,2026-08-10,12:38:16;567,"4253","2.630705","8620","1","0","0","1","0"
Data,2026-08-10,12:38:16;577,"4294","2.555636","8374","1","0","0","1","0"
Data,2026-08-10,12:38:16;587,"4294","2.484058","8140","1","0","0","1","0"
Data,2026-08-10,12:38:16;597,"4330","2.484058","8140","1","0","0","1","0"
Data,2026-08-10,12:38:16;607,"4330","2.421210","7934","1","0","0","1","0"
Data,2026-08-10,12:38:16;617,"4344","2.421210","7934","1","0","0","0","1"
Data,2026-08-10,12:38:16;627,"4344","2.421210","7934","1","0","0","0","1"
Data,2026-08-10,12:38:16;637,"4358","2.421210","7934","1","0","0","0","1"
Data,2026-08-10,12:38:16;647,"4358","2.421210","7934","1","0","0","0","1"
Data,2026-08-10,12:38:16;657,"4378","2.421210","7934","1","0","0","0","1"
Data,2026-08-10,12:38:16;667,"4378","2.421210","7934","1","0","0","0","1"
Data,2026-08-10,12:38:16;677,"4392","2.421210","7934","1","0","0","0","1"
Data,2026-08-10,12:38:16;687,"4392","2.421210","7934","1","0","0","0","1"
Data,2026-08-10,12:38:16;697,"4400","2.421210","7934","1","0","0","0","1"
Data,2026-08-10,12:38:16;707,"4400","2.421210","7934","1","0","0","0","1"
Data,2026-08-10,12:38:16;717,"4403","2.421210","7934","1","0","0","0","1"
Data,2026-08-10,12:38:16;727,"4403","2.421210","7934","1","0","0","0","1"
Data,2026-08-10,12:38:16;737,"4405","2.421210","7934","1","0","0","0","1"
Data,2026-08-10,12:38:16;747,"4405","2.421210","7934","1","0","0","0","1"
Data,2026-08-10,12:38:16;757,"4415","2.421210","7934","1","0","0","0","1"
Data,2026-08-10,12:38:16;767,"4415","2.421210","7934","1","0","0","0","1"
Data,2026-08-10,12:38:16;777,"4432","2.421210","7934","1","0","0","0","1"
Data,2026-08-10,12:38:16;787,"4432","2.421210","7934","1","0","0","0","1"
Data,2026-08-10,12:38:16;797,"4446","2.421210","7934","1","0","0","0","1"
Data,2026-08-10,12:38:16;807,"4446","2.421210","7934","1","0","0","0","1"
Data,2026-08-10,12:38:16;817,"4454","2.421210","7934","1","0","0","0","1"
Data,2026-08-10,12:38:16;827,"4454","2.421210","7934","1","0","0","0","1"
Data,2026-08-10,12:38:16;837,"4465","2.421210","7934","1","0","0","0","1"
Data,2026-08-10,12:38:16;847,"4465","2.421210","7934","1","0","0","0","1"
Data,2026-08-10,12:38:16;857,"4475","2.421210","7934","1","0","0","0","1"
Data,2026-08-10,12:38:16;867,"4475","2.421210","7934","1","0","0","0","1"
Data,2026-08-10,12:38:16;877,"4479","2.421210","7934","1","0","0","0","1"
Data,2026-08-10,12:38:16;887,"4479","2.421210","7934","1","0","0","0","1"
Data,2026-08-10,12:38:16;897,"4481","2.421210","7934","1","0","0","0","1"
Data,2026-08-10,12:38:16;907,"4481","2.421210","7934","1","0","0","0","1"
Data,2026-08-10,12:38:16;917,"4482","2.421210","7934","1","0","0","0","1"
Data,2026-08-10,12:38:16;927,"4482","2.421210","7934","1","0","0","0","1"
Data,2026-08-10,12:38:16;937,"4489","2.421210","7934","1","0","0","0","1"
Data,2026-08-10,12:38:16;947,"4489","2.421210","7934","1","0","0","0","1"
Data,2026-08-10,12:38:16;957,"4496","2.421210","7934","1","0","0","0","1"
Data,2026-08-10,12:38:16;967,"4496","2.421210","7934","1","0","0","0","1"
Data,2026-08-10,12:38:16;977,"4508","2.421210","7934","1","0","0","0","1"
Data,2026-08-10,12:38:16;987,"4508","2.421210","7934","1","0","0","0","1"
Data,2026-08-10,12:38:16;997,"4520","2.421210","7934","1","0","0","0","1"
Data,2026-08-10,12:38:17;007,"4520","2.421210","7934","1","0","0","0","1"
Data,2026-08-10,12:38:17;017,"4531","2.421210","7934","1","0","0","0","1"
Data,2026-08-10,12:38:17;027,"4531","2.421210","7934","1","0","0","0","1"
Data,2026-08-10,12:38:17;037,"4542","2.421210","7934","1","0","0","0","1"
Data,2026-08-10,12:38:17;047,"4542","2.421210","7934","1","0","0","0","1"
Data,2026-08-10,12:38:17;057,"4551","2.421210","7934","1","0","0","0","1"
Data,2026-08-10,12:38:17;067,"4551","2.421210","7934","1","0","0","0","1"
Data,2026-08-10,12:38:17;077,"4557","2.421210","7934","1","0","0","0","1"
Data,2026-08-10,12:38:17;087,"4557","2.421210","7934","1","0","0","0","1"
Data,2026-08-10,12:38:17;097,"4564","2.421210","7934","1","0","0","0","1"
Data,2026-08-10,12:38:17;107,"4564","2.421210","7934","1","0","0","0","1"
Data,2026-08-10,12:38:17;117,"4572","2.421210","7934","1","0","0","0","1"
Data,2026-08-10,12:38:17;127,"4572","2.421210","7934","1","0","0","0","1"
Data,2026-08-10,12:38:17;137,"4580","2.421210","7934","1","0","0","0","1"
Data,2026-08-10,12:38:17;147,"4580","2.421210","7934","1","0","0","0","1"
Data,2026-08-10,12:38:17;157,"4589","2.421210","7934","1","0","0","0","1"
Data,2026-08-10,12:38:17;167,"4589","2.421210","7934","1","0","0","0","1"
Data,2026-08-10,12:38:17;177,"4596","2.421210","7934","1","0","0","0","1"
Data,2026-08-10,12:38:17;187,"4596","2.421210","7934","1","0","0","0","1"
Data,2026-08-10,12:38:17;197,"4604","2.421210","7934","1","0","0","0","1"
Data,2026-08-10,12:38:17;207,"4604","2.421210","7934","1","0","0","0","1"
Data,2026-08-10,12:38:17;217,"4612","2.421210","7934","1","0","0","0","1"
Data,2026-08-10,12:38:17;227,"4612","2.421210","7934","1","0","0","0","1"
Data,2026-08-10,12:38:17;237,"4622","2.421210","7934","1","0","0","0","1"
Data,2026-08-10,12:38:17;247,"4622","2.421210","7934","1","0","0","0","1"
Data,2026-08-10,12:38:17;257,"4633","2.421210","7934","1","0","0","0","1"
Data,2026-08-10,12:38:17;267,"4633","2.421210","7934","1","0","0","0","1"
Data,2026-08-10,12:38:17;277,"4644","2.421210","7934","1","0","0","0","1"
Data,2026-08-10,12:38:17;287,"4644","2.421210","7934","1","0","0","0","1"
Data,2026-08-10,12:38:17;297,"4653","2.421210","7934","1","0","0","0","1"
Data,2026-08-10,12:38:17;307,"4653","2.421210","7934","1","0","0","0","1"
Data,2026-08-10,12:38:17;317,"4662","2.421210","7934","1","0","0","0","1"
Data,2026-08-10,12:38:17;327,"4662","2.421210","7934","1","0","0","0","1"
Data,2026-08-10,12:38:17;337,"4670","2.421210","7934","1","0","0","0","1"
Data,2026-08-10,12:38:17;347,"4670","2.421210","7934","1","0","0","0","1"
Data,2026-08-10,12:38:17;357,"4678","2.421210","7934","1","0","0","0","1"
Data,2026-08-10,12:38:17;367,"4678","2.421210","7934","1","0","0","0","1"
Data,2026-08-10,12:38:17;377,"4678","2.421210","7934","1","0","0","0","1"
Data,2026-08-10,12:38:17;387,"4685","2.421210","7934","1","0","0","0","1"
Data,2026-08-10,12:38:17;397,"4685","2.421210","7934","1","0","0","0","1"
Data,2026-08-10,12:38:17;407,"4693","2.421210","7934","1","0","0","0","1"
Data,2026-08-10,12:38:17;417,"4693","2.421210","7934","1","0","0","0","1"
Data,2026-08-10,12:38:17;427,"4701","2.421210","7934","1","0","0","0","1"
Data,2026-08-10,12:38:17;437,"4701","2.421210","7934","1","0","0","0","1"
Data,2026-08-10,12:38:17;447,"4709","2.421210","7934","1","0","0","0","1"
Data,2026-08-10,12:38:17;457,"4719","2.421210","7934","1","0","0","0","1"
Data,2026-08-10,12:38:17;467,"4719","2.421210","7934","1","0","0","0","1"
Data,2026-08-10,12:38:17;477,"4719","2.421210","7934","1","0","0","0","1"
Data,2026-08-10,12:38:17;487,"4728","2.421210","7934","1","0","0","0","1"
Data,2026-08-10,12:38:17;497,"4728","2.421210","7934","1","0","0","0","1"
Data,2026-08-10,12:38:17;507,"4736","2.421210","7934","1","0","0","0","1"
Data,2026-08-10,12:38:17;517,"4736","2.421210","7934","1","0","0","0","1"
Data,2026-08-10,12:38:17;527,"4746","2.421210","7934","1","0","0","0","1"
Data,2026-08-10,12:38:17;537,"4746","2.421210","7934","1","0","0","0","1"
Data,2026-08-10,12:38:17;547,"4755","2.421210","7934","1","0","0","0","1"
Data,2026-08-10,12:38:17;557,"4755","2.421210","7934","1","0","0","0","1"
Data,2026-08-10,12:38:17;567,"4764","2.421210","7934","1","0","0","0","1"
Data,2026-08-10,12:38:17;577,"4764","2.421210","7934","1","0","0","0","1"
Data,2026-08-10,12:38:17;587,"4772","2.421210","7934","1","0","0","0","1"
Data,2026-08-10,12:38:17;597,"4772","2.421210","7934","1","0","0","0","1"
Data,2026-08-10,12:38:17;607,"4780","2.421210","7934","1","0","0","0","1"
Data,2026-08-10,12:38:17;617,"4780","2.421210","7934","1","0","0","0","1"
Data,2026-08-10,12:38:17;627,"4788","2.421210","7934","1","0","0","0","1"
Data,2026-08-10,12:38:17;637,"4788","2.421210","7934","1","0","0","0","1"
Data,2026-08-10,12:38:17;647,"4796","2.421210","7934","1","0","0","0","1"
Data,2026-08-10,12:38:17;657,"4796","2.421210","7934","1","0","0","0","1"
Data,2026-08-10,12:38:17;667,"4803","2.421210","7934","1","0","0","0","1"
Data,2026-08-10,12:38:17;677,"4803","2.421210","7934","1","0","0","0","1"
Data,2026-08-10,12:38:17;687,"4812","2.421210","7934","1","0","0","0","1"
Data,2026-08-10,12:38:17;697,"4812","2.421210","7934","1","0","0","0","1"
Data,2026-08-10,12:38:17;707,"4820","2.421210","7934","1","0","0","0","1"
Data,2026-08-10,12:38:17;717,"4820","2.421210","7934","1","0","0","0","1"
Data,2026-08-10,12:38:17;727,"4827","2.421210","7934","1","0","0","0","1"
Data,2026-08-10,12:38:17;737,"4827","2.421210","7934","1","0","0","0","1"
Data,2026-08-10,12:38:17;747,"4835","2.421210","7934","1","0","0","0","1"
Data,2026-08-10,12:38:17;757,"4835","2.421210","7934","1","0","0","0","1"
Data,2026-08-10,12:38:17;767,"4843","2.421210","7934","1","0","0","0","1"
Data,2026-08-10,12:38:17;777,"4843","2.421210","7934","1","0","0","0","1"
Data,2026-08-10,12:38:17;787,"4851","2.421210","7934","1","0","0","0","1"
Data,2026-08-10,12:38:17;797,"4851","2.421210","7934","1","0","0","0","1"
Data,2026-08-10,12:38:17;807,"4859","2.421210","7934","1","0","0","0","1"
Data,2026-08-10,12:38:17;817,"4859","2.421210","7934","1","0","0","0","1"
Data,2026-08-10,12:38:17;827,"4869","2.421210","7934","1","0","0","0","1"
Data,2026-08-10,12:38:17;837,"4869","2.421210","7934","1","0","0","0","1"
Data,2026-08-10,12:38:17;847,"4877","2.421210","7934","1","0","0","0","1"
Data,2026-08-10,12:38:17;857,"4877","2.421210","7934","1","0","0","0","1"
Data,2026-08-10,12:38:17;867,"4886","2.421210","7934","1","0","0","0","1"
Data,2026-08-10,12:38:17;877,"4886","2.421210","7934","1","0","0","0","1"
Data,2026-08-10,12:38:17;887,"4895","2.421210","7934","1","0","0","0","1"
Data,2026-08-10,12:38:17;897,"4895","2.421210","7934","1","0","0","0","1"
Data,2026-08-10,12:38:17;907,"4904","2.421210","7934","1","0","0","0","1"
Data,2026-08-10,12:38:17;917,"4904","2.421210","7934","1","0","0","0","1"
Data,2026-08-10,12:38:17;927,"4912","2.421210","7934","1","0","0","0","1"
Data,2026-08-10,12:38:17;937,"4912","2.421210","7934","1","0","0","0","1"
Data,2026-08-10,12:38:17;947,"4922","2.421210","7934","1","0","0","0","1"
Data,2026-08-10,12:38:17;957,"4922","2.421210","7934","1","0","0","0","1"
Data,2026-08-10,12:38:17;967,"4930","2.421210","7934","1","0","0","0","1"
Data,2026-08-10,12:38:17;977,"4930","2.421210","7934","1","0","0","0","1"
Data,2026-08-10,12:38:17;987,"4938","2.421210","7934","1","0","0","0","1"
Data,2026-08-10,12:38:17;997,"4938","2.421210","7934","0","0","0","0","1"
Data,2026-08-10,12:38:18;007,"4947","2.421210","7934","0","0","0","0","1"
Data,2026-08-10,12:38:18;017,"4947","2.421210","7934","0","0","0","0","1"
Data,2026-08-10,12:38:18;027,"4955","0.000000","0","0","0","0","0","0"
Data,2026-08-10,12:38:18;037,"4955","0.000000","0","0","0","0","0","0"
Data,2026-08-10,12:38:18;047,"4964","0.000000","0","0","0","0","0","0"
Data,2026-08-10,12:38:18;057,"4964","0.000000","0","0","0","0","0","0"
Data,2026-08-10,12:38:18;067,"4973","0.000000","0","0","0","0","0","0"
Data,2026-08-10,12:38:18;077,"4973","0.000000","0","0","0","0","0","0"
Data,2026-08-10,12:38:18;087,"4981","0.000000","0","0","0","0","0","0"
Data,2026-08-10,12:38:18;097,"4981","0.000000","0","0","0","0","0","0"
Data,2026-08-10,12:38:18;107,"4985","0.000000","0","0","0","0","0","0"
Data,2026-08-10,12:38:18;117,"4985","0.000000","0","0","0","0","0","0"
Data,2026-08-10,12:38:18;127,"4991","0.000000","0","0","0","0","0","0"
Data,2026-08-10,12:38:18;137,"4991","0.000000","0","0","0","0","0","0"
Data,2026-08-10,12:38:18;147,"4993","0.000000","0","0","0","0","0","0"
Data,2026-08-10,12:38:18;157,"4993","0.000000","0","0","0","0","0","0"
Data,2026-08-10,12:38:18;167,"4994","0.000000","0","0","0","0","0","0"
Data,2026-08-10,12:38:18;177,"4994","0.000000","0","0","0","0","0","0"
Data,2026-08-10,12:38:18;187,"4994","0.000000","0","0","0","0","0","0"
Data,2026-08-10,12:38:18;197,"4994","0.000000","0","0","0","0","0","0"
Data,2026-08-10,12:38:18;207,"4995","0.000000","0","0","0","0","0","0"
Data,2026-08-10,12:38:18;217,"4995","0.000000","0","0","0","0","0","0"
Data,2026-08-10,12:38:18;227,"4995","0.000000","0","0","0","0","0","0"
Data,2026-08-10,12:38:18;237,"4995","0.000000","0","0","0","0","0","0"
Data,2026-08-10,12:38:18;247,"4995","0.000000","0","0","0","0","0","0"
Data,2026-08-10,12:38:18;257,"4995","0.000000","0","0","0","0","0","0"
Data,2026-08-10,12:38:18;267,"4995","0.000000","0","0","0","0","0","0"
Data,2026-08-10,12:38:18;277,"4995","0.000000","0","0","0","0","0","0"
Data,2026-08-10,12:38:18;287,"4995","0.000000","0","0","0","0","0","0"
Data,2026-08-10,12:38:18;297,"4995","0.000000","0","0","0","0","0","0"
Data,2026-08-10,12:38:18;307,"4995","0.000000","0","0","0","0","0","0"
Data,2026-08-10,12:38:18;317,"4995","0.000000","0","0","0","0","0","0"
Data,2026-08-10,12:38:18;327,"4995","0.000000","0","0","0","0","0","0"
Data,2026-08-10,12:38:18;337,"4995","0.000000","0","0","0","0","0","0"
Data,2026-08-10,12:38:18;347,"4995","0.000000","0","0","0","0","0","0"
Data,2026-08-10,12:38:18;357,"4995","0.000000","0","0","0","0","0","0"
Data,2026-08-10,12:38:18;367,"4995","0.000000","0","0","0","0","0","0"
Data,2026-08-10,12:38:18;377,"4995","0.000000","0","0","0","0","0","0"
Data,2026-08-10,12:38:18;387,"4995","0.000000","0","0","0","0","0","0"
Data,2026-08-10,12:38:18;397,"4995","0.000000","0","0","0","0","0","0"
Data,2026-08-10,12:38:18;407,"4995","0.000000","0","0","0","0","0","0"
Data,2026-08-10,12:38:18;417,"4995","0.000000","0","0","0","0","0","0"
Data,2026-08-10,12:38:18;427,"4995","0.000000","0","0","0","0","0","0"
Data,2026-08-10,12:38:18;437,"4995","0.000000","0","0","0","0","0","0"
Data,2026-08-10,12:38:18;447,"4995","0.000000","0","0","0","0","0","0"
Data,2026-08-10,12:38:18;457,"4995","0.000000","0","0","0","0","0","0"
Data,2026-08-10,12:38:18;467,"4995","0.000000","0","0","0","0","0","0"
Data,2026-08-10,12:38:18;477,"4995","0.000000","0","0","0","0","0","0"
Data,2026-08-10,12:38:18;487,"4995","0.000000","0","0","0","0","0","0"
Data,2026-08-10,12:38:18;497,"4995","0.000000","0","0","0","0","0","0"
Data,2026-08-10,12:38:18;507,"4995","0.000000","0","0","0","0","0","0"
Data,2026-08-10,12:38:18;517,"4995","0.000000","0","0","0","0","0","0"
Data,2026-08-10,12:38:18;527,"4995","0.000000","0","0","0","0","0","0"
Data,2026-08-10,12:38:18;537,"4995","0.000000","0","0","0","0","0","0"
Data,2026-08-10,12:38:18;547,"4995","0.000000","0","0","0","0","0","0"
Data,2026-08-10,12:38:18;557,"4995","0.000000","0","0","0","0","0","0"
Data,2026-08-10,12:38:18;567,"4995","0.000000","0","0","0","0","0","0"
Data,2026-08-10,12:38:18;577,"4995","0.000000","0","0","0","0","0","0"
Data,2026-08-10,12:38:18;587,"4995","0.000000","0","0","0","0","0","0"
Data,2026-08-10,12:38:18;597,"4995","0.000000","0","0","0","0","0","0"
Data,2026-08-10,12:38:18;607,"4995","0.000000","0","0","0","0","0","0"
Data,2026-08-10,12:38:18;617,"4995","0.000000","0","0","0","0","0","0"
Data,2026-08-10,12:38:18;627,"4995","0.000000","0","0","0","0","0","0"
Data,2026-08-10,12:38:18;637,"4995","0.000000","0","0","0","0","0","0"
Data,2026-08-10,12:38:18;647,"4995","0.000000","0","0","0","0","0","0"
Data,2026-08-10,12:38:18;657,"4995","0.000000","0","0","0","0","0","0"
Data,2026-08-10,12:38:18;667,"4995","0.000000","0","0","0","0","0","0"
Data,2026-08-10,12:38:18;677,"4995","0.000000","0","0","0","0","0","0"
Data,2026-08-10,12:38:18;687,"4995","0.000000","0","0","0","0","0","0"
Data,2026-08-10,12:38:18;697,"4995","0.000000","0","0","0","0","0","0"
Data,2026-08-10,12:38:18;707,"4995","0.000000","0","0","0","0","0","0"
Data,2026-08-10,12:38:18;717,"4995","0.000000","0","0","0","0","0","0"
Data,2026-08-10,12:38:18;727,"4995","0.000000","0","0","0","0","0","0"
Data,2026-08-10,12:38:18;737,"4995","0.000000","0","0","0","0","0","0"
Data,2026-08-10,12:38:18;747,"4995","0.000000","0","0","0","0","0","0"
Data,2026-08-10,12:38:18;757,"4995","0.000000","0","0","0","0","0","0"
Data,2026-08-10,12:38:18;767,"4995","0.000000","0","0","0","0","0","0"
Data,2026-08-10,12:38:18;777,"4995","0.000000","0","0","0","0","0","0"
Data,2026-08-10,12:38:18;787,"0","0.000000","0","0","0","0","0","0"
Data,2026-08-10,12:38:18;797,"0","0.000000","0","0","0","0","0","0"
Data,2026-08-10,12:38:18;807,"0","3.000000","9830","0","1","0","0","0"
Data,2026-08-10,12:38:18;817,"0","3.000000","9830","0","1","0","0","0"
Data,2026-08-10,12:38:18;827,"0","3.000000","9830","0","1","0","0","0"
Data,2026-08-10,12:38:18;837,"0","3.000000","9830","0","1","0","0","0"
Data,2026-08-10,12:38:18;847,"0","3.000000","9830","0","1","0","0","0"
Data,2026-08-10,12:38:18;857,"0","3.000000","9830","0","1","0","0","0"
Data,2026-08-10,12:38:18;867,"22","3.000000","9830","0","1","0","0","0"
Data,2026-08-10,12:38:18;877,"22","3.000000","9830","0","1","0","0","0"
Data,2026-08-10,12:38:18;887,"53","3.006600","9852","0","1","0","0","0"
Data,2026-08-10,12:38:18;897,"53","3.015900","9882","0","1","0","0","0"
Data,2026-08-10,12:38:18;907,"94","3.015900","9882","1","1","0","0","0"
Data,2026-08-10,12:38:18;917,"94","3.028200","9923","1","1","0","0","0"
Data,2026-08-10,12:38:18;927,"144","3.028200","9923","1","1","0","0","0"
Data,2026-08-10,12:38:18;937,"144","3.028200","9923","1","1","0","0","0"
Data,2026-08-10,12:38:18;947,"200","3.043200","9972","1","1","0","0","0"
Data,2026-08-10,12:38:18;957,"200","3.060000","10027","1","1","0","0","0"
Data,2026-08-10,12:38:18;967,"240","3.060000","10027","1","1","0","0","0"
Data,2026-08-10,12:38:18;977,"240","3.072000","10066","1","1","0","0","0"
Data,2026-08-10,12:38:18;987,"283","3.072000","10066","1","1","0","0","0"
Data,2026-08-10,12:38:18;997,"283","3.072000","10066","1","1","0","0","0"
Data,2026-08-10,12:38:19;007,"325","3.084900","10108","1","1","0","0","0"
Data,2026-08-10,12:38:19;017,"325","3.097500","10150","1","1","0","0","0"
Data,2026-08-10,12:38:19;027,"370","3.097500","10150","1","1","0","0","0"
Data,2026-08-10,12:38:19;037,"370","3.111000","10194","1","1","0","0","0"
Data,2026-08-10,12:38:19;047,"419","3.111000","10194","1","1","0","0","0"
Data,2026-08-10,12:38:19;057,"419","3.111000","10194","1","1","0","0","0"
Data,2026-08-10,12:38:19;067,"469","3.125700","10242","1","1","0","0","0"
Data,2026-08-10,12:38:19;077,"469","3.140700","10291","1","1","0","0","0"
Data,2026-08-10,12:38:19;087,"519","3.140700","10291","1","1","0","0","0"
Data,2026-08-10,12:38:19;097,"519","3.140700","10291","1","0","1","0","0"
Data,2026-08-10,12:38:19;107,"564","3.140700","10291","1","0","1","0","0"
Data,2026-08-10,12:38:19;117,"564","3.140700","10291","1","0","1","0","0"
Data,2026-08-10,12:38:19;127,"612","3.140700","10291","1","0","1","0","0"
Data,2026-08-10,12:38:19;137,"612","3.140700","10291","1","0","1","0","0"
Data,2026-08-10,12:38:19;147,"662","3.140700","10291","1","0","1","0","0"
Data,2026-08-10,12:38:19;157,"662","3.140700","10291","1","0","1","0","0"
Data,2026-08-10,12:38:19;167,"711","3.140700","10291","1","0","1","0","0"
Data,2026-08-10,12:38:19;177,"711","3.140700","10291","1","0","1","0","0"
Data,2026-08-10,12:38:19;187,"760","3.140700","10291","1","0","1","0","0"
Data,2026-08-10,12:38:19;197,"760","3.140700","10291","1","0","1","0","0"
Data,2026-08-10,12:38:19;207,"813","3.140700","10291","1","0","1","0","0"
Data,2026-08-10,12:38:19;217,"813","3.140700","10291","1","0","1","0","0"
Data,2026-08-10,12:38:19;227,"861","3.140700","10291","1","0","1","0","0"
Data,2026-08-10,12:38:19;237,"861","3.140700","10291","1","0","1","0","0"
Data,2026-08-10,12:38:19;247,"910","3.140700","10291","1","0","1","0","0"
Data,2026-08-10,12:38:19;257,"910","3.140700","10291","1","0","1","0","0"
Data,2026-08-10,12:38:19;267,"962","3.140700","10291","1","0","1","0","0"
Data,2026-08-10,12:38:19;277,"962","3.140700","10291","1","0","1","0","0"
Data,2026-08-10,12:38:19;287,"1015","3.140700","10291","1","0","1","0","0"
Data,2026-08-10,12:38:19;297,"1015","3.140700","10291","1","0","1","0","0"
Data,2026-08-10,12:38:19;307,"1063","3.140700","10291","1","0","1","0","0"
Data,2026-08-10,12:38:19;317,"1063","3.140700","10291","1","0","1","0","0"
Data,2026-08-10,12:38:19;327,"1111","3.140700","10291","1","0","1","0","0"
Data,2026-08-10,12:38:19;337,"1111","3.140700","10291","1","0","1","0","0"
Data,2026-08-10,12:38:19;347,"1161","3.140700","10291","1","0","1","0","0"
Data,2026-08-10,12:38:19;357,"1161","3.140700","10291","1","0","1","0","0"
Data,2026-08-10,12:38:19;367,"1216","3.140700","10291","1","0","1","0","0"
Data,2026-08-10,12:38:19;377,"1216","3.140700","10291","1","0","1","0","0"
Data,2026-08-10,12:38:19;387,"1267","3.140700","10291","1","0","1","0","0"
Data,2026-08-10,12:38:19;397,"1267","3.140700","10291","1","0","1","0","0"
Data,2026-08-10,12:38:19;407,"1315","3.140700","10291","1","0","1","0","0"
Data,2026-08-10,12:38:19;417,"1315","3.140700","10291","1","0","1","0","0"
Data,2026-08-10,12:38:19;427,"1365","3.140700","10291","1","0","1","0","0"
Data,2026-08-10,12:38:19;437,"1365","3.140700","10291","1","0","1","0","0"
Data,2026-08-10,12:38:19;447,"1414","3.140700","10291","1","0","1","0","0"
Data,2026-08-10,12:38:19;457,"1414","3.140700","10291","1","0","1","0","0"
Data,2026-08-10,12:38:19;467,"1467","3.140700","10291","1","0","1","0","0"
Data,2026-08-10,12:38:19;477,"1467","3.140700","10291","1","0","1","0","0"
Data,2026-08-10,12:38:19;487,"1516","3.140700","10291","1","0","1","0","0"
Data,2026-08-10,12:38:19;497,"1516","3.140700","10291","1","0","1","0","0"
Data,2026-08-10,12:38:19;507,"1564","3.140700","10291","1","0","1","0","0"
Data,2026-08-10,12:38:19;517,"1564","3.140700","10291","1","0","1","0","0"
Data,2026-08-10,12:38:19;527,"1612","3.140700","10291","1","0","1","0","0"
Data,2026-08-10,12:38:19;537,"1612","3.140700","10291","1","0","1","0","0"
Data,2026-08-10,12:38:19;547,"1662","3.140700","10291","1","0","1","0","0"
Data,2026-08-10,12:38:19;557,"1662","3.140700","10291","1","0","1","0","0"
Data,2026-08-10,12:38:19;567,"1713","3.140700","10291","1","0","1","0","0"
Data,2026-08-10,12:38:19;577,"1713","3.140700","10291","1","0","1","0","0"
Data,2026-08-10,12:38:19;587,"1762","3.140700","10291","1","0","1","0","0"
Data,2026-08-10,12:38:19;597,"1762","3.140700","10291","1","0","1","0","0"
Data,2026-08-10,12:38:19;607,"1810","3.140700","10291","1","0","1","0","0"
Data,2026-08-10,12:38:19;617,"1810","3.140700","10291","1","0","1","0","0"
Data,2026-08-10,12:38:19;627,"1863","3.140700","10291","1","0","1","0","0"
Data,2026-08-10,12:38:19;637,"1863","3.140700","10291","1","0","1","0","0"
Data,2026-08-10,12:38:19;647,"1912","3.140700","10291","1","0","1","0","0"
Data,2026-08-10,12:38:19;657,"1912","3.140700","10291","1","0","1","0","0"
Data,2026-08-10,12:38:19;667,"1960","3.140700","10291","1","0","1","0","0"
Data,2026-08-10,12:38:19;677,"1960","3.140700","10291","1","0","1","0","0"
Data,2026-08-10,12:38:19;687,"2011","3.140700","10291","1","0","1","0","0"
Data,2026-08-10,12:38:19;697,"2011","3.140700","10291","1","0","1","0","0"
Data,2026-08-10,12:38:19;707,"2064","3.140700","10291","1","0","1","0","0"
Data,2026-08-10,12:38:19;717,"2064","3.140700","10291","1","0","1","0","0"
Data,2026-08-10,12:38:19;727,"2114","3.140700","10291","1","0","1","0","0"
Data,2026-08-10,12:38:19;737,"2114","3.140700","10291","1","0","1","0","0"
Data,2026-08-10,12:38:19;747,"2163","3.140700","10291","1","0","1","0","0"
Data,2026-08-10,12:38:19;757,"2163","3.140700","10291","1","0","1","0","0"
Data,2026-08-10,12:38:19;767,"2216","3.140700","10291","1","0","1","0","0"
Data,2026-08-10,12:38:19;777,"2216","3.140700","10291","1","0","1","0","0"
Data,2026-08-10,12:38:19;787,"2267","3.140700","10291","1","0","1","0","0"
Data,2026-08-10,12:38:19;797,"2267","3.140700","10291","1","0","1","0","0"
Data,2026-08-10,12:38:19;807,"2315","3.140700","10291","1","0","1","0","0"
Data,2026-08-10,12:38:19;817,"2315","3.140700","10291","1","0","1","0","0"
Data,2026-08-10,12:38:19;827,"2364","3.140700","10291","1","0","1","0","0"
Data,2026-08-10,12:38:19;837,"2364","3.140700","10291","1","0","1","0","0"
Data,2026-08-10,12:38:19;847,"2413","3.140700","10291","1","0","1","0","0"
Data,2026-08-10,12:38:19;857,"2413","3.140700","10291","1","0","1","0","0"
Data,2026-08-10,12:38:19;867,"2467","3.140700","10291","1","0","1","0","0"
Data,2026-08-10,12:38:19;877,"2467","3.140700","10291","1","0","1","0","0"
Data,2026-08-10,12:38:19;887,"2516","3.140700","10291","1","0","1","0","0"
Data,2026-08-10,12:38:19;897,"2516","3.140700","10291","1","0","1","0","0"
Data,2026-08-10,12:38:19;907,"2566","3.140700","10291","1","0","1","0","0"
Data,2026-08-10,12:38:19;917,"2566","3.140700","10291","1","0","1","0","0"
Data,2026-08-10,12:38:19;927,"2617","3.140700","10291","1","0","1","0","0"
Data,2026-08-10,12:38:19;937,"2617","3.140700","10291","1","0","1","0","0"
Data,2026-08-10,12:38:19;947,"2667","3.140700","10291","1","0","1","0","0"
Data,2026-08-10,12:38:19;957,"2667","3.140700","10291","1","0","1","0","0"
Data,2026-08-10,12:38:19;967,"2719","3.140700","10291","1","0","1","0","0"
Data,2026-08-10,12:38:19;977,"2719","3.140700","10291","1","0","1","0","0"
Data,2026-08-10,12:38:19;987,"2768","3.140700","10291","1","0","1","0","0"
Data,2026-08-10,12:38:19;997,"2768","3.140700","10291","1","0","1","0","0"
Data,2026-08-10,12:38:20;007,"2819","3.140700","10291","1","0","1","0","0"
Data,2026-08-10,12:38:20;017,"2819","3.140700","10291","1","0","1","0","0"
Data,2026-08-10,12:38:20;027,"2872","3.140700","10291","1","0","1","0","0"
Data,2026-08-10,12:38:20;037,"2872","3.140700","10291","1","0","1","0","0"
Data,2026-08-10,12:38:20;047,"2919","3.140700","10291","1","0","1","0","0"
Data,2026-08-10,12:38:20;057,"2919","3.140700","10291","1","0","1","0","0"
Data,2026-08-10,12:38:20;067,"2967","3.140700","10291","1","0","1","0","0"
Data,2026-08-10,12:38:20;077,"2967","3.140700","10291","1","0","1","0","0"
Data,2026-08-10,12:38:20;087,"3016","3.140700","10291","1","0","1","0","0"
Data,2026-08-10,12:38:20;097,"3016","3.140700","10291","1","0","1","0","0"
Data,2026-08-10,12:38:20;107,"3067","3.140700","10291","1","0","1","0","0"
Data,2026-08-10,12:38:20;117,"3067","3.140700","10291","1","0","1","0","0"
Data,2026-08-10,12:38:20;127,"3115","3.140700","10291","1","0","1","0","0"
Data,2026-08-10,12:38:20;137,"3115","3.140700","10291","1","0","1","0","0"
Data,2026-08-10,12:38:20;147,"3164","3.140700","10291","1","0","1","0","0"
Data,2026-08-10,12:38:20;157,"3164","3.140700","10291","1","0","1","0","0"
Data,2026-08-10,12:38:20;167,"3215","3.140700","10291","1","0","1","0","0"
Data,2026-08-10,12:38:20;177,"3215","3.140700","10291","1","0","1","0","0"
Data,2026-08-10,12:38:20;187,"3269","3.140700","10291","1","0","1","0","0"
Data,2026-08-10,12:38:20;197,"3269","3.140700","10291","1","0","1","0","0"
Data,2026-08-10,12:38:20;207,"3319","3.140700","10291","1","0","1","0","0"
Data,2026-08-10,12:38:20;217,"3319","3.140700","10291","1","0","1","0","0"
Data,2026-08-10,12:38:20;227,"3319","3.140700","10291","1","0","1","0","0"
Data,2026-08-10,12:38:20;237,"3367","3.140700","10291","1","0","1","0","0"
Data,2026-08-10,12:38:20;247,"3367","3.140700","10291","1","0","1","0","0"
Data,2026-08-10,12:38:20;257,"3415","3.140700","10291","1","0","1","0","0"
Data,2026-08-10,12:38:20;267,"3415","3.140700","10291","1","0","1","0","0"
Data,2026-08-10,12:38:20;277,"3466","3.140700","10291","1","0","1","0","0"
Data,2026-08-10,12:38:20;287,"3466","3.140700","10291","1","0","1","0","0"
Data,2026-08-10,12:38:20;297,"3514","3.140700","10291","1","0","1","0","0"
Data,2026-08-10,12:38:20;307,"3514","3.140700","10291","1","0","1","0","0"
Data,2026-08-10,12:38:20;317,"3561","3.140700","10291","1","0","1","0","0"
Data,2026-08-10,12:38:20;327,"3561","3.140700","10291","1","0","1","0","0"
Data,2026-08-10,12:38:20;337,"3610","3.140700","10291","1","0","1","0","0"
Data,2026-08-10,12:38:20;347,"3610","3.140700","10291","1","0","1","0","0"
Data,2026-08-10,12:38:20;357,"3659","3.140700","10291","1","0","1","0","0"
Data,2026-08-10,12:38:20;367,"3659","3.140700","10291","1","0","1","0","0"
Data,2026-08-10,12:38:20;377,"3713","3.140700","10291","1","0","1","0","0"
Data,2026-08-10,12:38:20;387,"3713","3.140700","10291","1","0","1","0","0"
Data,2026-08-10,12:38:20;397,"3762","3.140700","10291","1","0","1","0","0"
Data,2026-08-10,12:38:20;407,"3762","3.140700","10291","1","0","1","0","0"
Data,2026-08-10,12:38:20;417,"3810","3.140700","10291","1","0","1","0","0"
Data,2026-08-10,12:38:20;427,"3810","3.140700","10291","1","0","1","0","0"
Data,2026-08-10,12:38:20;437,"3859","3.140700","10291","1","0","1","0","0"
Data,2026-08-10,12:38:20;447,"3859","3.140700","10291","1","0","1","0","0"
Data,2026-08-10,12:38:20;457,"3908","3.140700","10291","1","0","1","0","0"
Data,2026-08-10,12:38:20;467,"3908","3.140700","10291","1","0","1","0","0"
Data,2026-08-10,12:38:20;477,"3959","3.140700","10291","1","0","1","0","0"
Data,2026-08-10,12:38:20;487,"3959","3.140700","10291","1","0","1","0","0"
Data,2026-08-10,12:38:20;497,"4010","3.140700","10291","1","0","1","0","0"
Data,2026-08-10,12:38:20;507,"4010","2.979862","9764","1","0","0","1","0"
Data,2026-08-10,12:38:20;517,"4057","2.897810","9495","1","0","0","1","0"
Data,2026-08-10,12:38:20;527,"4057","2.897810","9495","1","0","0","1","0"
Data,2026-08-10,12:38:20;537,"4106","2.897810","9495","1","0","0","1","0"
Data,2026-08-10,12:38:20;547,"4106","2.812267","9215","1","0","0","1","0"
Data,2026-08-10,12:38:20;557,"4152","2.812267","9215","1","0","0","1","0"
Data,2026-08-10,12:38:20;567,"4152","2.731960","8952","1","0","0","1","0"
Data,2026-08-10,12:38:20;577,"4199","2.649908","8683","1","0","0","1","0"
Data,2026-08-10,12:38:20;587,"4199","2.649908","8683","1","0","0","1","0"
Data,2026-08-10,12:38:20;597,"4247","2.649908","8683","1","0","0","1","0"
Data,2026-08-10,12:38:20;607,"4247","2.566110","8408","1","0","0","1","0"
Data,2026-08-10,12:38:20;617,"4282","2.566110","8408","1","0","0","1","0"
Data,2026-08-10,12:38:20;627,"4282","2.505008","8208","1","0","0","1","0"
Data,2026-08-10,12:38:20;637,"4310","2.456126","8048","1","0","0","1","0"
Data,2026-08-10,12:38:20;647,"4310","2.456126","8048","1","0","0","1","0"
Data,2026-08-10,12:38:20;657,"4335","2.456126","8048","1","0","0","1","0"
Data,2026-08-10,12:38:20;667,"4335","2.412481","7905","1","0","0","1","0"
Data,2026-08-10,12:38:20;677,"4354","2.412481","7905","1","0","0","1","0"
Data,2026-08-10,12:38:20;687,"4354","2.412481","7905","1","0","0","0","1"
Data,2026-08-10,12:38:20;697,"4370","2.412481","7905","1","0","0","0","1"
Data,2026-08-10,12:38:20;707,"4370","2.412481","7905","1","0","0","0","1"
Data,2026-08-10,12:38:20;717,"4382","2.412481","7905","1","0","0","0","1"
Data,2026-08-10,12:38:20;727,"4382","2.412481","7905","1","0","0","0","1"
Data,2026-08-10,12:38:20;737,"4389","2.412481","7905","1","0","0","0","1"
Data,2026-08-10,12:38:20;747,"4389","2.412481","7905","1","0","0","0","1"
Data,2026-08-10,12:38:20;757,"4397","2.412481","7905","1","0","0","0","1"
Data,2026-08-10,12:38:20;767,"4397","2.412481","7905","1","0","0","0","1"
Data,2026-08-10,12:38:20;777,"4408","2.412481","7905","1","0","0","0","1"
Data,2026-08-10,12:38:20;787,"4408","2.412481","7905","1","0","0","0","1"
Data,2026-08-10,12:38:20;797,"4421","2.412481","7905","1","0","0","0","1"
Data,2026-08-10,12:38:20;807,"4421","2.412481","7905","1","0","0","0","1"
Data,2026-08-10,12:38:20;817,"4430","2.412481","7905","1","0","0","0","1"
Data,2026-08-10,12:38:20;827,"4430","2.412481","7905","1","0","0","0","1"
Data,2026-08-10,12:38:20;837,"4437","2.412481","7905","1","0","0","0","1"
Data,2026-08-10,12:38:20;847,"4437","2.412481","7905","1","0","0","0","1"
Data,2026-08-10,12:38:20;857,"4443","2.412481","7905","1","0","0","0","1"
Data,2026-08-10,12:38:20;867,"4443","2.412481","7905","1","0","0","0","1"
Data,2026-08-10,12:38:20;877,"4452","2.412481","7905","1","0","0","0","1"
Data,2026-08-10,12:38:20;887,"4452","2.412481","7905","1","0","0","0","1"
Data,2026-08-10,12:38:20;897,"4460","2.412481","7905","1","0","0","0","1"
Data,2026-08-10,12:38:20;907,"4460","2.412481","7905","1","0","0","0","1"
Data,2026-08-10,12:38:20;917,"4465","2.412481","7905","1","0","0","0","1"
Data,2026-08-10,12:38:20;927,"4465","2.412481","7905","1","0","0","0","1"
Data,2026-08-10,12:38:20;937,"4471","2.412481","7905","1","0","0","0","1"
Data,2026-08-10,12:38:20;947,"4471","2.412481","7905","1","0","0","0","1"
Data,2026-08-10,12:38:20;957,"4477","2.412481","7905","1","0","0","0","1"
Data,2026-08-10,12:38:20;967,"4477","2.412481","7905","1","0","0","0","1"
Data,2026-08-10,12:38:20;977,"4483","2.412481","7905","1","0","0","0","1"
Data,2026-08-10,12:38:20;987,"4483","2.412481","7905","1","0","0","0","1"
Data,2026-08-10,12:38:20;997,"4494","2.412481","7905","1","0","0","0","1"
Data,2026-08-10,12:38:21;007,"4494","2.412481","7905","1","0","0","0","1"
Data,2026-08-10,12:38:21;017,"4505","2.412481","7905","1","0","0","0","1"
Data,2026-08-10,12:38:21;027,"4505","2.412481","7905","1","0","0","0","1"
Data,2026-08-10,12:38:21;037,"4515","2.412481","7905","1","0","0","0","1"
Data,2026-08-10,12:38:21;047,"4515","2.412481","7905","1","0","0","0","1"
Data,2026-08-10,12:38:21;057,"4525","2.412481","7905","1","0","0","0","1"
Data,2026-08-10,12:38:21;067,"4525","2.412481","7905","1","0","0","0","1"
Data,2026-08-10,12:38:21;077,"4534","2.412481","7905","1","0","0","0","1"
Data,2026-08-10,12:38:21;087,"4534","2.412481","7905","1","0","0","0","1"
Data,2026-08-10,12:38:21;097,"4543","2.412481","7905","1","0","0","0","1"
Data,2026-08-10,12:38:21;107,"4543","2.412481","7905","1","0","0","0","1"
Data,2026-08-10,12:38:21;117,"4551","2.412481","7905","1","0","0","0","1"
Data,2026-08-10,12:38:21;127,"4551","2.412481","7905","1","0","0","0","1"
Data,2026-08-10,12:38:21;137,"4559","2.412481","7905","1","0","0","0","1"
Data,2026-08-10,12:38:21;147,"4559","2.412481","7905","1","0","0","0","1"
Data,2026-08-10,12:38:21;157,"4569","2.412481","7905","1","0","0","0","1"
Data,2026-08-10,12:38:21;167,"4569","2.412481","7905","1","0","0","0","1"
Data,2026-08-10,12:38:21;177,"4578","2.412481","7905","1","0","0","0","1"
Data,2026-08-10,12:38:21;187,"4578","2.412481","7905","1","0","0","0","1"
Data,2026-08-10,12:38:21;197,"4587","2.412481","7905","1","0","0","0","1"
Data,2026-08-10,12:38:21;207,"4587","2.412481","7905","1","0","0","0","1"
Data,2026-08-10,12:38:21;217,"4596","2.412481","7905","1","0","0","0","1"
Data,2026-08-10,12:38:21;227,"4596","2.412481","7905","1","0","0","0","1"
Data,2026-08-10,12:38:21;237,"4606","2.412481","7905","1","0","0","0","1"
Data,2026-08-10,12:38:21;247,"4606","2.412481","7905","1","0","0","0","1"
Data,2026-08-10,12:38:21;257,"4616","2.412481","7905","1","0","0","0","1"
Data,2026-08-10,12:38:21;267,"4616","2.412481","7905","1","0","0","0","1"
Data,2026-08-10,12:38:21;277,"4626","2.412481","7905","1","0","0","0","1"
Data,2026-08-10,12:38:21;287,"4626","2.412481","7905","1","0","0","0","1"
Data,2026-08-10,12:38:21;297,"4635","2.412481","7905","1","0","0","0","1"
Data,2026-08-10,12:38:21;307,"4635","2.412481","7905","1","0","0","0","1"
Data,2026-08-10,12:38:21;317,"4644","2.412481","7905","1","0","0","0","1"
Data,2026-08-10,12:38:21;327,"4644","2.412481","7905","1","0","0","0","1"
Data,2026-08-10,12:38:21;337,"4655","2.412481","7905","1","0","0","0","1"
Data,2026-08-10,12:38:21;347,"4655","2.412481","7905","1","0","0","0","1"
Data,2026-08-10,12:38:21;357,"4664","2.412481","7905","1","0","0","0","1"
Data,2026-08-10,12:38:21;367,"4664","2.412481","7905","1","0","0","0","1"
Data,2026-08-10,12:38:21;377,"4674","2.412481","7905","1","0","0","0","1"
Data,2026-08-10,12:38:21;387,"4674","2.412481","7905","1","0","0","0","1"
Data,2026-08-10,12:38:21;397,"4684","2.412481","7905","1","0","0","0","1"
Data,2026-08-10,12:38:21;407,"4684","2.412481","7905","1","0","0","0","1"
Data,2026-08-10,12:38:21;417,"4694","2.412481","7905","1","0","0","0","1"
Data,2026-08-10,12:38:21;427,"4694","2.412481","7905","1","0","0","0","1"
Data,2026-08-10,12:38:21;437,"4703","2.412481","7905","1","0","0","0","1"
Data,2026-08-10,12:38:21;447,"4703","2.412481","7905","1","0","0","0","1"
Data,2026-08-10,12:38:21;457,"4713","2.412481","7905","1","0","0","0","1"
Data,2026-08-10,12:38:21;467,"4713","2.412481","7905","1","0","0","0","1"
Data,2026-08-10,12:38:21;477,"4722","2.412481","7905","1","0","0","0","1"
Data,2026-08-10,12:38:21;487,"4722","2.412481","7905","1","0","0","0","1"
Data,2026-08-10,12:38:21;497,"4732","2.412481","7905","1","0","0","0","1"
Data,2026-08-10,12:38:21;507,"4732","2.412481","7905","1","0","0","0","1"
Data,2026-08-10,12:38:21;517,"4741","2.412481","7905","1","0","0","0","1"
Data,2026-08-10,12:38:21;527,"4741","2.412481","7905","1","0","0","0","1"
Data,2026-08-10,12:38:21;537,"4749","2.412481","7905","1","0","0","0","1"
Data,2026-08-10,12:38:21;547,"4749","2.412481","7905","1","0","0","0","1"
Data,2026-08-10,12:38:21;557,"4758","2.412481","7905","1","0","0","0","1"
Data,2026-08-10,12:38:21;567,"4758","2.412481","7905","1","0","0","0","1"
Data,2026-08-10,12:38:21;577,"4768","2.412481","7905","1","0","0","0","1"
Data,2026-08-10,12:38:21;587,"4768","2.412481","7905","1","0","0","0","1"
Data,2026-08-10,12:38:21;597,"4778","2.412481","7905","1","0","0","0","1"
Data,2026-08-10,12:38:21;607,"4778","2.412481","7905","1","0","0","0","1"
Data,2026-08-10,12:38:21;617,"4787","2.412481","7905","1","0","0","0","1"
Data,2026-08-10,12:38:21;627,"4787","2.412481","7905","1","0","0","0","1"
Data,2026-08-10,12:38:21;637,"4796","2.412481","7905","1","0","0","0","1"
Data,2026-08-10,12:38:21;647,"4796","2.412481","7905","1","0","0","0","1"
Data,2026-08-10,12:38:21;657,"4805","2.412481","7905","1","0","0","0","1"
Data,2026-08-10,12:38:21;667,"4805","2.412481","7905","1","0","0","0","1"
Data,2026-08-10,12:38:21;677,"4815","2.412481","7905","1","0","0","0","1"
Data,2026-08-10,12:38:21;687,"4815","2.412481","7905","1","0","0","0","1"
Data,2026-08-10,12:38:21;697,"4825","2.412481","7905","1","0","0","0","1"
Data,2026-08-10,12:38:21;707,"4825","2.412481","7905","1","0","0","0","1"
Data,2026-08-10,12:38:21;717,"4834","2.412481","7905","1","0","0","0","1"
Data,2026-08-10,12:38:21;727,"4834","2.412481","7905","1","0","0","0","1"
Data,2026-08-10,12:38:21;737,"4841","2.412481","7905","1","0","0","0","1"
Data,2026-08-10,12:38:21;747,"4841","2.412481","7905","1","0","0","0","1"
Data,2026-08-10,12:38:21;757,"4849","2.412481","7905","1","0","0","0","1"
Data,2026-08-10,12:38:21;767,"4849","2.412481","7905","1","0","0","0","1"
Data,2026-08-10,12:38:21;777,"4858","2.412481","7905","1","0","0","0","1"
Data,2026-08-10,12:38:21;787,"4858","2.412481","7905","1","0","0","0","1"
Data,2026-08-10,12:38:21;797,"4867","2.412481","7905","1","0","0","0","1"
Data,2026-08-10,12:38:21;807,"4867","2.412481","7905","1","0","0","0","1"
Data,2026-08-10,12:38:21;817,"4875","2.412481","7905","1","0","0","0","1"
Data,2026-08-10,12:38:21;827,"4875","2.412481","7905","1","0","0","0","1"
Data,2026-08-10,12:38:21;837,"4884","2.412481","7905","1","0","0","0","1"
Data,2026-08-10,12:38:21;847,"4884","2.412481","7905","1","0","0","0","1"
Data,2026-08-10,12:38:21;857,"4893","2.412481","7905","1","0","0","0","1"
Data,2026-08-10,12:38:21;867,"4893","2.412481","7905","1","0","0","0","1"
Data,2026-08-10,12:38:21;877,"4903","2.412481","7905","1","0","0","0","1"
Data,2026-08-10,12:38:21;887,"4903","2.412481","7905","1","0","0","0","1"
Data,2026-08-10,12:38:21;897,"4913","2.412481","7905","1","0","0","0","1"
Data,2026-08-10,12:38:21;907,"4913","2.412481","7905","1","0","0","0","1"
Data,2026-08-10,12:38:21;917,"4923","2.412481","7905","1","0","0","0","1"
Data,2026-08-10,12:38:21;927,"4923","2.412481","7905","1","0","0","0","1"
Data,2026-08-10,12:38:21;937,"4933","2.412481","7905","1","0","0","0","1"
Data,2026-08-10,12:38:21;947,"4933","2.412481","7905","1","0","0","0","1"
Data,2026-08-10,12:38:21;957,"4942","2.412481","7905","1","0","0","0","1"
Data,2026-08-10,12:38:21;967,"4942","2.412481","7905","1","0","0","0","1"
Data,2026-08-10,12:38:21;977,"4951","2.412481","7905","0","0","0","0","1"
Data,2026-08-10,12:38:21;987,"4951","2.412481","7905","0","0","0","0","1"
Data,2026-08-10,12:38:21;997,"4960","2.412481","7905","0","0","0","0","1"
Data,2026-08-10,12:38:22;007,"4960","0.000000","0","0","0","0","0","0"
Data,2026-08-10,12:38:22;017,"4970","0.000000","0","0","0","0","0","0"
Data,2026-08-10,12:38:22;027,"4970","0.000000","0","0","0","0","0","0"
Data,2026-08-10,12:38:22;037,"4978","0.000000","0","0","0","0","0","0"
Data,2026-08-10,12:38:22;047,"4978","0.000000","0","0","0","0","0","0"
Data,2026-08-10,12:38:22;057,"4982","0.000000","0","0","0","0","0","0"
Data,2026-08-10,12:38:22;067,"4982","0.000000","0","0","0","0","0","0"
Data,2026-08-10,12:38:22;077,"4986","0.000000","0","0","0","0","0","0"
Data,2026-08-10,12:38:22;087,"4986","0.000000","0","0","0","0","0","0"
Data,2026-08-10,12:38:22;097,"4990","0.000000","0","0","0","0","0","0"
Data,2026-08-10,12:38:22;107,"4990","0.000000","0","0","0","0","0","0"
Data,2026-08-10,12:38:22;117,"4991","0.000000","0","0","0","0","0","0"
Data,2026-08-10,12:38:22;127,"4991","0.000000","0","0","0","0","0","0"
Data,2026-08-10,12:38:22;137,"4991","0.000000","0","0","0","0","0","0"
Data,2026-08-10,12:38:22;147,"4991","0.000000","0","0","0","0","0","0"
Data,2026-08-10,12:38:22;157,"4991","0.000000","0","0","0","0","0","0"
Data,2026-08-10,12:38:22;167,"4991","0.000000","0","0","0","0","0","0"
Data,2026-08-10,12:38:22;177,"4991","0.000000","0","0","0","0","0","0"
Data,2026-08-10,12:38:22;187,"4991","0.000000","0","0","0","0","0","0"
Data,2026-08-10,12:38:22;197,"4991","0.000000","0","0","0","0","0","0"
Data,2026-08-10,12:38:22;207,"4991","0.000000","0","0","0","0","0","0"
Data,2026-08-10,12:38:22;217,"4991","0.000000","0","0","0","0","0","0"
Data,2026-08-10,12:38:22;227,"4991","0.000000","0","0","0","0","0","0"
Data,2026-08-10,12:38:22;237,"4991","0.000000","0","0","0","0","0","0"
Data,2026-08-10,12:38:22;247,"4991","0.000000","0","0","0","0","0","0"
Data,2026-08-10,12:38:22;257,"4991","0.000000","0","0","0","0","0","0"
Data,2026-08-10,12:38:22;267,"4991","0.000000","0","0","0","0","0","0"
Data,2026-08-10,12:38:22;277,"4991","0.000000","0","0","0","0","0","0"
Data,2026-08-10,12:38:22;287,"4991","0.000000","0","0","0","0","0","0"
Data,2026-08-10,12:38:22;297,"4991","0.000000","0","0","0","0","0","0"
Data,2026-08-10,12:38:22;307,"4991","0.000000","0","0","0","0","0","0"
Data,2026-08-10,12:38:22;317,"4991","0.000000","0","0","0","0","0","0"
Data,2026-08-10,12:38:22;327,"4991","0.000000","0","0","0","0","0","0"
Data,2026-08-10,12:38:22;337,"4991","0.000000","0","0","0","0","0","0"
Data,2026-08-10,12:38:22;347,"4991","0.000000","0","0","0","0","0","0"
Data,2026-08-10,12:38:22;357,"4991","0.000000","0","0","0","0","0","0"
Data,2026-08-10,12:38:22;367,"4991","0.000000","0","0","0","0","0","0"
Data,2026-08-10,12:38:22;377,"4991","0.000000","0","0","0","0","0","0"
Data,2026-08-10,12:38:22;387,"4991","0.000000","0","0","0","0","0","0"
Data,2026-08-10,12:38:22;397,"4991","0.000000","0","0","0","0","0","0"
Data,2026-08-10,12:38:22;407,"4991","0.000000","0","0","0","0","0","0"
Data,2026-08-10,12:38:22;417,"4991","0.000000","0","0","0","0","0","0"
Data,2026-08-10,12:38:22;427,"4991","0.000000","0","0","0","0","0","0"
Data,2026-08-10,12:38:22;437,"4991","0.000000","0","0","0","0","0","0"
Data,2026-08-10,12:38:22;447,"4991","0.000000","0","0","0","0","0","0"
Data,2026-08-10,12:38:22;457,"4991","0.000000","0","0","0","0","0","0"
Data,2026-08-10,12:38:22;467,"4991","0.000000","0","0","0","0","0","0"
Data,2026-08-10,12:38:22;477,"4991","0.000000","0","0","0","0","0","0"
Data,2026-08-10,12:38:22;487,"4991","0.000000","0","0","0","0","0","0"
Data,2026-08-10,12:38:22;497,"4991","0.000000","0","0","0","0","0","0"
Data,2026-08-10,12:38:22;507,"4991","0.000000","0","0","0","0","0","0"
Data,2026-08-10,12:38:22;517,"4991","0.000000","0","0","0","0","0","0"
Data,2026-08-10,12:38:22;527,"4991","0.000000","0","0","0","0","0","0"
Data,2026-08-10,12:38:22;537,"4991","0.000000","0","0","0","0","0","0"
Data,2026-08-10,12:38:22;547,"4991","0.000000","0","0","0","0","0","0"
Data,2026-08-10,12:38:22;557,"4991","0.000000","0","0","0","0","0","0"
Data,2026-08-10,12:38:22;567,"4991","0.000000","0","0","0","0","0","0"
Data,2026-08-10,12:38:22;577,"4991","0.000000","0","0","0","0","0","0"
Data,2026-08-10,12:38:22;587,"4991","0.000000","0","0","0","0","0","0"
Data,2026-08-10,12:38:22;597,"4991","0.000000","0","0","0","0","0","0"
Data,2026-08-10,12:38:22;607,"4991","0.000000","0","0","0","0","0","0"
Data,2026-08-10,12:38:22;617,"4991","0.000000","0","0","0","0","0","0"
Data,2026-08-10,12:38:22;627,"4991","0.000000","0","0","0","0","0","0"
Data,2026-08-10,12:38:22;637,"4991","0.000000","0","0","0","0","0","0"
Data,2026-08-10,12:38:22;647,"4991","0.000000","0","0","0","0","0","0"
Data,2026-08-10,12:38:22;657,"4991","0.000000","0","0","0","0","0","0"
Data,2026-08-10,12:38:22;667,"4991","0.000000","0","0","0","0","0","0"
Data,2026-08-10,12:38:22;677,"4991","0.000000","0","0","0","0","0","0"
Data,2026-08-10,12:38:22;687,"4991","0.000000","0","0","0","0","0","0"
Data,2026-08-10,12:38:22;697,"4991","0.000000","0","0","0","0","0","0"
Data,2026-08-10,12:38:22;707,"4991","0.000000","0","0","0","0","0","0"
Data,2026-08-10,12:38:22;717,"4991","0.000000","0","0","0","0","0","0"
Data,2026-08-10,12:38:22;727,"4991","0.000000","0","0","0","0","0","0"
Data,2026-08-10,12:38:22;737,"4991","0.000000","0","0","0","0","0","0"
Data,2026-08-10,12:38:22;747,"4991","0.000000","0","0","0","0","0","0"
Data,2026-08-10,12:38:22;757,"4991","0.000000","0","0","0","0","0","0"
Data,2026-08-10,12:38:22;767,"4991","0.000000","0","0","0","0","0","0"
Data,2026-08-10,12:38:22;777,"4991","0.000000","0","0","0","0","0","0"
Data,2026-08-10,12:38:22;787,"4991","0.000000","0","0","0","0","0","0"
Data,2026-08-10,12:38:22;797,"4991","0.000000","0","0","0","0","0","0"
Data,2026-08-10,12:38:22;807,"4991","0.000000","0","0","0","0","0","0"
Data,2026-08-10,12:38:22;817,"4991","0.000000","0","0","0","0","0","0"
Data,2026-08-10,12:38:22;827,"4991","0.000000","0","0","0","0","0","0"
Data,2026-08-10,12:38:22;837,"4991","0.000000","0","0","0","0","0","0"
Data,2026-08-10,12:38:22;847,"4991","0.000000","0","0","0","0","0","0"
Data,2026-08-10,12:38:22;857,"0","0.000000","0","0","0","0","0","0"
Data,2026-08-10,12:38:22;867,"0","0.000000","0","0","0","0","0","0"
Data,2026-08-10,12:38:22;877,"0","0.000000","0","0","0","0","0","0"
Data,2026-08-10,12:38:22;887,"0","3.000000","9830","0","1","0","0","0"
Data,2026-08-10,12:38:22;897,"0","3.000000","9830","0","1","0","0","0"
Data,2026-08-10,12:38:22;907,"0","3.000000","9830","0","1","0","0","0"
Data,2026-08-10,12:38:22;917,"0","3.000000","9830","0","1","0","0","0"
Data,2026-08-10,12:38:22;927,"0","3.000000","9830","0","1","0","0","0"
Data,2026-08-10,12:38:22;937,"0","3.000000","9830","0","1","0","0","0"
Data,2026-08-10,12:38:22;947,"0","3.000000","9830","0","1","0","0","0"
Data,2026-08-10,12:38:22;957,"13","3.000000","9830","0","1","0","0","0"
Data,2026-08-10,12:38:22;967,"13","3.003900","9843","0","1","0","0","0"
Data,2026-08-10,12:38:22;977,"41","3.003900","9843","0","1","0","0","0"
Data,2026-08-10,12:38:22;987,"41","3.003900","9843","0","1","0","0","0"
Data,2026-08-10,12:38:22;997,"82","3.012300","9870","1","1","0","0","0"
Data,2026-08-10,12:38:23;007,"82","3.024600","9911","1","1","0","0","0"
Data,2026-08-10,12:38:23;017,"130","3.024600","9911","1","1","0","0","0"
Data,2026-08-10,12:38:23;027,"130","3.039000","9958","1","1","0","0","0"
Data,2026-08-10,12:38:23;037,"184","3.039000","9958","1","1","0","0","0"
Data,2026-08-10,12:38:23;047,"184","3.039000","9958","1","1","0","0","0"
Data,2026-08-10,12:38:23;057,"230","3.055200","10011","1","1","0","0","0"
Data,2026-08-10,12:38:23;067,"230","3.069000","10056","1","1","0","0","0"
Data,2026-08-10,12:38:23;077,"230","3.069000","10056","1","1","0","0","0"
Data,2026-08-10,12:38:23;087,"276","3.082800","10101","1","1","0","0","0"
Data,2026-08-10,12:38:23;097,"276","3.082800","10101","1","1","0","0","0"
Data,2026-08-10,12:38:23;107,"316","3.094800","10141","1","1","0","0","0"
Data,2026-08-10,12:38:23;117,"316","3.094800","10141","1","1","0","0","0"
Data,2026-08-10,12:38:23;127,"357","3.107100","10181","1","1","0","0","0"
Data,2026-08-10,12:38:23;137,"357","3.107100","10181","1","1","0","0","0"
Data,2026-08-10,12:38:23;147,"403","3.107100","10181","1","1","0","0","0"
Data,2026-08-10,12:38:23;157,"403","3.120900","10226","1","1","0","0","0"
Data,2026-08-10,12:38:23;167,"453","3.120900","10226","1","1","0","0","0"
Data,2026-08-10,12:38:23;177,"453","3.135900","10275","1","1","0","0","0"
Data,2026-08-10,12:38:23;187,"504","3.135900","10275","1","0","1","0","0"
Data,2026-08-10,12:38:23;197,"504","3.135900","10275","1","0","1","0","0"
Data,2026-08-10,12:38:23;207,"553","3.135900","10275","1","0","1","0","0"
Data,2026-08-10,12:38:23;217,"553","3.135900","10275","1","0","1","0","0"
Data,2026-08-10,12:38:23;227,"602","3.135900","10275","1","0","1","0","0"
Data,2026-08-10,12:38:23;237,"602","3.135900","10275","1","0","1","0","0"
Data,2026-08-10,12:38:23;247,"650","3.135900","10275","1","0","1","0","0"
Data,2026-08-10,12:38:23;257,"650","3.135900","10275","1","0","1","0","0"
Data,2026-08-10,12:38:23;267,"695","3.135900","10275","1","0","1","0","0"
Data,2026-08-10,12:38:23;277,"695","3.135900","10275","1","0","1","0","0"
Data,2026-08-10,12:38:23;287,"745","3.135900","10275","1","0","1","0","0"
Data,2026-08-10,12:38:23;297,"745","3.135900","10275","1","0","1","0","0"
Data,2026-08-10,12:38:23;307,"796","3.135900","10275","1","0","1","0","0"
Data,2026-08-10,12:38:23;317,"796","3.135900","10275","1","0","1","0","0"
Data,2026-08-10,12:38:23;327,"847","3.135900","10275","1","0","1","0","0"
Data,2026-08-10,12:38:23;337,"847","3.135900","10275","1","0","1","0","0"
Data,2026-08-10,12:38:23;347,"902","3.135900","10275","1","0","1","0","0"
Data,2026-08-10,12:38:23;357,"902","3.135900","10275","1","0","1","0","0"
Data,2026-08-10,12:38:23;367,"952","3.135900","10275","1","0","1","0","0"
Data,2026-08-10,12:38:23;377,"952","3.135900","10275","1","0","1","0","0"
Data,2026-08-10,12:38:23;387,"1003","3.135900","10275","1","0","1","0","0"
Data,2026-08-10,12:38:23;397,"1003","3.135900","10275","1","0","1","0","0"
Data,2026-08-10,12:38:23;407,"1054","3.135900","10275","1","0","1","0","0"
Data,2026-08-10,12:38:23;417,"1054","3.135900","10275","1","0","1","0","0"
Data,2026-08-10,12:38:23;427,"1106","3.135900","10275","1","0","1","0","0"
Data,2026-08-10,12:38:23;437,"1106","3.135900","10275","1","0","1","0","0"
Data,2026-08-10,12:38:23;447,"1155","3.135900","10275","1","0","1","0","0"
Data,2026-08-10,12:38:23;457,"1155","3.135900","10275","1","0","1","0","0"
Data,2026-08-10,12:38:23;467,"1204","3.135900","10275","1","0","1","0","0"
Data,2026-08-10,12:38:23;477,"1204","3.135900","10275","1","0","1","0","0"
Data,2026-08-10,12:38:23;487,"1254","3.135900","10275","1","0","1","0","0"
Data,2026-08-10,12:38:23;497,"1254","3.135900","10275","1","0","1","0","0"
Data,2026-08-10,12:38:23;507,"1307","3.135900","10275","1","0","1","0","0"
Data,2026-08-10,12:38:23;517,"1307","3.135900","10275","1","0","1","0","0"
Data,2026-08-10,12:38:23;527,"1356","3.135900","10275","1","0","1","0","0"
Data,2026-08-10,12:38:23;537,"1356","3.135900","10275","1","0","1","0","0"
Data,2026-08-10,12:38:23;547,"1404","3.135900","10275","1","0","1","0","0"
Data,2026-08-10,12:38:23;557,"1404","3.135900","10275","1","0","1","0","0"
Data,2026-08-10,12:38:23;567,"1453","3.135900","10275","1","0","1","0","0"
Data,2026-08-10,12:38:23;577,"1453","3.135900","10275","1","0","1","0","0"
Data,2026-08-10,12:38:23;587,"1501","3.135900","10275","1","0","1","0","0"
Data,2026-08-10,12:38:23;597,"1501","3.135900","10275","1","0","1","0","0"
Data,2026-08-10,12:38:23;607,"1551","3.135900","10275","1","0","1","0","0"
Data,2026-08-10,12:38:23;617,"1551","3.135900","10275","1","0","1","0","0"
Data,2026-08-10,12:38:23;627,"1597","3.135900","10275","1","0","1","0","0"
Data,2026-08-10,12:38:23;637,"1597","3.135900","10275","1","0","1","0","0"
Data,2026-08-10,12:38:23;647,"1644","3.135900","10275","1","0","1","0","0"
Data,2026-08-10,12:38:23;657,"1644","3.135900","10275","1","0","1","0","0"
Data,2026-08-10,12:38:23;667,"1694","3.135900","10275","1","0","1","0","0"
Data,2026-08-10,12:38:23;677,"1694","3.135900","10275","1","0","1","0","0"
Data,2026-08-10,12:38:23;687,"1743","3.135900","10275","1","0","1","0","0"
Data,2026-08-10,12:38:23;697,"1743","3.135900","10275","1","0","1","0","0"
Data,2026-08-10,12:38:23;707,"1792","3.135900","10275","1","0","1","0","0"
Data,2026-08-10,12:38:23;717,"1792","3.135900","10275","1","0","1","0","0"
Data,2026-08-10,12:38:23;727,"1840","3.135900","10275","1","0","1","0","0"
Data,2026-08-10,12:38:23;737,"1840","3.135900","10275","1","0","1","0","0"
Data,2026-08-10,12:38:23;747,"1890","3.135900","10275","1","0","1","0","0"
Data,2026-08-10,12:38:23;757,"1890","3.135900","10275","1","0","1","0","0"
Data,2026-08-10,12:38:23;767,"1939","3.135900","10275","1","0","1","0","0"
Data,2026-08-10,12:38:23;777,"1939","3.135900","10275","1","0","1","0","0"
Data,2026-08-10,12:38:23;787,"1992","3.135900","10275","1","0","1","0","0"
Data,2026-08-10,12:38:23;797,"1992","3.135900","10275","1","0","1","0","0"
Data,2026-08-10,12:38:23;807,"2042","3.135900","10275","1","0","1","0","0"
Data,2026-08-10,12:38:23;817,"2042","3.135900","10275","1","0","1","0","0"
Data,2026-08-10,12:38:23;827,"2091","3.135900","10275","1","0","1","0","0"
Data,2026-08-10,12:38:23;837,"2091","3.135900","10275","1","0","1","0","0"
Data,2026-08-10,12:38:23;847,"2141","3.135900","10275","1","0","1","0","0"
Data,2026-08-10,12:38:23;857,"2141","3.135900","10275","1","0","1","0","0"
Data,2026-08-10,12:38:23;867,"2190","3.135900","10275","1","0","1","0","0"
Data,2026-08-10,12:38:23;877,"2190","3.135900","10275","1","0","1","0","0"
Data,2026-08-10,12:38:23;887,"2244","3.135900","10275","1","0","1","0","0"
Data,2026-08-10,12:38:23;897,"2244","3.135900","10275","1","0","1","0","0"
Data,2026-08-10,12:38:23;907,"2292","3.135900","10275","1","0","1","0","0"
Data,2026-08-10,12:38:23;917,"2292","3.135900","10275","1","0","1","0","0"
Data,2026-08-10,12:38:23;927,"2341","3.135900","10275","1","0","1","0","0"
Data,2026-08-10,12:38:23;937,"2341","3.135900","10275","1","0","1","0","0"
Data,2026-08-10,12:38:23;947,"2391","3.135900","10275","1","0","1","0","0"
Data,2026-08-10,12:38:23;957,"2391","3.135900","10275","1","0","1","0","0"
Data,2026-08-10,12:38:23;967,"2440","3.135900","10275","1","0","1","0","0"
Data,2026-08-10,12:38:23;977,"2440","3.135900","10275","1","0","1","0","0"
Data,2026-08-10,12:38:23;987,"2495","3.135900","10275","1","0","1","0","0"
Data,2026-08-10,12:38:23;997,"2495","3.135900","10275","1","0","1","0","0"
Data,2026-08-10,12:38:24;007,"2546","3.135900","10275","1","0","1","0","0"
Data,2026-08-10,12:38:24;017,"2546","3.135900","10275","1","0","1","0","0"
Data,2026-08-10,12:38:24;027,"2596","3.135900","10275","1","0","1","0","0"
Data,2026-08-10,12:38:24;037,"2596","3.135900","10275","1","0","1","0","0"
Data,2026-08-10,12:38:24;047,"2646","3.135900","10275","1","0","1","0","0"
Data,2026-08-10,12:38:24;057,"2646","3.135900","10275","1","0","1","0","0"
Data,2026-08-10,12:38:24;067,"2694","3.135900","10275","1","0","1","0","0"
Data,2026-08-10,12:38:24;077,"2694","3.135900","10275","1","0","1","0","0"
Data,2026-08-10,12:38:24;087,"2741","3.135900","10275","1","0","1","0","0"
Data,2026-08-10,12:38:24;097,"2741","3.135900","10275","1","0","1","0","0"
Data,2026-08-10,12:38:24;107,"2791","3.135900","10275","1","0","1","0","0"
Data,2026-08-10,12:38:24;117,"2791","3.135900","10275","1","0","1","0","0"
Data,2026-08-10,12:38:24;127,"2845","3.135900","10275","1","0","1","0","0"
Data,2026-08-10,12:38:24;137,"2845","3.135900","10275","1","0","1","0","0"
Data,2026-08-10,12:38:24;147,"2893","3.135900","10275","1","0","1","0","0"
Data,2026-08-10,12:38:24;157,"2893","3.135900","10275","1","0","1","0","0"
Data,2026-08-10,12:38:24;167,"2941","3.135900","10275","1","0","1","0","0"
Data,2026-08-10,12:38:24;177,"2941","3.135900","10275","1","0","1","0","0"
Data,2026-08-10,12:38:24;187,"2989","3.135900","10275","1","0","1","0","0"
Data,2026-08-10,12:38:24;197,"2989","3.135900","10275","1","0","1","0","0"
Data,2026-08-10,12:38:24;207,"3041","3.135900","10275","1","0","1","0","0"
Data,2026-08-10,12:38:24;217,"3041","3.135900","10275","1","0","1","0","0"
Data,2026-08-10,12:38:24;227,"3088","3.135900","10275","1","0","1","0","0"
Data,2026-08-10,12:38:24;237,"3088","3.135900","10275","1","0","1","0","0"
Data,2026-08-10,12:38:24;247,"3137","3.135900","10275","1","0","1","0","0"
Data,2026-08-10,12:38:24;257,"3137","3.135900","10275","1","0","1","0","0"
Data,2026-08-10,12:38:24;267,"3187","3.135900","10275","1","0","1","0","0"
Data,2026-08-10,12:38:24;277,"3187","3.135900","10275","1","0","1","0","0"
Data,2026-08-10,12:38:24;287,"3242","3.135900","10275","1","0","1","0","0"
Data,2026-08-10,12:38:24;297,"3242","3.135900","10275","1","0","1","0","0"
Data,2026-08-10,12:38:24;307,"3291","3.135900","10275","1","0","1","0","0"
Data,2026-08-10,12:38:24;317,"3291","3.135900","10275","1","0","1","0","0"
Data,2026-08-10,12:38:24;327,"3339","3.135900","10275","1","0","1","0","0"
Data,2026-08-10,12:38:24;337,"3339","3.135900","10275","1","0","1","0","0"
Data,2026-08-10,12:38:24;347,"3388","3.135900","10275","1","0","1","0","0"
Data,2026-08-10,12:38:24;357,"3388","3.135900","10275","1","0","1","0","0"
Data,2026-08-10,12:38:24;367,"3435","3.135900","10275","1","0","1","0","0"
Data,2026-08-10,12:38:24;377,"3435","3.135900","10275","1","0","1","0","0"
Data,2026-08-10,12:38:24;387,"3486","3.135900","10275","1","0","1","0","0"
Data,2026-08-10,12:38:24;397,"3486","3.135900","10275","1","0","1","0","0"
Data,2026-08-10,12:38:24;407,"3535","3.135900","10275","1","0","1","0","0"
Data,2026-08-10,12:38:24;417,"3535","3.135900","10275","1","0","1","0","0"
Data,2026-08-10,12:38:24;427,"3583","3.135900","10275","1","0","1","0","0"
Data,2026-08-10,12:38:24;437,"3583","3.135900","10275","1","0","1","0","0"
Data,2026-08-10,12:38:24;447,"3630","3.135900","10275","1","0","1","0","0"
Data,2026-08-10,12:38:24;457,"3630","3.135900","10275","1","0","1","0","0"
Data,2026-08-10,12:38:24;467,"3680","3.135900","10275","1","0","1","0","0"
Data,2026-08-10,12:38:24;477,"3680","3.135900","10275","1","0","1","0","0"
Data,2026-08-10,12:38:24;487,"3732","3.135900","10275","1","0","1","0","0"
Data,2026-08-10,12:38:24;497,"3732","3.135900","10275","1","0","1","0","0"
Data,2026-08-10,12:38:24;507,"3781","3.135900","10275","1","0","1","0","0"
Data,2026-08-10,12:38:24;517,"3781","3.135900","10275","1","0","1","0","0"
Data,2026-08-10,12:38:24;527,"3829","3.135900","10275","1","0","1","0","0"
Data,2026-08-10,12:38:24;537,"3829","3.135900","10275","1","0","1","0","0"
Data,2026-08-10,12:38:24;547,"3878","3.135900","10275","1","0","1","0","0"
Data,2026-08-10,12:38:24;557,"3878","3.135900","10275","1","0","1","0","0"
Data,2026-08-10,12:38:24;567,"3926","3.135900","10275","1","0","1","0","0"
Data,2026-08-10,12:38:24;577,"3926","3.135900","10275","1","0","1","0","0"
Data,2026-08-10,12:38:24;587,"3978","3.135900","10275","1","0","1","0","0"
Data,2026-08-10,12:38:24;597,"3978","3.035728","9947","1","0","0","1","0"
Data,2026-08-10,12:38:24;607,"4026","2.951930","9673","1","0","0","1","0"
Data,2026-08-10,12:38:24;617,"4026","2.951930","9673","1","0","0","1","0"
Data,2026-08-10,12:38:24;627,"4074","2.951930","9673","1","0","0","1","0"
Data,2026-08-10,12:38:24;637,"4074","2.951930","9673","1","0","0","1","0"
Data,2026-08-10,12:38:24;647,"4124","2.868132","9398","1","0","0","1","0"
Data,2026-08-10,12:38:24;657,"4124","2.780842","9112","1","0","0","1","0"
Data,2026-08-10,12:38:24;667,"4172","2.780842","9112","1","0","0","1","0"
Data,2026-08-10,12:38:24;677,"4172","2.697045","8837","1","0","0","1","0"
Data,2026-08-10,12:38:24;687,"4218","2.697045","8837","1","0","0","1","0"
Data,2026-08-10,12:38:24;697,"4218","2.697045","8837","1","0","0","1","0"
Data,2026-08-10,12:38:24;707,"4258","2.616738","8574","1","0","0","1","0"
Data,2026-08-10,12:38:24;717,"4258","2.546907","8345","1","0","0","1","0"
Data,2026-08-10,12:38:24;727,"4286","2.546907","8345","1","0","0","1","0"
Data,2026-08-10,12:38:24;737,"4286","2.498025","8185","1","0","0","1","0"
Data,2026-08-10,12:38:24;747,"4313","2.498025","8185","1","0","0","1","0"
Data,2026-08-10,12:38:24;757,"4313","2.450888","8031","1","0","0","1","0"
Data,2026-08-10,12:38:24;767,"4334","2.450888","8031","1","0","0","1","0"
Data,2026-08-10,12:38:24;777,"4334","2.414227","7911","1","0","0","1","0"
Data,2026-08-10,12:38:24;787,"4355","2.414227","7911","1","0","0","1","0"
Data,2026-08-10,12:38:24;797,"4355","2.414227","7911","1","0","0","0","1"
Data,2026-08-10,12:38:24;807,"4375","2.414227","7911","1","0","0","0","1"
Data,2026-08-10,12:38:24;817,"4375","2.414227","7911","1","0","0","0","1"
Data,2026-08-10,12:38:24;827,"4386","2.414227","7911","1","0","0","0","1"
Data,2026-08-10,12:38:24;837,"4386","2.414227","7911","1","0","0","0","1"
Data,2026-08-10,12:38:24;847,"4394","2.414227","7911","1","0","0","0","1"
Data,2026-08-10,12:38:24;857,"4394","2.414227","7911","1","0","0","0","1"
Data,2026-08-10,12:38:24;867,"4403","2.414227","7911","1","0","0","0","1"
Data,2026-08-10,12:38:24;877,"4403","2.414227","7911","1","0","0","0","1"
Data,2026-08-10,12:38:24;887,"4415","2.414227","7911","1","0","0","0","1"
Data,2026-08-10,12:38:24;897,"4415","2.414227","7911","1","0","0","0","1"
Data,2026-08-10,12:38:24;907,"4428","2.414227","7911","1","0","0","0","1"
Data,2026-08-10,12:38:24;917,"4428","2.414227","7911","1","0","0","0","1"
Data,2026-08-10,12:38:24;927,"4438","2.414227","7911","1","0","0","0","1"
Data,2026-08-10,12:38:24;937,"4438","2.414227","7911","1","0","0","0","1"
Data,2026-08-10,12:38:24;947,"4447","2.414227","7911","1","0","0","0","1"
Data,2026-08-10,12:38:24;957,"4447","2.414227","7911","1","0","0","0","1"
Data,2026-08-10,12:38:24;967,"4456","2.414227","7911","1","0","0","0","1"
Data,2026-08-10,12:38:24;977,"4456","2.414227","7911","1","0","0","0","1"
Data,2026-08-10,12:38:24;987,"4464","2.414227","7911","1","0","0","0","1"
Data,2026-08-10,12:38:24;997,"4464","2.414227","7911","1","0","0","0","1"
Data,2026-08-10,12:38:25;007,"4470","2.414227","7911","1","0","0","0","1"
Data,2026-08-10,12:38:25;017,"4470","2.414227","7911","1","0","0","0","1"
Data,2026-08-10,12:38:25;027,"4472","2.414227","7911","1","0","0","0","1"
Data,2026-08-10,12:38:25;037,"4472","2.414227","7911","1","0","0","0","1"
Data,2026-08-10,12:38:25;047,"4477","2.414227","7911","1","0","0","0","1"
Data,2026-08-10,12:38:25;057,"4477","2.414227","7911","1","0","0","0","1"
Data,2026-08-10,12:38:25;067,"4484","2.414227","7911","1","0","0","0","1"
Data,2026-08-10,12:38:25;077,"4484","2.414227","7911","1","0","0","0","1"
Data,2026-08-10,12:38:25;087,"4495","2.414227","7911","1","0","0","0","1"
Data,2026-08-10,12:38:25;097,"4495","2.414227","7911","1","0","0","0","1"
Data,2026-08-10,12:38:25;107,"4509","2.414227","7911","1","0","0","0","1"
Data,2026-08-10,12:38:25;117,"4509","2.414227","7911","1","0","0","0","1"
Data,2026-08-10,12:38:25;127,"4522","2.414227","7911","1","0","0","0","1"
Data,2026-08-10,12:38:25;137,"4522","2.414227","7911","1","0","0","0","1"
Data,2026-08-10,12:38:25;147,"4536","2.414227","7911","1","0","0","0","1"
Data,2026-08-10,12:38:25;157,"4536","2.414227","7911","1","0","0","0","1"
Data,2026-08-10,12:38:25;167,"4547","2.414227","7911","1","0","0","0","1"
Data,2026-08-10,12:38:25;177,"4547","2.414227","7911","1","0","0","0","1"
Data,2026-08-10,12:38:25;187,"4556","2.414227","7911","1","0","0","0","1"
Data,2026-08-10,12:38:25;197,"4556","2.414227","7911","1","0","0","0","1"
Data,2026-08-10,12:38:25;207,"4563","2.414227","7911","1","0","0","0","1"
Data,2026-08-10,12:38:25;217,"4563","2.414227","7911","1","0","0","0","1"
Data,2026-08-10,12:38:25;227,"4572","2.414227","7911","1","0","0","0","1"
Data,2026-08-10,12:38:25;237,"4572","2.414227","7911","1","0","0","0","1"
Data,2026-08-10,12:38:25;247,"4582","2.414227","7911","1","0","0","0","1"
Data,2026-08-10,12:38:25;257,"4582","2.414227","7911","1","0","0","0","1"
Data,2026-08-10,12:38:25;267,"4593","2.414227","7911","1","0","0","0","1"
Data,2026-08-10,12:38:25;277,"4593","2.414227","7911","1","0","0","0","1"
Data,2026-08-10,12:38:25;287,"4603","2.414227","7911","1","0","0","0","1"
Data,2026-08-10,12:38:25;297,"4603","2.414227","7911","1","0","0","0","1"
Data,2026-08-10,12:38:25;307,"4613","2.414227","7911","1","0","0","0","1"
Data,2026-08-10,12:38:25;317,"4613","2.414227","7911","1","0","0","0","1"
Data,2026-08-10,12:38:25;327,"4623","2.414227","7911","1","0","0","0","1"
Data,2026-08-10,12:38:25;337,"4623","2.414227","7911","1","0","0","0","1"
Data,2026-08-10,12:38:25;347,"4634","2.414227","7911","1","0","0","0","1"
Data,2026-08-10,12:38:25;357,"4634","2.414227","7911","1","0","0","0","1"
Data,2026-08-10,12:38:25;367,"4645","2.414227","7911","1","0","0","0","1"
Data,2026-08-10,12:38:25;377,"4645","2.414227","7911","1","0","0","0","1"
Data,2026-08-10,12:38:25;387,"4655","2.414227","7911","1","0","0","0","1"
Data,2026-08-10,12:38:25;397,"4655","2.414227","7911","1","0","0","0","1"
Data,2026-08-10,12:38:25;407,"4666","2.414227","7911","1","0","0","0","1"
Data,2026-08-10,12:38:25;417,"4666","2.414227","7911","1","0","0","0","1"
Data,2026-08-10,12:38:25;427,"4677","2.414227","7911","1","0","0","0","1"
Data,2026-08-10,12:38:25;437,"4677","2.414227","7911","1","0","0","0","1"
Data,2026-08-10,12:38:25;447,"4687","2.414227","7911","1","0","0","0","1"
Data,2026-08-10,12:38:25;457,"4687","2.414227","7911","1","0","0","0","1"
Data,2026-08-10,12:38:25;467,"4697","2.414227","7911","1","0","0","0","1"
Data,2026-08-10,12:38:25;477,"4697","2.414227","7911","1","0","0","0","1"
Data,2026-08-10,12:38:25;487,"4707","2.414227","7911","1","0","0","0","1"
Data,2026-08-10,12:38:25;497,"4707","2.414227","7911","1","0","0","0","1"
Data,2026-08-10,12:38:25;507,"4717","2.414227","7911","1","0","0","0","1"
Data,2026-08-10,12:38:25;517,"4717","2.414227","7911","1","0","0","0","1"
Data,2026-08-10,12:38:25;527,"4728","2.414227","7911","1","0","0","0","1"
Data,2026-08-10,12:38:25;537,"4728","2.414227","7911","1","0","0","0","1"
Data,2026-08-10,12:38:25;547,"4738","2.414227","7911","1","0","0","0","1"
Data,2026-08-10,12:38:25;557,"4738","2.414227","7911","1","0","0","0","1"
Data,2026-08-10,12:38:25;567,"4750","2.414227","7911","1","0","0","0","1"
Data,2026-08-10,12:38:25;577,"4750","2.414227","7911","1","0","0","0","1"
Data,2026-08-10,12:38:25;587,"4761","2.414227","7911","1","0","0","0","1"
Data,2026-08-10,12:38:25;597,"4761","2.414227","7911","1","0","0","0","1"
Data,2026-08-10,12:38:25;607,"4771","2.414227","7911","1","0","0","0","1"
Data,2026-08-10,12:38:25;617,"4771","2.414227","7911","1","0","0","0","1"
Data,2026-08-10,12:38:25;627,"4781","2.414227","7911","1","0","0","0","1"
Data,2026-08-10,12:38:25;637,"4781","2.414227","7911","1","0","0","0","1"
Data,2026-08-10,12:38:25;647,"4792","2.414227","7911","1","0","0","0","1"
Data,2026-08-10,12:38:25;657,"4792","2.414227","7911","1","0","0","0","1"
Data,2026-08-10,12:38:25;667,"4802","2.414227","7911","1","0","0","0","1"
Data,2026-08-10,12:38:25;677,"4802","2.414227","7911","1","0","0","0","1"
Data,2026-08-10,12:38:25;687,"4811","2.414227","7911","1","0","0","0","1"
Data,2026-08-10,12:38:25;697,"4811","2.414227","7911","1","0","0","0","1"
Data,2026-08-10,12:38:25;707,"4822","2.414227","7911","1","0","0","0","1"
Data,2026-08-10,12:38:25;717,"4822","2.414227","7911","1","0","0","0","1"
Data,2026-08-10,12:38:25;727,"4831","2.414227","7911","1","0","0","0","1"
Data,2026-08-10,12:38:25;737,"4831","2.414227","7911","1","0","0","0","1"
Data,2026-08-10,12:38:25;747,"4841","2.414227","7911","1","0","0","0","1"
Data,2026-08-10,12:38:25;757,"4841","2.414227","7911","1","0","0","0","1"
Data,2026-08-10,12:38:25;767,"4852","2.414227","7911","1","0","0","0","1"
Data,2026-08-10,12:38:25;777,"4852","2.414227","7911","1","0","0","0","1"
Data,2026-08-10,12:38:25;787,"4863","2.414227","7911","1","0","0","0","1"
Data,2026-08-10,12:38:25;797,"4863","2.414227","7911","1","0","0","0","1"
Data,2026-08-10,12:38:25;807,"4873","2.414227","7911","1","0","0","0","1"
Data,2026-08-10,12:38:25;817,"4873","2.414227","7911","1","0","0","0","1"
Data,2026-08-10,12:38:25;827,"4882","2.414227","7911","1","0","0","0","1"
Data,2026-08-10,12:38:25;837,"4882","2.414227","7911","1","0","0","0","1"
Data,2026-08-10,12:38:25;847,"4891","2.414227","7911","1","0","0","0","1"
Data,2026-08-10,12:38:25;857,"4891","2.414227","7911","1","0","0","0","1"
Data,2026-08-10,12:38:25;867,"4900","2.414227","7911","1","0","0","0","1"
Data,2026-08-10,12:38:25;877,"4900","2.414227","7911","1","0","0","0","1"
Data,2026-08-10,12:38:25;887,"4910","2.414227","7911","1","0","0","0","1"
Data,2026-08-10,12:38:25;897,"4910","2.414227","7911","1","0","0","0","1"
Data,2026-08-10,12:38:25;907,"4919","2.414227","7911","1","0","0","0","1"
Data,2026-08-10,12:38:25;917,"4919","2.414227","7911","1","0","0","0","1"
Data,2026-08-10,12:38:25;927,"4919","2.414227","7911","1","0","0","0","1"
Data,2026-08-10,12:38:25;937,"4929","2.414227","7911","1","0","0","0","1"
Data,2026-08-10,12:38:25;947,"4929","2.414227","7911","1","0","0","0","1"
Data,2026-08-10,12:38:25;957,"4938","2.414227","7911","1","0","0","0","1"
Data,2026-08-10,12:38:25;967,"4938","2.414227","7911","1","0","0","0","1"
Data,2026-08-10,12:38:25;977,"4947","2.414227","7911","1","0","0","0","1"
Data,2026-08-10,12:38:25;987,"4947","2.414227","7911","1","0","0","0","1"
Data,2026-08-10,12:38:25;997,"4958","2.414227","7911","1","0","0","0","1"
Data,2026-08-10,12:38:26;007,"4968","2.414227","7911","0","0","0","0","1"
Data,2026-08-10,12:38:26;017,"4968","2.414227","7911","0","0","0","0","1"
Data,2026-08-10,12:38:26;027,"4968","2.414227","7911","0","0","0","0","1"
Data,2026-08-10,12:38:26;037,"4978","0.000000","0","0","0","0","0","0"
Data,2026-08-10,12:38:26;047,"4978","0.000000","0","0","0","0","0","0"
Data,2026-08-10,12:38:26;057,"4988","0.000000","0","0","0","0","0","0"
Data,2026-08-10,12:38:26;067,"4988","0.000000","0","0","0","0","0","0"
Data,2026-08-10,12:38:26;077,"4998","0.000000","0","0","0","0","0","0"
Data,2026-08-10,12:38:26;087,"4998","0.000000","0","0","0","0","0","0"
Data,2026-08-10,12:38:26;097,"5006","0.000000","0","0","0","0","0","0"
Data,2026-08-10,12:38:26;107,"5006","0.000000","0","0","0","0","0","0"
Data,2026-08-10,12:38:26;117,"5011","0.000000","0","0","0","0","0","0"
Data,2026-08-10,12:38:26;127,"5011","0.000000","0","0","0","0","0","0"
Data,2026-08-10,12:38:26;137,"5015","0.000000","0","0","0","0","0","0"
Data,2026-08-10,12:38:26;147,"5015","0.000000","0","0","0","0","0","0"
Data,2026-08-10,12:38:26;157,"5017","0.000000","0","0","0","0","0","0"
Data,2026-08-10,12:38:26;167,"5017","0.000000","0","0","0","0","0","0"
Data,2026-08-10,12:38:26;177,"5017","0.000000","0","0","0","0","0","0"
Data,2026-08-10,12:38:26;187,"5017","0.000000","0","0","0","0","0","0"
Data,2026-08-10,12:38:26;197,"5017","0.000000","0","0","0","0","0","0"
Data,2026-08-10,12:38:26;207,"5017","0.000000","0","0","0","0","0","0"
Data,2026-08-10,12:38:26;217,"5017","0.000000","0","0","0","0","0","0"
Data,2026-08-10,12:38:26;227,"5017","0.000000","0","0","0","0","0","0"
Data,2026-08-10,12:38:26;237,"5017","0.000000","0","0","0","0","0","0"
Data,2026-08-10,12:38:26;247,"5017","0.000000","0","0","0","0","0","0"
Data,2026-08-10,12:38:26;257,"5017","0.000000","0","0","0","0","0","0"
Data,2026-08-10,12:38:26;267,"5017","0.000000","0","0","0","0","0","0"
Data,2026-08-10,12:38:26;277,"5018","0.000000","0","0","0","0","0","0"
Data,2026-08-10,12:38:26;287,"5018","0.000000","0","0","0","0","0","0"
Data,2026-08-10,12:38:26;297,"5018","0.000000","0","0","0","0","0","0"
Data,2026-08-10,12:38:26;307,"5018","0.000000","0","0","0","0","0","0"
Data,2026-08-10,12:38:26;317,"5018","0.000000","0","0","0","0","0","0"
Data,2026-08-10,12:38:26;327,"5018","0.000000","0","0","0","0","0","0"
Data,2026-08-10,12:38:26;337,"5018","0.000000","0","0","0","0","0","0"
Data,2026-08-10,12:38:26;347,"5018","0.000000","0","0","0","0","0","0"
Data,2026-08-10,12:38:26;357,"5018","0.000000","0","0","0","0","0","0"
Data,2026-08-10,12:38:26;367,"5018","0.000000","0","0","0","0","0","0"
Data,2026-08-10,12:38:26;377,"5018","0.000000","0","0","0","0","0","0"
Data,2026-08-10,12:38:26;387,"5018","0.000000","0","0","0","0","0","0"
Data,2026-08-10,12:38:26;397,"5018","0.000000","0","0","0","0","0","0"
Data,2026-08-10,12:38:26;407,"5018","0.000000","0","0","0","0","0","0"
Data,2026-08-10,12:38:26;417,"5018","0.000000","0","0","0","0","0","0"
Data,2026-08-10,12:38:26;427,"5018","0.000000","0","0","0","0","0","0"
Data,2026-08-10,12:38:26;437,"5018","0.000000","0","0","0","0","0","0"
Data,2026-08-10,12:38:26;447,"5018","0.000000","0","0","0","0","0","0"
Data,2026-08-10,12:38:26;457,"5018","0.000000","0","0","0","0","0","0"
Data,2026-08-10,12:38:26;467,"5018","0.000000","0","0","0","0","0","0"
Data,2026-08-10,12:38:26;477,"5018","0.000000","0","0","0","0","0","0"
Data,2026-08-10,12:38:26;487,"5018","0.000000","0","0","0","0","0","0"
Data,2026-08-10,12:38:26;497,"5018","0.000000","0","0","0","0","0","0"
Data,2026-08-10,12:38:26;507,"5018","0.000000","0","0","0","0","0","0"
Data,2026-08-10,12:38:26;517,"5018","0.000000","0","0","0","0","0","0"
Data,2026-08-10,12:38:26;527,"5018","0.000000","0","0","0","0","0","0"
Data,2026-08-10,12:38:26;537,"5018","0.000000","0","0","0","0","0","0"
Data,2026-08-10,12:38:26;547,"5018","0.000000","0","0","0","0","0","0"
Data,2026-08-10,12:38:26;557,"5018","0.000000","0","0","0","0","0","0"
Data,2026-08-10,12:38:26;567,"5018","0.000000","0","0","0","0","0","0"
Data,2026-08-10,12:38:26;577,"5018","0.000000","0","0","0","0","0","0"
Data,2026-08-10,12:38:26;587,"5018","0.000000","0","0","0","0","0","0"
Data,2026-08-10,12:38:26;597,"5018","0.000000","0","0","0","0","0","0"
Data,2026-08-10,12:38:26;607,"5018","0.000000","0","0","0","0","0","0"
Data,2026-08-10,12:38:26;617,"5018","0.000000","0","0","0","0","0","0"
Data,2026-08-10,12:38:26;627,"5018","0.000000","0","0","0","0","0","0"
Data,2026-08-10,12:38:26;637,"5018","0.000000","0","0","0","0","0","0"
Data,2026-08-10,12:38:26;647,"5018","0.000000","0","0","0","0","0","0"
Data,2026-08-10,12:38:26;657,"5018","0.000000","0","0","0","0","0","0"
Data,2026-08-10,12:38:26;667,"5018","0.000000","0","0","0","0","0","0"
Data,2026-08-10,12:38:26;677,"5018","0.000000","0","0","0","0","0","0"
Data,2026-08-10,12:38:26;687,"5018","0.000000","0","0","0","0","0","0"
Data,2026-08-10,12:38:26;697,"5018","0.000000","0","0","0","0","0","0"
Data,2026-08-10,12:38:26;707,"5018","0.000000","0","0","0","0","0","0"
Data,2026-08-10,12:38:26;717,"5018","0.000000","0","0","0","0","0","0"
Data,2026-08-10,12:38:26;727,"5018","0.000000","0","0","0","0","0","0"
Data,2026-08-10,12:38:26;737,"5018","0.000000","0","0","0","0","0","0"
Data,2026-08-10,12:38:26;747,"5018","0.000000","0","0","0","0","0","0"
Data,2026-08-10,12:38:26;757,"5018","0.000000","0","0","0","0","0","0"
Data,2026-08-10,12:38:26;767,"5018","0.000000","0","0","0","0","0","0"
Data,2026-08-10,12:38:26;777,"5018","0.000000","0","0","0","0","0","0"
Data,2026-08-10,12:38:26;787,"5018","0.000000","0","0","0","0","0","0"
Data,2026-08-10,12:38:26;797,"5018","0.000000","0","0","0","0","0","0"
Data,2026-08-10,12:38:26;807,"5018","0.000000","0","0","0","0","0","0"
Data,2026-08-10,12:38:26;817,"5018","0.000000","0","0","0","0","0","0"
Data,2026-08-10,12:38:26;827,"5018","0.000000","0","0","0","0","0","0"
Data,2026-08-10,12:38:26;837,"5018","0.000000","0","0","0","0","0","0"
Data,2026-08-10,12:38:26;847,"5018","0.000000","0","0","0","0","0","0"
Data,2026-08-10,12:38:26;857,"5018","0.000000","0","0","0","0","0","0"
Data,2026-08-10,12:38:26;867,"5018","0.000000","0","0","0","0","0","0"
Data,2026-08-10,12:38:26;877,"5018","0.000000","0","0","0","0","0","0"
Data,2026-08-10,12:38:26;887,"5018","0.000000","0","0","0","0","0","0"
Data,2026-08-10,12:38:26;897,"5018","0.000000","0","0","0","0","0","0"
Data,2026-08-10,12:38:26;907,"5018","0.000000","0","0","0","0","0","0"
Data,2026-08-10,12:38:26;917,"5018","0.000000","0","0","0","0","0","0"
Data,2026-08-10,12:38:26;927,"5018","0.000000","0","0","0","0","0","0"
Data,2026-08-10,12:38:26;937,"5018","0.000000","0","0","0","0","0","0"
Data,2026-08-10,12:38:26;947,"5018","0.000000","0","0","0","0","0","0"
Data,2026-08-10,12:38:26;957,"5018","0.000000","0","0","0","0","0","0"
Data,2026-08-10,12:38:26;967,"5018","0.000000","0","0","0","0","0","0"
Data,2026-08-10,12:38:26;977,"5018","0.000000","0","0","0","0","0","0"
Data,2026-08-10,12:38:26;987,"5018","0.000000","0","0","0","0","0","0"
Data,2026-08-10,12:38:26;997,"5018","0.000000","0","0","0","0","0","0"
Data,2026-08-10,12:38:27;007,"5018","0.000000","0","0","0","0","0","0"
Data,2026-08-10,12:38:27;017,"5018","0.000000","0","0","0","0","0","0"
Data,2026-08-10,12:38:27;027,"5018","0.000000","0","0","0","0","0","0"
Data,2026-08-10,12:38:27;037,"5018","0.000000","0","0","0","0","0","0"
Data,2026-08-10,12:38:27;047,"5018","0.000000","0","0","0","0","0","0"
Data,2026-08-10,12:38:27;057,"5018","0.000000","0","0","0","0","0","0"
Data,2026-08-10,12:38:27;067,"5018","0.000000","0","0","0","0","0","0"
Data,2026-08-10,12:38:27;077,"5018","0.000000","0","0","0","0","0","0"
Data,2026-08-10,12:38:27;087,"5018","0.000000","0","0","0","0","0","0"
Data,2026-08-10,12:38:27;097,"5018","0.000000","0","0","0","0","0","0"
Data,2026-08-10,12:38:27;107,"5018","0.000000","0","0","0","0","0","0"
Data,2026-08-10,12:38:27;117,"5018","0.000000","0","0","0","0","0","0"
Data,2026-08-10,12:38:27;127,"5018","0.000000","0","0","0","0","0","0"
Data,2026-08-10,12:38:27;137,"5018","0.000000","0","0","0","0","0","0"
Data,2026-08-10,12:38:27;147,"5018","0.000000","0","0","0","0","0","0"
Data,2026-08-10,12:38:27;157,"5018","0.000000","0","0","0","0","0","0"
Data,2026-08-10,12:38:27;167,"5018","0.000000","0","0","0","0","0","0"
Data,2026-08-10,12:38:27;177,"5018","0.000000","0","0","0","0","0","0"
Data,2026-08-10,12:38:27;187,"5018","0.000000","0","0","0","0","0","0"
Data,2026-08-10,12:38:27;197,"5018","0.000000","0","0","0","0","0","0"
Data,2026-08-10,12:38:27;207,"5018","0.000000","0","0","0","0","0","0"
Data,2026-08-10,12:38:27;217,"5018","0.000000","0","0","0","0","0","0"
Data,2026-08-10,12:38:27;227,"5018","0.000000","0","0","0","0","0","0"
Data,2026-08-10,12:38:27;237,"0","0.000000","0","0","0","0","0","0"
Data,2026-08-10,12:38:27;247,"0","0.000000","0","0","0","0","0","0"
Data,2026-08-10,12:38:27;257,"0","3.000000","9830","0","1","0","0","0"
Data,2026-08-10,12:38:27;267,"0","3.000000","9830","0","1","0","0","0"
Data,2026-08-10,12:38:27;277,"0","3.000000","9830","0","1","0","0","0"
Data,2026-08-10,12:38:27;287,"0","3.000000","9830","0","1","0","0","0"
Data,2026-08-10,12:38:27;297,"0","3.000000","9830","0","1","0","0","0"
Data,2026-08-10,12:38:27;307,"0","3.000000","9830","0","1","0","0","0"
Data,2026-08-10,12:38:27;317,"21","3.000000","9830","0","1","0","0","0"
Data,2026-08-10,12:38:27;327,"21","3.006300","9851","0","1","0","0","0"
Data,2026-08-10,12:38:27;337,"51","3.006300","9851","0","1","0","0","0"
Data,2026-08-10,12:38:27;347,"51","3.015300","9880","0","1","0","0","0"
Data,2026-08-10,12:38:27;357,"93","3.015300","9880","1","1","0","0","0"
Data,2026-08-10,12:38:27;367,"93","3.015300","9880","1","1","0","0","0"
Data,2026-08-10,12:38:27;377,"143","3.027900","9922","1","1","0","0","0"
Data,2026-08-10,12:38:27;387,"143","3.042900","9971","1","1","0","0","0"
Data,2026-08-10,12:38:27;397,"200","3.042900","9971","1","1","0","0","0"
Data,2026-08-10,12:38:27;407,"200","3.060000","10027","1","1","0","0","0"
Data,2026-08-10,12:38:27;417,"242","3.060000","10027","1","1","0","0","0"
Data,2026-08-10,12:38:27;427,"242","3.060000","10027","1","1","0","0","0"
Data,2026-08-10,12:38:27;437,"283","3.072600","10068","1","1","0","0","0"
Data,2026-08-10,12:38:27;447,"283","3.084900","10108","1","1","0","0","0"
Data,2026-08-10,12:38:27;457,"323","3.096900","10148","1","1","0","0","0"
Data,2026-08-10,12:38:27;467,"323","3.096900","10148","1","1","0","0","0"
Data,2026-08-10,12:38:27;477,"366","3.096900","10148","1","1","0","0","0"
Data,2026-08-10,12:38:27;487,"366","3.096900","10148","1","1","0","0","0"
Data,2026-08-10,12:38:27;497,"419","3.109800","10190","1","1","0","0","0"
Data,2026-08-10,12:38:27;507,"419","3.125700","10242","1","1","0","0","0"
Data,2026-08-10,12:38:27;517,"466","3.125700","10242","1","1","0","0","0"
Data,2026-08-10,12:38:27;527,"466","3.139800","10288","1","1","0","0","0"
Data,2026-08-10,12:38:27;537,"513","3.139800","10288","1","0","1","0","0"
Data,2026-08-10,12:38:27;547,"513","3.139800","10288","1","0","1","0","0"
Data,2026-08-10,12:38:27;557,"562","3.139800","10288","1","0","1","0","0"
Data,2026-08-10,12:38:27;567,"562","3.139800","10288","1","0","1","0","0"
Data,2026-08-10,12:38:27;577,"610","3.139800","10288","1","0","1","0","0"
Data,2026-08-10,12:38:27;587,"610","3.139800","10288","1","0","1","0","0"
Data,2026-08-10,12:38:27;597,"662","3.139800","10288","1","0","1","0","0"
Data,2026-08-10,12:38:27;607,"662","3.139800","10288","1","0","1","0","0"
Data,2026-08-10,12:38:27;617,"710","3.139800","10288","1","0","1","0","0"
Data,2026-08-10,12:38:27;627,"710","3.139800","10288","1","0","1","0","0"
Data,2026-08-10,12:38:27;637,"757","3.139800","10288","1","0","1","0","0"
Data,2026-08-10,12:38:27;647,"757","3.139800","10288","1","0","1","0","0"
Data,2026-08-10,12:38:27;657,"807","3.139800","10288","1","0","1","0","0"
Data,2026-08-10,12:38:27;667,"807","3.139800","10288","1","0","1","0","0"
Data,2026-08-10,12:38:27;677,"861","3.139800","10288","1","0","1","0","0"
Data,2026-08-10,12:38:27;687,"861","3.139800","10288","1","0","1","0","0"
Data,2026-08-10,12:38:27;697,"912","3.139800","10288","1","0","1","0","0"
Data,2026-08-10,12:38:27;707,"912","3.139800","10288","1","0","1","0","0"
Data,2026-08-10,12:38:27;717,"962","3.139800","10288","1","0","1","0","0"
Data,2026-08-10,12:38:27;727,"962","3.139800","10288","1","0","1","0","0"
Data,2026-08-10,12:38:27;737,"1012","3.139800","10288","1","0","1","0","0"
Data,2026-08-10,12:38:27;747,"1012","3.139800","10288","1","0","1","0","0"
Data,2026-08-10,12:38:27;757,"1067","3.139800","10288","1","0","1","0","0"
Data,2026-08-10,12:38:27;767,"1067","3.139800","10288","1","0","1","0","0"
Data,2026-08-10,12:38:27;777,"1116","3.139800","10288","1","0","1","0","0"
Data,2026-08-10,12:38:27;787,"1116","3.139800","10288","1","0","1","0","0"
Data,2026-08-10,12:38:27;797,"1164","3.139800","10288","1","0","1","0","0"
Data,2026-08-10,12:38:27;807,"1164","3.139800","10288","1","0","1","0","0"
Data,2026-08-10,12:38:27;817,"1213","3.139800","10288","1","0","1","0","0"
Data,2026-08-10,12:38:27;827,"1213","3.139800","10288","1","0","1","0","0"
Data,2026-08-10,12:38:27;837,"1268","3.139800","10288","1","0","1","0","0"
Data,2026-08-10,12:38:27;847,"1268","3.139800","10288","1","0","1","0","0"
Data,2026-08-10,12:38:27;857,"1317","3.139800","10288","1","0","1","0","0"
Data,2026-08-10,12:38:27;867,"1317","3.139800","10288","1","0","1","0","0"
Data,2026-08-10,12:38:27;877,"1366","3.139800","10288","1","0","1","0","0"
Data,2026-08-10,12:38:27;887,"1366","3.139800","10288","1","0","1","0","0"
Data,2026-08-10,12:38:27;897,"1415","3.139800","10288","1","0","1","0","0"
Data,2026-08-10,12:38:27;907,"1415","3.139800","10288","1","0","1","0","0"
Data,2026-08-10,12:38:27;917,"1464","3.139800","10288","1","0","1","0","0"
Data,2026-08-10,12:38:27;927,"1464","3.139800","10288","1","0","1","0","0"
Data,2026-08-10,12:38:27;937,"1515","3.139800","10288","1","0","1","0","0"
Data,2026-08-10,12:38:27;947,"1515","3.139800","10288","1","0","1","0","0"
Data,2026-08-10,12:38:27;957,"1562","3.139800","10288","1","0","1","0","0"
Data,2026-08-10,12:38:27;967,"1562","3.139800","10288","1","0","1","0","0"
Data,2026-08-10,12:38:27;977,"1608","3.139800","10288","1","0","1","0","0"
Data,2026-08-10,12:38:27;987,"1608","3.139800","10288","1","0","1","0","0"
Data,2026-08-10,12:38:27;997,"1654","3.139800","10288","1","0","1","0","0"
Data,2026-08-10,12:38:28;007,"1654","3.139800","10288","1","0","1","0","0"
Data,2026-08-10,12:38:28;017,"1706","3.139800","10288","1","0","1","0","0"
Data,2026-08-10,12:38:28;027,"1706","3.139800","10288","1","0","1","0","0"
Data,2026-08-10,12:38:28;037,"1755","3.139800","10288","1","0","1","0","0"
Data,2026-08-10,12:38:28;047,"1755","3.139800","10288","1","0","1","0","0"
Data,2026-08-10,12:38:28;057,"1804","3.139800","10288","1","0","1","0","0"
Data,2026-08-10,12:38:28;067,"1804","3.139800","10288","1","0","1","0","0"
Data,2026-08-10,12:38:28;077,"1855","3.139800","10288","1","0","1","0","0"
Data,2026-08-10,12:38:28;087,"1855","3.139800","10288","1","0","1","0","0"
Data,2026-08-10,12:38:28;097,"1909","3.139800","10288","1","0","1","0","0"
Data,2026-08-10,12:38:28;107,"1909","3.139800","10288","1","0","1","0","0"
Data,2026-08-10,12:38:28;117,"1962","3.139800","10288","1","0","1","0","0"
Data,2026-08-10,12:38:28;127,"1962","3.139800","10288","1","0","1","0","0"
Data,2026-08-10,12:38:28;137,"2012","3.139800","10288","1","0","1","0","0"
Data,2026-08-10,12:38:28;147,"2012","3.139800","10288","1","0","1","0","0"
Data,2026-08-10,12:38:28;157,"2062","3.139800","10288","1","0","1","0","0"
Data,2026-08-10,12:38:28;167,"2062","3.139800","10288","1","0","1","0","0"
Data,2026-08-10,12:38:28;177,"2117","3.139800","10288","1","0","1","0","0"
Data,2026-08-10,12:38:28;187,"2117","3.139800","10288","1","0","1","0","0"
Data,2026-08-10,12:38:28;197,"2165","3.139800","10288","1","0","1","0","0"
Data,2026-08-10,12:38:28;207,"2165","3.139800","10288","1","0","1","0","0"
Data,2026-08-10,12:38:28;217,"2213","3.139800","10288","1","0","1","0","0"
Data,2026-08-10,12:38:28;227,"2213","3.139800","10288","1","0","1","0","0"
Data,2026-08-10,12:38:28;237,"2263","3.139800","10288","1","0","1","0","0"
Data,2026-08-10,12:38:28;247,"2263","3.139800","10288","1","0","1","0","0"
Data,2026-08-10,12:38:28;257,"2310","3.139800","10288","1","0","1","0","0"
Data,2026-08-10,12:38:28;267,"2310","3.139800","10288","1","0","1","0","0"
Data,2026-08-10,12:38:28;277,"2360","3.139800","10288","1","0","1","0","0"
Data,2026-08-10,12:38:28;287,"2360","3.139800","10288","1","0","1","0","0"
Data,2026-08-10,12:38:28;297,"2409","3.139800","10288","1","0","1","0","0"
Data,2026-08-10,12:38:28;307,"2409","3.139800","10288","1","0","1","0","0"
Data,2026-08-10,12:38:28;317,"2464","3.139800","10288","1","0","1","0","0"
Data,2026-08-10,12:38:28;327,"2464","3.139800","10288","1","0","1","0","0"
Data,2026-08-10,12:38:28;337,"2514","3.139800","10288","1","0","1","0","0"
Data,2026-08-10,12:38:28;347,"2514","3.139800","10288","1","0","1","0","0"
Data,2026-08-10,12:38:28;357,"2563","3.139800","10288","1","0","1","0","0"
Data,2026-08-10,12:38:28;367,"2563","3.139800","10288","1","0","1","0","0"
Data,2026-08-10,12:38:28;377,"2611","3.139800","10288","1","0","1","0","0"
Data,2026-08-10,12:38:28;387,"2611","3.139800","10288","1","0","1","0","0"
Data,2026-08-10,12:38:28;397,"2663","3.139800","10288","1","0","1","0","0"
Data,2026-08-10,12:38:28;407,"2663","3.139800","10288","1","0","1","0","0"
Data,2026-08-10,12:38:28;417,"2713","3.139800","10288","1","0","1","0","0"
Data,2026-08-10,12:38:28;427,"2713","3.139800","10288","1","0","1","0","0"
Data,2026-08-10,12:38:28;437,"2762","3.139800","10288","1","0","1","0","0"
Data,2026-08-10,12:38:28;447,"2762","3.139800","10288","1","0","1","0","0"
Data,2026-08-10,12:38:28;457,"2812","3.139800","10288","1","0","1","0","0"
Data,2026-08-10,12:38:28;467,"2812","3.139800","10288","1","0","1","0","0"
Data,2026-08-10,12:38:28;477,"2861","3.139800","10288","1","0","1","0","0"
Data,2026-08-10,12:38:28;487,"2861","3.139800","10288","1","0","1","0","0"
Data,2026-08-10,12:38:28;497,"2916","3.139800","10288","1","0","1","0","0"
Data,2026-08-10,12:38:28;507,"2916","3.139800","10288","1","0","1","0","0"
Data,2026-08-10,12:38:28;517,"2963","3.139800","10288","1","0","1","0","0"
Data,2026-08-10,12:38:28;527,"2963","3.139800","10288","1","0","1","0","0"
Data,2026-08-10,12:38:28;537,"3011","3.139800","10288","1","0","1","0","0"
Data,2026-08-10,12:38:28;547,"3011","3.139800","10288","1","0","1","0","0"
Data,2026-08-10,12:38:28;557,"3059","3.139800","10288","1","0","1","0","0"
Data,2026-08-10,12:38:28;567,"3059","3.139800","10288","1","0","1","0","0"
Data,2026-08-10,12:38:28;577,"3110","3.139800","10288","1","0","1","0","0"
Data,2026-08-10,12:38:28;587,"3110","3.139800","10288","1","0","1","0","0"
Data,2026-08-10,12:38:28;597,"3159","3.139800","10288","1","0","1","0","0"
Data,2026-08-10,12:38:28;607,"3159","3.139800","10288","1","0","1","0","0"
Data,2026-08-10,12:38:28;617,"3209","3.139800","10288","1","0","1","0","0"
Data,2026-08-10,12:38:28;627,"3209","3.139800","10288","1","0","1","0","0"
Data,2026-08-10,12:38:28;637,"3262","3.139800","10288","1","0","1","0","0"
Data,2026-08-10,12:38:28;647,"3262","3.139800","10288","1","0","1","0","0"
Data,2026-08-10,12:38:28;657,"3311","3.139800","10288","1","0","1","0","0"
Data,2026-08-10,12:38:28;667,"3311","3.139800","10288","1","0","1","0","0"
Data,2026-08-10,12:38:28;677,"3361","3.139800","10288","1","0","1","0","0"
Data,2026-08-10,12:38:28;687,"3361","3.139800","10288","1","0","1","0","0"
Data,2026-08-10,12:38:28;697,"3410","3.139800","10288","1","0","1","0","0"
Data,2026-08-10,12:38:28;707,"3410","3.139800","10288","1","0","1","0","0"
Data,2026-08-10,12:38:28;717,"3463","3.139800","10288","1","0","1","0","0"
Data,2026-08-10,12:38:28;727,"3463","3.139800","10288","1","0","1","0","0"
Data,2026-08-10,12:38:28;737,"3510","3.139800","10288","1","0","1","0","0"
Data,2026-08-10,12:38:28;747,"3510","3.139800","10288","1","0","1","0","0"
Data,2026-08-10,12:38:28;757,"3510","3.139800","10288","1","0","1","0","0"
Data,2026-08-10,12:38:28;767,"3558","3.139800","10288","1","0","1","0","0"
Data,2026-08-10,12:38:28;777,"3558","3.139800","10288","1","0","1","0","0"
Data,2026-08-10,12:38:28;787,"3607","3.139800","10288","1","0","1","0","0"
Data,2026-08-10,12:38:28;797,"3607","3.139800","10288","1","0","1","0","0"
Data,2026-08-10,12:38:28;807,"3660","3.139800","10288","1","0","1","0","0"
Data,2026-08-10,12:38:28;817,"3660","3.139800","10288","1","0","1","0","0"
Data,2026-08-10,12:38:28;827,"3710","3.139800","10288","1","0","1","0","0"
Data,2026-08-10,12:38:28;837,"3710","3.139800","10288","1","0","1","0","0"
Data,2026-08-10,12:38:28;847,"3758","3.139800","10288","1","0","1","0","0"
Data,2026-08-10,12:38:28;857,"3758","3.139800","10288","1","0","1","0","0"
Data,2026-08-10,12:38:28;867,"3806","3.139800","10288","1","0","1","0","0"
Data,2026-08-10,12:38:28;877,"3806","3.139800","10288","1","0","1","0","0"
Data,2026-08-10,12:38:28;887,"3858","3.139800","10288","1","0","1","0","0"
Data,2026-08-10,12:38:28;897,"3858","3.139800","10288","1","0","1","0","0"
Data,2026-08-10,12:38:28;907,"3907","3.139800","10288","1","0","1","0","0"
Data,2026-08-10,12:38:28;917,"3907","3.139800","10288","1","0","1","0","0"
Data,2026-08-10,12:38:28;927,"3954","3.139800","10288","1","0","1","0","0"
Data,2026-08-10,12:38:28;937,"3954","3.139800","10288","1","0","1","0","0"
Data,2026-08-10,12:38:28;947,"4003","2.992083","9804","1","0","0","1","0"
Data,2026-08-10,12:38:28;957,"4003","2.992083","9804","1","0","0","1","0"
Data,2026-08-10,12:38:28;967,"4052","2.992083","9804","1","0","0","1","0"
Data,2026-08-10,12:38:28;977,"4052","2.906539","9524","1","0","0","1","0"
Data,2026-08-10,12:38:28;987,"4100","2.906539","9524","1","0","0","1","0"
Data,2026-08-10,12:38:28;997,"4100","2.822741","9249","1","0","0","1","0"
Data,2026-08-10,12:38:29;007,"4147","2.740689","8980","1","0","0","1","0"
Data,2026-08-10,12:38:29;017,"4147","2.740689","8980","1","0","0","1","0"
Data,2026-08-10,12:38:29;027,"4194","2.740689","8980","1","0","0","1","0"
Data,2026-08-10,12:38:29;037,"4194","2.658637","8712","1","0","0","1","0"
Data,2026-08-10,12:38:29;047,"4242","2.658637","8712","1","0","0","1","0"
Data,2026-08-10,12:38:29;057,"4242","2.574839","8437","1","0","0","1","0"
Data,2026-08-10,12:38:29;067,"4273","2.520720","8260","1","0","0","1","0"
Data,2026-08-10,12:38:29;077,"4273","2.520720","8260","1","0","0","1","0"
Data,2026-08-10,12:38:29;087,"4293","2.520720","8260","1","0","0","1","0"
Data,2026-08-10,12:38:29;097,"4293","2.485804","8145","1","0","0","1","0"
Data,2026-08-10,12:38:29;107,"4316","2.485804","8145","1","0","0","1","0"
Data,2026-08-10,12:38:29;117,"4316","2.445651","8014","1","0","0","1","0"
Data,2026-08-10,12:38:29;127,"4334","2.414227","7911","1","0","0","1","0"
Data,2026-08-10,12:38:29;137,"4334","2.414227","7911","1","0","0","1","0"
Data,2026-08-10,12:38:29;147,"4357","2.414227","7911","1","0","0","0","1"
Data,2026-08-10,12:38:29;157,"4357","2.414227","7911","1","0","0","0","1"
Data,2026-08-10,12:38:29;167,"4373","2.414227","7911","1","0","0","0","1"
Data,2026-08-10,12:38:29;177,"4373","2.414227","7911","1","0","0","0","1"
Data,2026-08-10,12:38:29;187,"4382","2.414227","7911","1","0","0","0","1"
Data,2026-08-10,12:38:29;197,"4382","2.414227","7911","1","0","0","0","1"
Data,2026-08-10,12:38:29;207,"4390","2.414227","7911","1","0","0","0","1"
Data,2026-08-10,12:38:29;217,"4390","2.414227","7911","1","0","0","0","1"
Data,2026-08-10,12:38:29;227,"4400","2.414227","7911","1","0","0","0","1"
Data,2026-08-10,12:38:29;237,"4400","2.414227","7911","1","0","0","0","1"
Data,2026-08-10,12:38:29;247,"4412","2.414227","7911","1","0","0","0","1"
Data,2026-08-10,12:38:29;257,"4412","2.414227","7911","1","0","0","0","1"
Data,2026-08-10,12:38:29;267,"4424","2.414227","7911","1","0","0","0","1"
Data,2026-08-10,12:38:29;277,"4424","2.414227","7911","1","0","0","0","1"
Data,2026-08-10,12:38:29;287,"4434","2.414227","7911","1","0","0","0","1"
Data,2026-08-10,12:38:29;297,"4434","2.414227","7911","1","0","0","0","1"
Data,2026-08-10,12:38:29;307,"4442","2.414227","7911","1","0","0","0","1"
Data,2026-08-10,12:38:29;317,"4442","2.414227","7911","1","0","0","0","1"
Data,2026-08-10,12:38:29;327,"4452","2.414227","7911","1","0","0","0","1"
Data,2026-08-10,12:38:29;337,"4452","2.414227","7911","1","0","0","0","1"
Data,2026-08-10,12:38:29;347,"4459","2.414227","7911","1","0","0","0","1"
Data,2026-08-10,12:38:29;357,"4459","2.414227","7911","1","0","0","0","1"
Data,2026-08-10,12:38:29;367,"4464","2.414227","7911","1","0","0","0","1"
Data,2026-08-10,12:38:29;377,"4464","2.414227","7911","1","0","0","0","1"
Data,2026-08-10,12:38:29;387,"4466","2.414227","7911","1","0","0","0","1"
Data,2026-08-10,12:38:29;397,"4466","2.414227","7911","1","0","0","0","1"
Data,2026-08-10,12:38:29;407,"4471","2.414227","7911","1","0","0","0","1"
Data,2026-08-10,12:38:29;417,"4471","2.414227","7911","1","0","0","0","1"
Data,2026-08-10,12:38:29;427,"4478","2.414227","7911","1","0","0","0","1"
Data,2026-08-10,12:38:29;437,"4478","2.414227","7911","1","0","0","0","1"
Data,2026-08-10,12:38:29;447,"4488","2.414227","7911","1","0","0","0","1"
Data,2026-08-10,12:38:29;457,"4488","2.414227","7911","1","0","0","0","1"
Data,2026-08-10,12:38:29;467,"4503","2.414227","7911","1","0","0","0","1"
Data,2026-08-10,12:38:29;477,"4503","2.414227","7911","1","0","0","0","1"
Data,2026-08-10,12:38:29;487,"4516","2.414227","7911","1","0","0","0","1"
Data,2026-08-10,12:38:29;497,"4516","2.414227","7911","1","0","0","0","1"
Data,2026-08-10,12:38:29;507,"4530","2.414227","7911","1","0","0","0","1"
Data,2026-08-10,12:38:29;517,"4530","2.414227","7911","1","0","0","0","1"
Data,2026-08-10,12:38:29;527,"4541","2.414227","7911","1","0","0","0","1"
Data,2026-08-10,12:38:29;537,"4541","2.414227","7911","1","0","0","0","1"
Data,2026-08-10,12:38:29;547,"4550","2.414227","7911","1","0","0","0","1"
Data,2026-08-10,12:38:29;557,"4550","2.414227","7911","1","0","0","0","1"
Data,2026-08-10,12:38:29;567,"4558","2.414227","7911","1","0","0","0","1"
Data,2026-08-10,12:38:29;577,"4558","2.414227","7911","1","0","0","0","1"
Data,2026-08-10,12:38:29;587,"4567","2.414227","7911","1","0","0","0","1"
Data,2026-08-10,12:38:29;597,"4567","2.414227","7911","1","0","0","0","1"
Data,2026-08-10,12:38:29;607,"4577","2.414227","7911","1","0","0","0","1"
Data,2026-08-10,12:38:29;617,"4577","2.414227","7911","1","0","0","0","1"
Data,2026-08-10,12:38:29;627,"4587","2.414227","7911","1","0","0","0","1"
Data,2026-08-10,12:38:29;637,"4587","2.414227","7911","1","0","0","0","1"
Data,2026-08-10,12:38:29;647,"4598","2.414227","7911","1","0","0","0","1"
Data,2026-08-10,12:38:29;657,"4598","2.414227","7911","1","0","0","0","1"
Data,2026-08-10,12:38:29;667,"4607","2.414227","7911","1","0","0","0","1"
Data,2026-08-10,12:38:29;677,"4607","2.414227","7911","1","0","0","0","1"
Data,2026-08-10,12:38:29;687,"4617","2.414227","7911","1","0","0","0","1"
Data,2026-08-10,12:38:29;697,"4617","2.414227","7911","1","0","0","0","1"
Data,2026-08-10,12:38:29;707,"4628","2.414227","7911","1","0","0","0","1"
Data,2026-08-10,12:38:29;717,"4628","2.414227","7911","1","0","0","0","1"
Data,2026-08-10,12:38:29;727,"4640","2.414227","7911","1","0","0","0","1"
Data,2026-08-10,12:38:29;737,"4640","2.414227","7911","1","0","0","0","1"
Data,2026-08-10,12:38:29;747,"4651","2.414227","7911","1","0","0","0","1"
Data,2026-08-10,12:38:29;757,"4651","2.414227","7911","1","0","0","0","1"
Data,2026-08-10,12:38:29;767,"4662","2.414227","7911","1","0","0","0","1"
Data,2026-08-10,12:38:29;777,"4662","2.414227","7911","1","0","0","0","1"
Data,2026-08-10,12:38:29;787,"4673","2.414227","7911","1","0","0","0","1"
Data,2026-08-10,12:38:29;797,"4673","2.414227","7911","1","0","0","0","1"
Data,2026-08-10,12:38:29;807,"4683","2.414227","7911","1","0","0","0","1"
Data,2026-08-10,12:38:29;817,"4683","2.414227","7911","1","0","0","0","1"
Data,2026-08-10,12:38:29;827,"4694","2.414227","7911","1","0","0","0","1"
Data,2026-08-10,12:38:29;837,"4694","2.414227","7911","1","0","0","0","1"
Data,2026-08-10,12:38:29;847,"4704","2.414227","7911","1","0","0","0","1"
Data,2026-08-10,12:38:29;857,"4704","2.414227","7911","1","0","0","0","1"
Data,2026-08-10,12:38:29;867,"4714","2.414227","7911","1","0","0","0","1"
Data,2026-08-10,12:38:29;877,"4714","2.414227","7911","1","0","0","0","1"
Data,2026-08-10,12:38:29;887,"4724","2.414227","7911","1","0","0","0","1"
Data,2026-08-10,12:38:29;897,"4724","2.414227","7911","1","0","0","0","1"
Data,2026-08-10,12:38:29;907,"4734","2.414227","7911","1","0","0","0","1"
Data,2026-08-10,12:38:29;917,"4734","2.414227","7911","1","0","0","0","1"
Data,2026-08-10,12:38:29;927,"4745","2.414227","7911","1","0","0","0","1"
Data,2026-08-10,12:38:29;937,"4745","2.414227","7911","1","0","0","0","1"
Data,2026-08-10,12:38:29;947,"4755","2.414227","7911","1","0","0","0","1"
Data,2026-08-10,12:38:29;957,"4755","2.414227","7911","1","0","0","0","1"
Data,2026-08-10,12:38:29;967,"4766","2.414227","7911","1","0","0","0","1"
Data,2026-08-10,12:38:29;977,"4766","2.414227","7911","1","0","0","0","1"
Data,2026-08-10,12:38:29;987,"4777","2.414227","7911","1","0","0","0","1"
Data,2026-08-10,12:38:29;997,"4777","2.414227","7911","1","0","0","0","1"
Data,2026-08-10,12:38:30;007,"4788","2.414227","7911","1","0","0","0","1"
Data,2026-08-10,12:38:30;017,"4788","2.414227","7911","1","0","0","0","1"
Data,2026-08-10,12:38:30;027,"4798","2.414227","7911","1","0","0","0","1"
Data,2026-08-10,12:38:30;037,"4798","2.414227","7911","1","0","0","0","1"
Data,2026-08-10,12:38:30;047,"4807","2.414227","7911","1","0","0","0","1"
Data,2026-08-10,12:38:30;057,"4807","2.414227","7911","1","0","0","0","1"
Data,2026-08-10,12:38:30;067,"4818","2.414227","7911","1","0","0","0","1"
Data,2026-08-10,12:38:30;077,"4818","2.414227","7911","1","0","0","0","1"
Data,2026-08-10,12:38:30;087,"4828","2.414227","7911","1","0","0","0","1"
Data,2026-08-10,12:38:30;097,"4828","2.414227","7911","1","0","0","0","1"
Data,2026-08-10,12:38:30;107,"4837","2.414227","7911","1","0","0","0","1"
Data,2026-08-10,12:38:30;117,"4837","2.414227","7911","1","0","0","0","1"
Data,2026-08-10,12:38:30;127,"4847","2.414227","7911","1","0","0","0","1"
Data,2026-08-10,12:38:30;137,"4847","2.414227","7911","1","0","0","0","1"
Data,2026-08-10,12:38:30;147,"4856","2.414227","7911","1","0","0","0","1"
Data,2026-08-10,12:38:30;157,"4856","2.414227","7911","1","0","0","0","1"
Data,2026-08-10,12:38:30;167,"4867","2.414227","7911","1","0","0","0","1"
Data,2026-08-10,12:38:30;177,"4867","2.414227","7911","1","0","0","0","1"
Data,2026-08-10,12:38:30;187,"4876","2.414227","7911","1","0","0","0","1"
Data,2026-08-10,12:38:30;197,"4876","2.414227","7911","1","0","0","0","1"
Data,2026-08-10,12:38:30;207,"4887","2.414227","7911","1","0","0","0","1"
Data,2026-08-10,12:38:30;217,"4887","2.414227","7911","1","0","0","0","1"
Data,2026-08-10,12:38:30;227,"4896","2.414227","7911","1","0","0","0","1"
Data,2026-08-10,12:38:30;237,"4896","2.414227","7911","1","0","0","0","1"
Data,2026-08-10,12:38:30;247,"4905","2.414227","7911","1","0","0","0","1"
Data,2026-08-10,12:38:30;257,"4905","2.414227","7911","1","0","0","0","1"
Data,2026-08-10,12:38:30;267,"4915","2.414227","7911","1","0","0","0","1"
Data,2026-08-10,12:38:30;277,"4915","2.414227","7911","1","0","0","0","1"
Data,2026-08-10,12:38:30;287,"4924","2.414227","7911","1","0","0","0","1"
Data,2026-08-10,12:38:30;297,"4924","2.414227","7911","1","0","0","0","1"
Data,2026-08-10,12:38:30;307,"4933","2.414227","7911","1","0","0","0","1"
Data,2026-08-10,12:38:30;317,"4933","2.414227","7911","1","0","0","0","1"
Data,2026-08-10,12:38:30;327,"4943","2.414227","7911","0","0","0","0","1"
Data,2026-08-10,12:38:30;337,"4943","2.414227","7911","0","0","0","0","1"
Data,2026-08-10,12:38:30;347,"4953","0.000000","0","0","0","0","0","0"
Data,2026-08-10,12:38:30;357,"4953","0.000000","0","0","0","0","0","0"
Data,2026-08-10,12:38:30;367,"4963","0.000000","0","0","0","0","0","0"
Data,2026-08-10,12:38:30;377,"4963","0.000000","0","0","0","0","0","0"
Data,2026-08-10,12:38:30;387,"4972","0.000000","0","0","0","0","0","0"
Data,2026-08-10,12:38:30;397,"4972","0.000000","0","0","0","0","0","0"
Data,2026-08-10,12:38:30;407,"4977","0.000000","0","0","0","0","0","0"
Data,2026-08-10,12:38:30;417,"4977","0.000000","0","0","0","0","0","0"
Data,2026-08-10,12:38:30;427,"4981","0.000000","0","0","0","0","0","0"
Data,2026-08-10,12:38:30;437,"4981","0.000000","0","0","0","0","0","0"
Data,2026-08-10,12:38:30;447,"4984","0.000000","0","0","0","0","0","0"
Data,2026-08-10,12:38:30;457,"4984","0.000000","0","0","0","0","0","0"
Data,2026-08-10,12:38:30;467,"4985","0.000000","0","0","0","0","0","0"
Data,2026-08-10,12:38:30;477,"4985","0.000000","0","0","0","0","0","0"
Data,2026-08-10,12:38:30;487,"4985","0.000000","0","0","0","0","0","0"
Data,2026-08-10,12:38:30;497,"4985","0.000000","0","0","0","0","0","0"
Data,2026-08-10,12:38:30;507,"4985","0.000000","0","0","0","0","0","0"
Data,2026-08-10,12:38:30;517,"4985","0.000000","0","0","0","0","0","0"
Data,2026-08-10,12:38:30;527,"4985","0.000000","0","0","0","0","0","0"
Data,2026-08-10,12:38:30;537,"4985","0.000000","0","0","0","0","0","0"
Data,2026-08-10,12:38:30;547,"4985","0.000000","0","0","0","0","0","0"
Data,2026-08-10,12:38:30;557,"4985","0.000000","0","0","0","0","0","0"
Data,2026-08-10,12:38:30;567,"4985","0.000000","0","0","0","0","0","0"
Data,2026-08-10,12:38:30;577,"4985","0.000000","0","0","0","0","0","0"
Data,2026-08-10,12:38:30;587,"4985","0.000000","0","0","0","0","0","0"
Data,2026-08-10,12:38:30;597,"4985","0.000000","0","0","0","0","0","0"
Data,2026-08-10,12:38:30;607,"4985","0.000000","0","0","0","0","0","0"
Data,2026-08-10,12:38:30;617,"4985","0.000000","0","0","0","0","0","0"
Data,2026-08-10,12:38:30;627,"4985","0.000000","0","0","0","0","0","0"
Data,2026-08-10,12:38:30;637,"4985","0.000000","0","0","0","0","0","0"
Data,2026-08-10,12:38:30;647,"4985","0.000000","0","0","0","0","0","0"
Data,2026-08-10,12:38:30;657,"4985","0.000000","0","0","0","0","0","0"
Data,2026-08-10,12:38:30;667,"4985","0.000000","0","0","0","0","0","0"
Data,2026-08-10,12:38:30;677,"4985","0.000000","0","0","0","0","0","0"
Data,2026-08-10,12:38:30;687,"4985","0.000000","0","0","0","0","0","0"
Data,2026-08-10,12:38:30;697,"4985","0.000000","0","0","0","0","0","0"
Data,2026-08-10,12:38:30;707,"4985","0.000000","0","0","0","0","0","0"
Data,2026-08-10,12:38:30;717,"4985","0.000000","0","0","0","0","0","0"
Data,2026-08-10,12:38:30;727,"4985","0.000000","0","0","0","0","0","0"
Data,2026-08-10,12:38:30;737,"4985","0.000000","0","0","0","0","0","0"
Data,2026-08-10,12:38:30;747,"4985","0.000000","0","0","0","0","0","0"
Data,2026-08-10,12:38:30;757,"4985","0.000000","0","0","0","0","0","0"
Data,2026-08-10,12:38:30;767,"4985","0.000000","0","0","0","0","0","0"
Data,2026-08-10,12:38:30;777,"4985","0.000000","0","0","0","0","0","0"
Data,2026-08-10,12:38:30;787,"4985","0.000000","0","0","0","0","0","0"
Data,2026-08-10,12:38:30;797,"4985","0.000000","0","0","0","0","0","0"
Data,2026-08-10,12:38:30;807,"4985","0.000000","0","0","0","0","0","0"
Data,2026-08-10,12:38:30;817,"4985","0.000000","0","0","0","0","0","0"
Data,2026-08-10,12:38:30;827,"4985","0.000000","0","0","0","0","0","0"
Data,2026-08-10,12:38:30;837,"4985","0.000000","0","0","0","0","0","0"
Data,2026-08-10,12:38:30;847,"4985","0.000000","0","0","0","0","0","0"
Data,2026-08-10,12:38:30;857,"4985","0.000000","0","0","0","0","0","0"
Data,2026-08-10,12:38:30;867,"4985","0.000000","0","0","0","0","0","0"
Data,2026-08-10,12:38:30;877,"4985","0.000000","0","0","0","0","0","0"
Data,2026-08-10,12:38:30;887,"4985","0.000000","0","0","0","0","0","0"
Data,2026-08-10,12:38:30;897,"4985","0.000000","0","0","0","0","0","0"
Data,2026-08-10,12:38:30;907,"4985","0.000000","0","0","0","0","0","0"
Data,2026-08-10,12:38:30;917,"4985","0.000000","0","0","0","0","0","0"
Data,2026-08-10,12:38:30;927,"4985","0.000000","0","0","0","0","0","0"
Data,2026-08-10,12:38:30;937,"4985","0.000000","0","0","0","0","0","0"
Data,2026-08-10,12:38:30;947,"4985","0.000000","0","0","0","0","0","0"
Data,2026-08-10,12:38:30;957,"4985","0.000000","0","0","0","0","0","0"
Data,2026-08-10,12:38:30;967,"4985","0.000000","0","0","0","0","0","0"
Data,2026-08-10,12:38:30;977,"4985","0.000000","0","0","0","0","0","0"
Data,2026-08-10,12:38:30;987,"4985","0.000000","0","0","0","0","0","0"
Data,2026-08-10,12:38:30;997,"4985","0.000000","0","0","0","0","0","0"
Data,2026-08-10,12:38:31;007,"4985","0.000000","0","0","0","0","0","0"
Data,2026-08-10,12:38:31;017,"4985","0.000000","0","0","0","0","0","0"
Data,2026-08-10,12:38:31;027,"4985","0.000000","0","0","0","0","0","0"
Data,2026-08-10,12:38:31;037,"4985","0.000000","0","0","0","0","0","0"
Data,2026-08-10,12:38:31;047,"4985","0.000000","0","0","0","0","0","0"
Data,2026-08-10,12:38:31;057,"4985","0.000000","0","0","0","0","0","0"
Data,2026-08-10,12:38:31;067,"4985","0.000000","0","0","0","0","0","0"
Data,2026-08-10,12:38:31;077,"4985","0.000000","0","0","0","0","0","0"
Data,2026-08-10,12:38:31;087,"4985","0.000000","0","0","0","0","0","0"
Data,2026-08-10,12:38:31;097,"4985","0.000000","0","0","0","0","0","0"
Data,2026-08-10,12:38:31;107,"4985","0.000000","0","0","0","0","0","0"
Data,2026-08-10,12:38:31;117,"4985","0.000000","0","0","0","0","0","0"
Data,2026-08-10,12:38:31;127,"4985","0.000000","0","0","0","0","0","0"
Data,2026-08-10,12:38:31;137,"4985","0.000000","0","0","0","0","0","0"
Data,2026-08-10,12:38:31;147,"4985","0.000000","0","0","0","0","0","0"
Data,2026-08-10,12:38:31;157,"4985","0.000000","0","0","0","0","0","0"
Data,2026-08-10,12:38:31;167,"4985","0.000000","0","0","0","0","0","0"
Data,2026-08-10,12:38:31;177,"4985","0.000000","0","0","0","0","0","0"
Data,2026-08-10,12:38:31;187,"4985","0.000000","0","0","0","0","0","0"
Data,2026-08-10,12:38:31;197,"4985","0.000000","0","0","0","0","0","0"
Data,2026-08-10,12:38:31;207,"4985","0.000000","0","0","0","0","0","0"
Data,2026-08-10,12:38:31;217,"4985","0.000000","0","0","0","0","0","0"
Data,2026-08-10,12:38:31;227,"4985","0.000000","0","0","0","0","0","0"
Data,2026-08-10,12:38:31;237,"4985","0.000000","0","0","0","0","0","0"
Data,2026-08-10,12:38:31;247,"4985","0.000000","0","0","0","0","0","0"
Data,2026-08-10,12:38:31;257,"4985","0.000000","0","0","0","0","0","0"
Data,2026-08-10,12:38:31;267,"4985","0.000000","0","0","0","0","0","0"
Data,2026-08-10,12:38:31;277,"4985","0.000000","0","0","0","0","0","0"
Data,2026-08-10,12:38:31;287,"4985","0.000000","0","0","0","0","0","0"
Data,2026-08-10,12:38:31;297,"4985","0.000000","0","0","0","0","0","0"
Data,2026-08-10,12:38:31;307,"4985","0.000000","0","0","0","0","0","0"
Data,2026-08-10,12:38:31;317,"4985","0.000000","0","0","0","0","0","0"
Data,2026-08-10,12:38:31;327,"4985","0.000000","0","0","0","0","0","0"
Data,2026-08-10,12:38:31;337,"4985","0.000000","0","0","0","0","0","0"
Data,2026-08-10,12:38:31;347,"4985","0.000000","0","0","0","0","0","0"
Data,2026-08-10,12:38:31;357,"4985","0.000000","0","0","0","0","0","0"
Data,2026-08-10,12:38:31;367,"4985","0.000000","0","0","0","0","0","0"
Data,2026-08-10,12:38:31;377,"4985","0.000000","0","0","0","0","0","0"
Data,2026-08-10,12:38:31;387,"4985","0.000000","0","0","0","0","0","0"
Data,2026-08-10,12:38:31;397,"4985","0.000000","0","0","0","0","0","0"
Data,2026-08-10,12:38:31;407,"4985","0.000000","0","0","0","0","0","0"
Data,2026-08-10,12:38:31;417,"4985","0.000000","0","0","0","0","0","0"
Data,2026-08-10,12:38:31;427,"4985","0.000000","0","0","0","0","0","0"
Data,2026-08-10,12:38:31;437,"4985","0.000000","0","0","0","0","0","0"
Data,2026-08-10,12:38:31;447,"4985","0.000000","0","0","0","0","0","0"
Data,2026-08-10,12:38:31;457,"4985","0.000000","0","0","0","0","0","0"
Data,2026-08-10,12:38:31;467,"4985","0.000000","0","0","0","0","0","0"
Data,2026-08-10,12:38:31;477,"4985","0.000000","0","0","0","0","0","0"
Data,2026-08-10,12:38:31;487,"4985","0.000000","0","0","0","0","0","0"
Data,2026-08-10,12:38:31;497,"4985","0.000000","0","0","0","0","0","0"
Data,2026-08-10,12:38:31;507,"4985","0.000000","0","0","0","0","0","0"
Data,2026-08-10,12:38:31;517,"4985","0.000000","0","0","0","0","0","0"
Data,2026-08-10,12:38:31;527,"4985","0.000000","0","0","0","0","0","0"
Data,2026-08-10,12:38:31;537,"4985","0.000000","0","0","0","0","0","0"
Data,2026-08-10,12:38:31;547,"4985","0.000000","0","0","0","0","0","0"
Data,2026-08-10,12:38:31;557,"4985","0.000000","0","0","0","0","0","0"
Data,2026-08-10,12:38:31;567,"4985","0.000000","0","0","0","0","0","0"
Data,2026-08-10,12:38:31;577,"4985","0.000000","0","0","0","0","0","0"
Data,2026-08-10,12:38:31;587,"4985","0.000000","0","0","0","0","0","0"
Data,2026-08-10,12:38:31;597,"4985","0.000000","0","0","0","0","0","0"
Data,2026-08-10,12:38:31;607,"4985","0.000000","0","0","0","0","0","0"
Data,2026-08-10,12:38:31;617,"4985","0.000000","0","0","0","0","0","0"
Data,2026-08-10,12:38:31;627,"4985","0.000000","0","0","0","0","0","0"
Data,2026-08-10,12:38:31;637,"4985","0.000000","0","0","0","0","0","0"
Data,2026-08-10,12:38:31;647,"4985","0.000000","0","0","0","0","0","0"
Data,2026-08-10,12:38:31;657,"4985","0.000000","0","0","0","0","0","0"
Data,2026-08-10,12:38:31;667,"4985","0.000000","0","0","0","0","0","0"
Data,2026-08-10,12:38:31;677,"4985","0.000000","0","0","0","0","0","0"
Data,2026-08-10,12:38:31;687,"4985","0.000000","0","0","0","0","0","0"
Data,2026-08-10,12:38:31;697,"4985","0.000000","0","0","0","0","0","0"
Data,2026-08-10,12:38:31;707,"4985","0.000000","0","0","0","0","0","0"
Data,2026-08-10,12:38:31;717,"4985","0.000000","0","0","0","0","0","0"
Data,2026-08-10,12:38:31;727,"4985","0.000000","0","0","0","0","0","0"
Data,2026-08-10,12:38:31;737,"4985","0.000000","0","0","0","0","0","0"
Data,2026-08-10,12:38:31;747,"4985","0.000000","0","0","0","0","0","0"
Data,2026-08-10,12:38:31;757,"4985","0.000000","0","0","0","0","0","0"
Data,2026-08-10,12:38:31;767,"4985","0.000000","0","0","0","0","0","0"
Data,2026-08-10,12:38:31;777,"4985","0.000000","0","0","0","0","0","0"
Data,2026-08-10,12:38:31;787,"4985","0.000000","0","0","0","0","0","0"
Data,2026-08-10,12:38:31;797,"4985","0.000000","0","0","0","0","0","0"
Data,2026-08-10,12:38:31;807,"4985","0.000000","0","0","0","0","0","0"
Data,2026-08-10,12:38:31;817,"4985","0.000000","0","0","0","0","0","0"
Data,2026-08-10,12:38:31;827,"4985","0.000000","0","0","0","0","0","0"
Data,2026-08-10,12:38:31;837,"4985","0.000000","0","0","0","0","0","0"
Data,2026-08-10,12:38:31;847,"4985","0.000000","0","0","0","0","0","0"
Data,2026-08-10,12:38:31;857,"4985","0.000000","0","0","0","0","0","0"
Data,2026-08-10,12:38:31;867,"4985","0.000000","0","0","0","0","0","0"
Data,2026-08-10,12:38:31;877,"4985","0.000000","0","0","0","0","0","0"
Data,2026-08-10,12:38:31;887,"4985","0.000000","0","0","0","0","0","0"
Data,2026-08-10,12:38:31;897,"4985","0.000000","0","0","0","0","0","0"
Data,2026-08-10,12:38:31;907,"4985","0.000000","0","0","0","0","0","0"
Data,2026-08-10,12:38:31;917,"4985","0.000000","0","0","0","0","0","0"
Data,2026-08-10,12:38:31;927,"4985","0.000000","0","0","0","0","0","0"
Data,2026-08-10,12:38:31;937,"4985","0.000000","0","0","0","0","0","0"
Data,2026-08-10,12:38:31;947,"4985","0.000000","0","0","0","0","0","0"
Data,2026-08-10,12:38:31;957,"4985","0.000000","0","0","0","0","0","0"
Data,2026-08-10,12:38:31;967,"4985","0.000000","0","0","0","0","0","0"
Data,2026-08-10,12:38:31;977,"4985","0.000000","0","0","0","0","0","0"
Data,2026-08-10,12:38:31;987,"4985","0.000000","0","0","0","0","0","0"
Data,2026-08-10,12:38:31;997,"4985","0.000000","0","0","0","0","0","0"
Data,2026-08-10,12:38:32;007,"4985","0.000000","0","0","0","0","0","0"
Data,2026-08-10,12:38:32;017,"4985","0.000000","0","0","0","0","0","0"
Data,2026-08-10,12:38:32;027,"4985","0.000000","0","0","0","0","0","0"
Data,2026-08-10,12:38:32;037,"4985","0.000000","0","0","0","0","0","0"
Data,2026-08-10,12:38:32;047,"4985","0.000000","0","0","0","0","0","0"
Data,2026-08-10,12:38:32;057,"4985","0.000000","0","0","0","0","0","0"
Data,2026-08-10,12:38:32;067,"4985","0.000000","0","0","0","0","0","0"
Data,2026-08-10,12:38:32;077,"4985","0.000000","0","0","0","0","0","0"
Data,2026-08-10,12:38:32;087,"4985","0.000000","0","0","0","0","0","0"
Data,2026-08-10,12:38:32;097,"4985","0.000000","0","0","0","0","0","0"
Data,2026-08-10,12:38:32;107,"4985","0.000000","0","0","0","0","0","0"
Data,2026-08-10,12:38:32;117,"4985","0.000000","0","0","0","0","0","0"
Data,2026-08-10,12:38:32;127,"4985","0.000000","0","0","0","0","0","0"
Data,2026-08-10,12:38:32;137,"4985","0.000000","0","0","0","0","0","0"
Data,2026-08-10,12:38:32;147,"4985","0.000000","0","0","0","0","0","0"
Data,2026-08-10,12:38:32;157,"4985","0.000000","0","0","0","0","0","0"
Data,2026-08-10,12:38:32;167,"4985","0.000000","0","0","0","0","0","0"
Data,2026-08-10,12:38:32;177,"4985","0.000000","0","0","0","0","0","0"
Data,2026-08-10,12:38:32;187,"4985","0.000000","0","0","0","0","0","0"
Data,2026-08-10,12:38:32;197,"4985","0.000000","0","0","0","0","0","0"
Data,2026-08-10,12:38:32;207,"4985","0.000000","0","0","0","0","0","0"
Data,2026-08-10,12:38:32;217,"4985","0.000000","0","0","0","0","0","0"
Data,2026-08-10,12:38:32;227,"4985","0.000000","0","0","0","0","0","0"
Data,2026-08-10,12:38:32;237,"4985","0.000000","0","0","0","0","0","0"
Data,2026-08-10,12:38:32;247,"4985","0.000000","0","0","0","0","0","0"
Data,2026-08-10,12:38:32;257,"4985","0.000000","0","0","0","0","0","0"
Data,2026-08-10,12:38:32;267,"4985","0.000000","0","0","0","0","0","0"
Data,2026-08-10,12:38:32;277,"0","0.000000","0","0","0","0","0","0"
Data,2026-08-10,12:38:32;287,"0","0.000000","0","0","0","0","0","0"
Data,2026-08-10,12:38:32;297,"0","3.000000","9830","0","1","0","0","0"
Data,2026-08-10,12:38:32;307,"0","3.000000","9830","0","1","0","0","0"
Data,2026-08-10,12:38:32;317,"0","3.000000","9830","0","1","0","0","0"
Data,2026-08-10,12:38:32;327,"0","3.000000","9830","0","1","0","0","0"
Data,2026-08-10,12:38:32;337,"0","3.000000","9830","0","1","0","0","0"
Data,2026-08-10,12:38:32;347,"0","3.000000","9830","0","1","0","0","0"
Data,2026-08-10,12:38:32;357,"3","3.000000","9830","0","1","0","0","0"
Data,2026-08-10,12:38:32;367,"3","3.000900","9833","0","1","0","0","0"
Data,2026-08-10,12:38:32;377,"30","3.000900","9833","0","1","0","0","0"
Data,2026-08-10,12:38:32;387,"30","3.009000","9860","0","1","0","0","0"
Data,2026-08-10,12:38:32;397,"65","3.019500","9894","0","1","0","0","0"
Data,2026-08-10,12:38:32;407,"65","3.019500","9894","1","1","0","0","0"
Data,2026-08-10,12:38:32;417,"116","3.019500","9894","1","1","0","0","0"
Data,2026-08-10,12:38:32;427,"116","3.034800","9944","1","1","0","0","0"
Data,2026-08-10,12:38:32;437,"168","3.034800","9944","1","1","0","0","0"
Data,2026-08-10,12:38:32;447,"168","3.050400","9995","1","1","0","0","0"
Data,2026-08-10,12:38:32;457,"215","3.064500","10041","1","1","0","0","0"
Data,2026-08-10,12:38:32;467,"215","3.064500","10041","1","1","0","0","0"
Data,2026-08-10,12:38:32;477,"255","3.064500","10041","1","1","0","0","0"
Data,2026-08-10,12:38:32;487,"255","3.076500","10081","1","1","0","0","0"
Data,2026-08-10,12:38:32;497,"298","3.076500","10081","1","1","0","0","0"
Data,2026-08-10,12:38:32;507,"298","3.089400","10123","1","1","0","0","0"
Data,2026-08-10,12:38:32;517,"343","3.102900","10167","1","1","0","0","0"
Data,2026-08-10,12:38:32;527,"343","3.102900","10167","1","1","0","0","0"
Data,2026-08-10,12:38:32;537,"389","3.102900","10167","1","1","0","0","0"
Data,2026-08-10,12:38:32;547,"389","3.116700","10212","1","1","0","0","0"
Data,2026-08-10,12:38:32;557,"439","3.116700","10212","1","1","0","0","0"
Data,2026-08-10,12:38:32;567,"439","3.131700","10262","1","1","0","0","0"
Data,2026-08-10,12:38:32;577,"487","3.131700","10262","1","0","1","0","0"
Data,2026-08-10,12:38:32;587,"487","3.131700","10262","1","0","1","0","0"
Data,2026-08-10,12:38:32;597,"535","3.131700","10262","1","0","1","0","0"
Data,2026-08-10,12:38:32;607,"535","3.131700","10262","1","0","1","0","0"
Data,2026-08-10,12:38:32;617,"582","3.131700","10262","1","0","1","0","0"
Data,2026-08-10,12:38:32;627,"582","3.131700","10262","1","0","1","0","0"
Data,2026-08-10,12:38:32;637,"633","3.131700","10262","1","0","1","0","0"
Data,2026-08-10,12:38:32;647,"633","3.131700","10262","1","0","1","0","0"
Data,2026-08-10,12:38:32;657,"678","3.131700","10262","1","0","1","0","0"
Data,2026-08-10,12:38:32;667,"678","3.131700","10262","1","0","1","0","0"
Data,2026-08-10,12:38:32;677,"727","3.131700","10262","1","0","1","0","0"
Data,2026-08-10,12:38:32;687,"727","3.131700","10262","1","0","1","0","0"
Data,2026-08-10,12:38:32;697,"777","3.131700","10262","1","0","1","0","0"
Data,2026-08-10,12:38:32;707,"777","3.131700","10262","1","0","1","0","0"
Data,2026-08-10,12:38:32;717,"830","3.131700","10262","1","0","1","0","0"
Data,2026-08-10,12:38:32;727,"830","3.131700","10262","1","0","1","0","0"
Data,2026-08-10,12:38:32;737,"880","3.131700","10262","1","0","1","0","0"
Data,2026-08-10,12:38:32;747,"880","3.131700","10262","1","0","1","0","0"
Data,2026-08-10,12:38:32;757,"930","3.131700","10262","1","0","1","0","0"
Data,2026-08-10,12:38:32;767,"930","3.131700","10262","1","0","1","0","0"
Data,2026-08-10,12:38:32;777,"979","3.131700","10262","1","0","1","0","0"
Data,2026-08-10,12:38:32;787,"979","3.131700","10262","1","0","1","0","0"
Data,2026-08-10,12:38:32;797,"1028","3.131700","10262","1","0","1","0","0"
Data,2026-08-10,12:38:32;807,"1028","3.131700","10262","1","0","1","0","0"
Data,2026-08-10,12:38:32;817,"1080","3.131700","10262","1","0","1","0","0"
Data,2026-08-10,12:38:32;827,"1080","3.131700","10262","1","0","1","0","0"
Data,2026-08-10,12:38:32;837,"1125","3.131700","10262","1","0","1","0","0"
Data,2026-08-10,12:38:32;847,"1125","3.131700","10262","1","0","1","0","0"
Data,2026-08-10,12:38:32;857,"1174","3.131700","10262","1","0","1","0","0"
Data,2026-08-10,12:38:32;867,"1174","3.131700","10262","1","0","1","0","0"
Data,2026-08-10,12:38:32;877,"1225","3.131700","10262","1","0","1","0","0"
Data,2026-08-10,12:38:32;887,"1225","3.131700","10262","1","0","1","0","0"
Data,2026-08-10,12:38:32;897,"1278","3.131700","10262","1","0","1","0","0"
Data,2026-08-10,12:38:32;907,"1278","3.131700","10262","1","0","1","0","0"
Data,2026-08-10,12:38:32;917,"1327","3.131700","10262","1","0","1","0","0"
Data,2026-08-10,12:38:32;927,"1327","3.131700","10262","1","0","1","0","0"
Data,2026-08-10,12:38:32;937,"1375","3.131700","10262","1","0","1","0","0"
Data,2026-08-10,12:38:32;947,"1375","3.131700","10262","1","0","1","0","0"
Data,2026-08-10,12:38:32;957,"1425","3.131700","10262","1","0","1","0","0"
Data,2026-08-10,12:38:32;967,"1425","3.131700","10262","1","0","1","0","0"
Data,2026-08-10,12:38:32;977,"1478","3.131700","10262","1","0","1","0","0"
Data,2026-08-10,12:38:32;987,"1478","3.131700","10262","1","0","1","0","0"
Data,2026-08-10,12:38:32;997,"1524","3.131700","10262","1","0","1","0","0"
Data,2026-08-10,12:38:33;007,"1524","3.131700","10262","1","0","1","0","0"
Data,2026-08-10,12:38:33;017,"1572","3.131700","10262","1","0","1","0","0"
Data,2026-08-10,12:38:33;027,"1572","3.131700","10262","1","0","1","0","0"
Data,2026-08-10,12:38:33;037,"1619","3.131700","10262","1","0","1","0","0"
Data,2026-08-10,12:38:33;047,"1619","3.131700","10262","1","0","1","0","0"
Data,2026-08-10,12:38:33;057,"1671","3.131700","10262","1","0","1","0","0"
Data,2026-08-10,12:38:33;067,"1671","3.131700","10262","1","0","1","0","0"
Data,2026-08-10,12:38:33;077,"1718","3.131700","10262","1","0","1","0","0"
Data,2026-08-10,12:38:33;087,"1718","3.131700","10262","1","0","1","0","0"
Data,2026-08-10,12:38:33;097,"1767","3.131700","10262","1","0","1","0","0"
Data,2026-08-10,12:38:33;107,"1767","3.131700","10262","1","0","1","0","0"
Data,2026-08-10,12:38:33;117,"1820","3.131700","10262","1","0","1","0","0"
Data,2026-08-10,12:38:33;127,"1820","3.131700","10262","1","0","1","0","0"
Data,2026-08-10,12:38:33;137,"1869","3.131700","10262","1","0","1","0","0"
Data,2026-08-10,12:38:33;147,"1869","3.131700","10262","1","0","1","0","0"
Data,2026-08-10,12:38:33;157,"1917","3.131700","10262","1","0","1","0","0"
Data,2026-08-10,12:38:33;167,"1917","3.131700","10262","1","0","1","0","0"
Data,2026-08-10,12:38:33;177,"1964","3.131700","10262","1","0","1","0","0"
Data,2026-08-10,12:38:33;187,"1964","3.131700","10262","1","0","1","0","0"
Data,2026-08-10,12:38:33;197,"2013","3.131700","10262","1","0","1","0","0"
Data,2026-08-10,12:38:33;207,"2013","3.131700","10262","1","0","1","0","0"
Data,2026-08-10,12:38:33;217,"2065","3.131700","10262","1","0","1","0","0"
Data,2026-08-10,12:38:33;227,"2065","3.131700","10262","1","0","1","0","0"
Data,2026-08-10,12:38:33;237,"2114","3.131700","10262","1","0","1","0","0"
Data,2026-08-10,12:38:33;247,"2114","3.131700","10262","1","0","1","0","0"
Data,2026-08-10,12:38:33;257,"2163","3.131700","10262","1","0","1","0","0"
Data,2026-08-10,12:38:33;267,"2163","3.131700","10262","1","0","1","0","0"
Data,2026-08-10,12:38:33;277,"2210","3.131700","10262","1","0","1","0","0"
Data,2026-08-10,12:38:33;287,"2210","3.131700","10262","1","0","1","0","0"
Data,2026-08-10,12:38:33;297,"2260","3.131700","10262","1","0","1","0","0"
Data,2026-08-10,12:38:33;307,"2260","3.131700","10262","1","0","1","0","0"
Data,2026-08-10,12:38:33;317,"2313","3.131700","10262","1","0","1","0","0"
Data,2026-08-10,12:38:33;327,"2313","3.131700","10262","1","0","1","0","0"
Data,2026-08-10,12:38:33;337,"2361","3.131700","10262","1","0","1","0","0"
Data,2026-08-10,12:38:33;347,"2361","3.131700","10262","1","0","1","0","0"
Data,2026-08-10,12:38:33;357,"2410","3.131700","10262","1","0","1","0","0"
Data,2026-08-10,12:38:33;367,"2410","3.131700","10262","1","0","1","0","0"
Data,2026-08-10,12:38:33;377,"2461","3.131700","10262","1","0","1","0","0"
Data,2026-08-10,12:38:33;387,"2461","3.131700","10262","1","0","1","0","0"
Data,2026-08-10,12:38:33;397,"2513","3.131700","10262","1","0","1","0","0"
Data,2026-08-10,12:38:33;407,"2513","3.131700","10262","1","0","1","0","0"
Data,2026-08-10,12:38:33;417,"2561","3.131700","10262","1","0","1","0","0"
Data,2026-08-10,12:38:33;427,"2561","3.131700","10262","1","0","1","0","0"
Data,2026-08-10,12:38:33;437,"2610","3.131700","10262","1","0","1","0","0"
Data,2026-08-10,12:38:33;447,"2610","3.131700","10262","1","0","1","0","0"
Data,2026-08-10,12:38:33;457,"2660","3.131700","10262","1","0","1","0","0"
Data,2026-08-10,12:38:33;467,"2660","3.131700","10262","1","0","1","0","0"
Data,2026-08-10,12:38:33;477,"2713","3.131700","10262","1","0","1","0","0"
Data,2026-08-10,12:38:33;487,"2713","3.131700","10262","1","0","1","0","0"
Data,2026-08-10,12:38:33;497,"2761","3.131700","10262","1","0","1","0","0"
Data,2026-08-10,12:38:33;507,"2761","3.131700","10262","1","0","1","0","0"
Data,2026-08-10,12:38:33;517,"2808","3.131700","10262","1","0","1","0","0"
Data,2026-08-10,12:38:33;527,"2808","3.131700","10262","1","0","1","0","0"
Data,2026-08-10,12:38:33;537,"2858","3.131700","10262","1","0","1","0","0"
Data,2026-08-10,12:38:33;547,"2858","3.131700","10262","1","0","1","0","0"
Data,2026-08-10,12:38:33;557,"2908","3.131700","10262","1","0","1","0","0"
Data,2026-08-10,12:38:33;567,"2908","3.131700","10262","1","0","1","0","0"
Data,2026-08-10,12:38:33;577,"2958","3.131700","10262","1","0","1","0","0"
Data,2026-08-10,12:38:33;587,"2958","3.131700","10262","1","0","1","0","0"
Data,2026-08-10,12:38:33;597,"3005","3.131700","10262","1","0","1","0","0"
Data,2026-08-10,12:38:33;607,"3005","3.131700","10262","1","0","1","0","0"
Data,2026-08-10,12:38:33;617,"3053","3.131700","10262","1","0","1","0","0"
Data,2026-08-10,12:38:33;627,"3053","3.131700","10262","1","0","1","0","0"
Data,2026-08-10,12:38:33;637,"3104","3.131700","10262","1","0","1","0","0"
Data,2026-08-10,12:38:33;647,"3104","3.131700","10262","1","0","1","0","0"
Data,2026-08-10,12:38:33;657,"3151","3.131700","10262","1","0","1","0","0"
Data,2026-08-10,12:38:33;667,"3151","3.131700","10262","1","0","1","0","0"
Data,2026-08-10,12:38:33;677,"3200","3.131700","10262","1","0","1","0","0"
Data,2026-08-10,12:38:33;687,"3200","3.131700","10262","1","0","1","0","0"
Data,2026-08-10,12:38:33;697,"3251","3.131700","10262","1","0","1","0","0"
Data,2026-08-10,12:38:33;707,"3251","3.131700","10262","1","0","1","0","0"
Data,2026-08-10,12:38:33;717,"3305","3.131700","10262","1","0","1","0","0"
Data,2026-08-10,12:38:33;727,"3305","3.131700","10262","1","0","1","0","0"
Data,2026-08-10,12:38:33;737,"3354","3.131700","10262","1","0","1","0","0"
Data,2026-08-10,12:38:33;747,"3354","3.131700","10262","1","0","1","0","0"
Data,2026-08-10,12:38:33;757,"3401","3.131700","10262","1","0","1","0","0"
Data,2026-08-10,12:38:33;767,"3401","3.131700","10262","1","0","1","0","0"
Data,2026-08-10,12:38:33;777,"3447","3.131700","10262","1","0","1","0","0"
Data,2026-08-10,12:38:33;787,"3447","3.131700","10262","1","0","1","0","0"
Data,2026-08-10,12:38:33;797,"3494","3.131700","10262","1","0","1","0","0"
Data,2026-08-10,12:38:33;807,"3494","3.131700","10262","1","0","1","0","0"
Data,2026-08-10,12:38:33;817,"3545","3.131700","10262","1","0","1","0","0"
Data,2026-08-10,12:38:33;827,"3545","3.131700","10262","1","0","1","0","0"
Data,2026-08-10,12:38:33;837,"3594","3.131700","10262","1","0","1","0","0"
Data,2026-08-10,12:38:33;847,"3594","3.131700","10262","1","0","1","0","0"
Data,2026-08-10,12:38:33;857,"3642","3.131700","10262","1","0","1","0","0"
Data,2026-08-10,12:38:33;867,"3642","3.131700","10262","1","0","1","0","0"
Data,2026-08-10,12:38:33;877,"3691","3.131700","10262","1","0","1","0","0"
Data,2026-08-10,12:38:33;887,"3691","3.131700","10262","1","0","1","0","0"
Data,2026-08-10,12:38:33;897,"3739","3.131700","10262","1","0","1","0","0"
Data,2026-08-10,12:38:33;907,"3739","3.131700","10262","1","0","1","0","0"
Data,2026-08-10,12:38:33;917,"3791","3.131700","10262","1","0","1","0","0"
Data,2026-08-10,12:38:33;927,"3791","3.131700","10262","1","0","1","0","0"
Data,2026-08-10,12:38:33;937,"3839","3.131700","10262","1","0","1","0","0"
Data,2026-08-10,12:38:33;947,"3839","3.131700","10262","1","0","1","0","0"
Data,2026-08-10,12:38:33;957,"3886","3.131700","10262","1","0","1","0","0"
Data,2026-08-10,12:38:33;967,"3886","3.131700","10262","1","0","1","0","0"
Data,2026-08-10,12:38:33;977,"3937","3.131700","10262","1","0","1","0","0"
Data,2026-08-10,12:38:33;987,"3937","3.131700","10262","1","0","1","0","0"
Data,2026-08-10,12:38:33;997,"3984","3.131700","10262","1","0","1","0","0"
Data,2026-08-10,12:38:34;007,"3984","3.025253","9913","1","0","0","1","0"
Data,2026-08-10,12:38:34;017,"4033","3.025253","9913","1","0","0","1","0"
Data,2026-08-10,12:38:34;027,"4033","3.025253","9913","1","0","0","1","0"
Data,2026-08-10,12:38:34;037,"4083","2.939709","9633","1","0","0","1","0"
Data,2026-08-10,12:38:34;047,"4083","2.852420","9347","1","0","0","1","0"
Data,2026-08-10,12:38:34;057,"4128","2.852420","9347","1","0","0","1","0"
Data,2026-08-10,12:38:34;067,"4128","2.773859","9089","1","0","0","1","0"
Data,2026-08-10,12:38:34;077,"4172","2.773859","9089","1","0","0","1","0"
Data,2026-08-10,12:38:34;087,"4172","2.773859","9089","1","0","0","1","0"
Data,2026-08-10,12:38:34;097,"4215","2.697045","8837","1","0","0","1","0"
Data,2026-08-10,12:38:34;107,"4215","2.621976","8591","1","0","0","1","0"
Data,2026-08-10,12:38:34;117,"4256","2.621976","8591","1","0","0","1","0"
Data,2026-08-10,12:38:34;127,"4256","2.550398","8357","1","0","0","1","0"
Data,2026-08-10,12:38:34;137,"4290","2.550398","8357","1","0","0","1","0"
Data,2026-08-10,12:38:34;147,"4290","2.550398","8357","1","0","0","1","0"
Data,2026-08-10,12:38:34;157,"4313","2.491041","8162","1","0","0","1","0"
Data,2026-08-10,12:38:34;167,"4313","2.450888","8031","1","0","0","1","0"
Data,2026-08-10,12:38:34;177,"4328","2.450888","8031","1","0","0","1","0"
Data,2026-08-10,12:38:34;187,"4328","2.424701","7945","1","0","0","1","0"
Data,2026-08-10,12:38:34;197,"4347","2.424701","7945","1","0","0","0","1"
Data,2026-08-10,12:38:34;207,"4347","2.424701","7945","1","0","0","0","1"
Data,2026-08-10,12:38:34;217,"4364","2.424701","7945","1","0","0","0","1"
Data,2026-08-10,12:38:34;227,"4364","2.424701","7945","1","0","0","0","1"
Data,2026-08-10,12:38:34;237,"4377","2.424701","7945","1","0","0","0","1"
Data,2026-08-10,12:38:34;247,"4377","2.424701","7945","1","0","0","0","1"
Data,2026-08-10,12:38:34;257,"4383","2.424701","7945","1","0","0","0","1"
Data,2026-08-10,12:38:34;267,"4383","2.424701","7945","1","0","0","0","1"
Data,2026-08-10,12:38:34;277,"4389","2.424701","7945","1","0","0","0","1"
Data,2026-08-10,12:38:34;287,"4389","2.424701","7945","1","0","0","0","1"
Data,2026-08-10,12:38:34;297,"4392","2.424701","7945","1","0","0","0","1"
Data,2026-08-10,12:38:34;307,"4392","2.424701","7945","1","0","0","0","1"
Data,2026-08-10,12:38:34;317,"4396","2.424701","7945","1","0","0","0","1"
Data,2026-08-10,12:38:34;327,"4396","2.424701","7945","1","0","0","0","1"
Data,2026-08-10,12:38:34;337,"4405","2.424701","7945","1","0","0","0","1"
Data,2026-08-10,12:38:34;347,"4405","2.424701","7945","1","0","0","0","1"
Data,2026-08-10,12:38:34;357,"4418","2.424701","7945","1","0","0","0","1"
Data,2026-08-10,12:38:34;367,"4418","2.424701","7945","1","0","0","0","1"
Data,2026-08-10,12:38:34;377,"4430","2.424701","7945","1","0","0","0","1"
Data,2026-08-10,12:38:34;387,"4430","2.424701","7945","1","0","0","0","1"
Data,2026-08-10,12:38:34;397,"4438","2.424701","7945","1","0","0","0","1"
Data,2026-08-10,12:38:34;407,"4438","2.424701","7945","1","0","0","0","1"
Data,2026-08-10,12:38:34;417,"4444","2.424701","7945","1","0","0","0","1"
Data,2026-08-10,12:38:34;427,"4444","2.424701","7945","1","0","0","0","1"
Data,2026-08-10,12:38:34;437,"4451","2.424701","7945","1","0","0","0","1"
Data,2026-08-10,12:38:34;447,"4451","2.424701","7945","1","0","0","0","1"
Data,2026-08-10,12:38:34;457,"4458","2.424701","7945","1","0","0","0","1"
Data,2026-08-10,12:38:34;467,"4458","2.424701","7945","1","0","0","0","1"
Data,2026-08-10,12:38:34;477,"4458","2.424701","7945","1","0","0","0","1"
Data,2026-08-10,12:38:34;487,"4468","2.424701","7945","1","0","0","0","1"
Data,2026-08-10,12:38:34;497,"4468","2.424701","7945","1","0","0","0","1"
Data,2026-08-10,12:38:34;507,"4478","2.424701","7945","1","0","0","0","1"
Data,2026-08-10,12:38:34;517,"4478","2.424701","7945","1","0","0","0","1"
Data,2026-08-10,12:38:34;527,"4487","2.424701","7945","1","0","0","0","1"
Data,2026-08-10,12:38:34;537,"4487","2.424701","7945","1","0","0","0","1"
Data,2026-08-10,12:38:34;547,"4495","2.424701","7945","1","0","0","0","1"
Data,2026-08-10,12:38:34;557,"4504","2.424701","7945","1","0","0","0","1"
Data,2026-08-10,12:38:34;567,"4504","2.424701","7945","1","0","0","0","1"
Data,2026-08-10,12:38:34;577,"4504","2.424701","7945","1","0","0","0","1"
Data,2026-08-10,12:38:34;587,"4514","2.424701","7945","1","0","0","0","1"
Data,2026-08-10,12:38:34;597,"4514","2.424701","7945","1","0","0","0","1"
Data,2026-08-10,12:38:34;607,"4524","2.424701","7945","1","0","0","0","1"
Data,2026-08-10,12:38:34;617,"4524","2.424701","7945","1","0","0","0","1"
Data,2026-08-10,12:38:34;627,"4534","2.424701","7945","1","0","0","0","1"
Data,2026-08-10,12:38:34;637,"4534","2.424701","7945","1","0","0","0","1"
Data,2026-08-10,12:38:34;647,"4544","2.424701","7945","1","0","0","0","1"
Data,2026-08-10,12:38:34;657,"4544","2.424701","7945","1","0","0","0","1"
Data,2026-08-10,12:38:34;667,"4554","2.424701","7945","1","0","0","0","1"
Data,2026-08-10,12:38:34;677,"4554","2.424701","7945","1","0","0","0","1"
Data,2026-08-10,12:38:34;687,"4564","2.424701","7945","1","0","0","0","1"
Data,2026-08-10,12:38:34;697,"4564","2.424701","7945","1","0","0","0","1"
Data,2026-08-10,12:38:34;707,"4573","2.424701","7945","1","0","0","0","1"
Data,2026-08-10,12:38:34;717,"4573","2.424701","7945","1","0","0","0","1"
Data,2026-08-10,12:38:34;727,"4584","2.424701","7945","1","0","0","0","1"
Data,2026-08-10,12:38:34;737,"4584","2.424701","7945","1","0","0","0","1"
Data,2026-08-10,12:38:34;747,"4594","2.424701","7945","1","0","0","0","1"
Data,2026-08-10,12:38:34;757,"4594","2.424701","7945","1","0","0","0","1"
Data,2026-08-10,12:38:34;767,"4604","2.424701","7945","1","0","0","0","1"
Data,2026-08-10,12:38:34;777,"4604","2.424701","7945","1","0","0","0","1"
Data,2026-08-10,12:38:34;787,"4614","2.424701","7945","1","0","0","0","1"
Data,2026-08-10,12:38:34;797,"4614","2.424701","7945","1","0","0","0","1"
Data,2026-08-10,12:38:34;807,"4625","2.424701","7945","1","0","0","0","1"
Data,2026-08-10,12:38:34;817,"4625","2.424701","7945","1","0","0","0","1"
Data,2026-08-10,12:38:34;827,"4635","2.424701","7945","1","0","0","0","1"
Data,2026-08-10,12:38:34;837,"4635","2.424701","7945","1","0","0","0","1"
Data,2026-08-10,12:38:34;847,"4646","2.424701","7945","1","0","0","0","1"
Data,2026-08-10,12:38:34;857,"4646","2.424701","7945","1","0","0","0","1"
Data,2026-08-10,12:38:34;867,"4655","2.424701","7945","1","0","0","0","1"
Data,2026-08-10,12:38:34;877,"4655","2.424701","7945","1","0","0","0","1"
Data,2026-08-10,12:38:34;887,"4665","2.424701","7945","1","0","0","0","1"
Data,2026-08-10,12:38:34;897,"4665","2.424701","7945","1","0","0","0","1"
Data,2026-08-10,12:38:34;907,"4675","2.424701","7945","1","0","0","0","1"
Data,2026-08-10,12:38:34;917,"4675","2.424701","7945","1","0","0","0","1"
Data,2026-08-10,12:38:34;927,"4686","2.424701","7945","1","0","0","0","1"
Data,2026-08-10,12:38:34;937,"4686","2.424701","7945","1","0","0","0","1"
Data,2026-08-10,12:38:34;947,"4696","2.424701","7945","1","0","0","0","1"
Data,2026-08-10,12:38:34;957,"4696","2.424701","7945","1","0","0","0","1"
Data,2026-08-10,12:38:34;967,"4706","2.424701","7945","1","0","0","0","1"
Data,2026-08-10,12:38:34;977,"4706","2.424701","7945","1","0","0","0","1"
Data,2026-08-10,12:38:34;987,"4717","2.424701","7945","1","0","0","0","1"
Data,2026-08-10,12:38:34;997,"4717","2.424701","7945","1","0","0","0","1"
Data,2026-08-10,12:38:35;007,"4728","2.424701","7945","1","0","0","0","1"
Data,2026-08-10,12:38:35;017,"4728","2.424701","7945","1","0","0","0","1"
Data,2026-08-10,12:38:35;027,"4738","2.424701","7945","1","0","0","0","1"
Data,2026-08-10,12:38:35;037,"4738","2.424701","7945","1","0","0","0","1"
Data,2026-08-10,12:38:35;047,"4747","2.424701","7945","1","0","0","0","1"
Data,2026-08-10,12:38:35;057,"4747","2.424701","7945","1","0","0","0","1"
Data,2026-08-10,12:38:35;067,"4757","2.424701","7945","1","0","0","0","1"
Data,2026-08-10,12:38:35;077,"4757","2.424701","7945","1","0","0","0","1"
Data,2026-08-10,12:38:35;087,"4768","2.424701","7945","1","0","0","0","1"
Data,2026-08-10,12:38:35;097,"4768","2.424701","7945","1","0","0","0","1"
Data,2026-08-10,12:38:35;107,"4777","2.424701","7945","1","0","0","0","1"
Data,2026-08-10,12:38:35;117,"4777","2.424701","7945","1","0","0","0","1"
Data,2026-08-10,12:38:35;127,"4787","2.424701","7945","1","0","0","0","1"
Data,2026-08-10,12:38:35;137,"4787","2.424701","7945","1","0","0","0","1"
Data,2026-08-10,12:38:35;147,"4797","2.424701","7945","1","0","0","0","1"
Data,2026-08-10,12:38:35;157,"4797","2.424701","7945","1","0","0","0","1"
Data,2026-08-10,12:38:35;167,"4807","2.424701","7945","1","0","0","0","1"
Data,2026-08-10,12:38:35;177,"4807","2.424701","7945","1","0","0","0","1"
Data,2026-08-10,12:38:35;187,"4817","2.424701","7945","1","0","0","0","1"
Data,2026-08-10,12:38:35;197,"4817","2.424701","7945","1","0","0","0","1"
Data,2026-08-10,12:38:35;207,"4827","2.424701","7945","1","0","0","0","1"
Data,2026-08-10,12:38:35;217,"4827","2.424701","7945","1","0","0","0","1"
Data,2026-08-10,12:38:35;227,"4836","2.424701","7945","1","0","0","0","1"
Data,2026-08-10,12:38:35;237,"4836","2.424701","7945","1","0","0","0","1"
Data,2026-08-10,12:38:35;247,"4846","2.424701","7945","1","0","0","0","1"
Data,2026-08-10,12:38:35;257,"4846","2.424701","7945","1","0","0","0","1"
Data,2026-08-10,12:38:35;267,"4854","2.424701","7945","1","0","0","0","1"
Data,2026-08-10,12:38:35;277,"4854","2.424701","7945","1","0","0","0","1"
Data,2026-08-10,12:38:35;287,"4862","2.424701","7945","1","0","0","0","1"
Data,2026-08-10,12:38:35;297,"4862","2.424701","7945","1","0","0","0","1"
Data,2026-08-10,12:38:35;307,"4871","2.424701","7945","1","0","0","0","1"
Data,2026-08-10,12:38:35;317,"4871","2.424701","7945","1","0","0","0","1"
Data,2026-08-10,12:38:35;327,"4881","2.424701","7945","1","0","0","0","1"
Data,2026-08-10,12:38:35;337,"4881","2.424701","7945","1","0","0","0","1"
Data,2026-08-10,12:38:35;347,"4891","2.424701","7945","1","0","0","0","1"
Data,2026-08-10,12:38:35;357,"4891","2.424701","7945","1","0","0","0","1"
Data,2026-08-10,12:38:35;367,"4901","2.424701","7945","1","0","0","0","1"
Data,2026-08-10,12:38:35;377,"4901","2.424701","7945","1","0","0","0","1"
Data,2026-08-10,12:38:35;387,"4912","2.424701","7945","1","0","0","0","1"
Data,2026-08-10,12:38:35;397,"4912","2.424701","7945","1","0","0","0","1"
Data,2026-08-10,12:38:35;407,"4923","2.424701","7945","1","0","0","0","1"
Data,2026-08-10,12:38:35;417,"4923","2.424701","7945","1","0","0","0","1"
Data,2026-08-10,12:38:35;427,"4935","2.424701","7945","1","0","0","0","1"
Data,2026-08-10,12:38:35;437,"4935","2.424701","7945","1","0","0","0","1"
Data,2026-08-10,12:38:35;447,"4945","2.424701","7945","1","0","0","0","1"
Data,2026-08-10,12:38:35;457,"4945","2.424701","7945","1","0","0","0","1"
Data,2026-08-10,12:38:35;467,"4954","2.424701","7945","1","0","0","0","1"
Data,2026-08-10,12:38:35;477,"4954","2.424701","7945","0","0","0","0","1"
Data,2026-08-10,12:38:35;487,"4963","2.424701","7945","0","0","0","0","1"
Data,2026-08-10,12:38:35;497,"4963","2.424701","7945","0","0","0","0","1"
Data,2026-08-10,12:38:35;507,"4973","0.000000","0","0","0","0","0","0"
Data,2026-08-10,12:38:35;517,"4973","0.000000","0","0","0","0","0","0"
Data,2026-08-10,12:38:35;527,"4983","0.000000","0","0","0","0","0","0"
Data,2026-08-10,12:38:35;537,"4983","0.000000","0","0","0","0","0","0"
Data,2026-08-10,12:38:35;547,"4990","0.000000","0","0","0","0","0","0"
Data,2026-08-10,12:38:35;557,"4990","0.000000","0","0","0","0","0","0"
Data,2026-08-10,12:38:35;567,"4996","0.000000","0","0","0","0","0","0"
Data,2026-08-10,12:38:35;577,"4996","0.000000","0","0","0","0","0","0"
Data,2026-08-10,12:38:35;587,"5000","0.000000","0","0","0","0","0","0"
Data,2026-08-10,12:38:35;597,"5000","0.000000","0","0","0","0","0","0"
Data,2026-08-10,12:38:35;607,"5003","0.000000","0","0","0","0","0","0"
Data,2026-08-10,12:38:35;617,"5003","0.000000","0","0","0","0","0","0"
Data,2026-08-10,12:38:35;627,"5004","0.000000","0","0","0","0","0","0"
Data,2026-08-10,12:38:35;637,"5004","0.000000","0","0","0","0","0","0"
Data,2026-08-10,12:38:35;647,"5005","0.000000","0","0","0","0","0","0"
Data,2026-08-10,12:38:35;657,"5005","0.000000","0","0","0","0","0","0"
Data,2026-08-10,12:38:35;667,"5005","0.000000","0","0","0","0","0","0"
Data,2026-08-10,12:38:35;677,"5005","0.000000","0","0","0","0","0","0"
Data,2026-08-10,12:38:35;687,"5005","0.000000","0","0","0","0","0","0"
Data,2026-08-10,12:38:35;697,"5005","0.000000","0","0","0","0","0","0"
Data,2026-08-10,12:38:35;707,"5005","0.000000","0","0","0","0","0","0"
Data,2026-08-10,12:38:35;717,"5005","0.000000","0","0","0","0","0","0"
Data,2026-08-10,12:38:35;727,"5005","0.000000","0","0","0","0","0","0"
Data,2026-08-10,12:38:35;737,"5005","0.000000","0","0","0","0","0","0"
Data,2026-08-10,12:38:35;747,"5005","0.000000","0","0","0","0","0","0"
Data,2026-08-10,12:38:35;757,"5005","0.000000","0","0","0","0","0","0"
Data,2026-08-10,12:38:35;767,"5005","0.000000","0","0","0","0","0","0"
Data,2026-08-10,12:38:35;777,"5005","0.000000","0","0","0","0","0","0"
Data,2026-08-10,12:38:35;787,"5005","0.000000","0","0","0","0","0","0"
Data,2026-08-10,12:38:35;797,"5005","0.000000","0","0","0","0","0","0"
Data,2026-08-10,12:38:35;807,"5005","0.000000","0","0","0","0","0","0"
Data,2026-08-10,12:38:35;817,"5005","0.000000","0","0","0","0","0","0"
Data,2026-08-10,12:38:35;827,"5005","0.000000","0","0","0","0","0","0"
Data,2026-08-10,12:38:35;837,"5005","0.000000","0","0","0","0","0","0"
Data,2026-08-10,12:38:35;847,"5005","0.000000","0","0","0","0","0","0"
Data,2026-08-10,12:38:35;857,"5005","0.000000","0","0","0","0","0","0"
Data,2026-08-10,12:38:35;867,"5005","0.000000","0","0","0","0","0","0"
Data,2026-08-10,12:38:35;877,"5005","0.000000","0","0","0","0","0","0"
Data,2026-08-10,12:38:35;887,"5005","0.000000","0","0","0","0","0","0"
Data,2026-08-10,12:38:35;897,"5005","0.000000","0","0","0","0","0","0"
Data,2026-08-10,12:38:35;907,"5005","0.000000","0","0","0","0","0","0"
Data,2026-08-10,12:38:35;917,"5005","0.000000","0","0","0","0","0","0"
Data,2026-08-10,12:38:35;927,"5005","0.000000","0","0","0","0","0","0"
Data,2026-08-10,12:38:35;937,"5005","0.000000","0","0","0","0","0","0"
Data,2026-08-10,12:38:35;947,"5005","0.000000","0","0","0","0","0","0"
Data,2026-08-10,12:38:35;957,"5005","0.000000","0","0","0","0","0","0"
Data,2026-08-10,12:38:35;967,"5005","0.000000","0","0","0","0","0","0"
Data,2026-08-10,12:38:35;977,"5005","0.000000","0","0","0","0","0","0"
Data,2026-08-10,12:38:35;987,"5005","0.000000","0","0","0","0","0","0"
Data,2026-08-10,12:38:35;997,"5005","0.000000","0","0","0","0","0","0"
Data,2026-08-10,12:38:36;007,"5005","0.000000","0","0","0","0","0","0"
Data,2026-08-10,12:38:36;017,"5005","0.000000","0","0","0","0","0","0"
Data,2026-08-10,12:38:36;027,"5005","0.000000","0","0","0","0","0","0"
Data,2026-08-10,12:38:36;037,"5005","0.000000","0","0","0","0","0","0"
Data,2026-08-10,12:38:36;047,"5005","0.000000","0","0","0","0","0","0"
Data,2026-08-10,12:38:36;057,"5005","0.000000","0","0","0","0","0","0"
Data,2026-08-10,12:38:36;067,"5005","0.000000","0","0","0","0","0","0"
Data,2026-08-10,12:38:36;077,"5005","0.000000","0","0","0","0","0","0"
Data,2026-08-10,12:38:36;087,"5005","0.000000","0","0","0","0","0","0"
Data,2026-08-10,12:38:36;097,"5005","0.000000","0","0","0","0","0","0"
Data,2026-08-10,12:38:36;107,"5005","0.000000","0","0","0","0","0","0"
Data,2026-08-10,12:38:36;117,"5005","0.000000","0","0","0","0","0","0"
Data,2026-08-10,12:38:36;127,"5005","0.000000","0","0","0","0","0","0"
Data,2026-08-10,12:38:36;137,"5005","0.000000","0","0","0","0","0","0"
Data,2026-08-10,12:38:36;147,"5005","0.000000","0","0","0","0","0","0"
Data,2026-08-10,12:38:36;157,"5005","0.000000","0","0","0","0","0","0"
Data,2026-08-10,12:38:36;167,"5005","0.000000","0","0","0","0","0","0"
Data,2026-08-10,12:38:36;177,"5005","0.000000","0","0","0","0","0","0"
Data,2026-08-10,12:38:36;187,"5005","0.000000","0","0","0","0","0","0"
Data,2026-08-10,12:38:36;197,"5005","0.000000","0","0","0","0","0","0"
Data,2026-08-10,12:38:36;207,"5005","0.000000","0","0","0","0","0","0"
Data,2026-08-10,12:38:36;217,"5005","0.000000","0","0","0","0","0","0"
Data,2026-08-10,12:38:36;227,"5005","0.000000","0","0","0","0","0","0"
Data,2026-08-10,12:38:36;237,"5005","0.000000","0","0","0","0","0","0"
Data,2026-08-10,12:38:36;247,"5005","0.000000","0","0","0","0","0","0"
Data,2026-08-10,12:38:36;257,"5005","0.000000","0","0","0","0","0","0"
Data,2026-08-10,12:38:36;267,"5005","0.000000","0","0","0","0","0","0"
Data,2026-08-10,12:38:36;277,"5005","0.000000","0","0","0","0","0","0"
Data,2026-08-10,12:38:36;287,"5005","0.000000","0","0","0","0","0","0"
Data,2026-08-10,12:38:36;297,"5005","0.000000","0","0","0","0","0","0"
Data,2026-08-10,12:38:36;307,"5005","0.000000","0","0","0","0","0","0"
Data,2026-08-10,12:38:36;317,"5005","0.000000","0","0","0","0","0","0"
Data,2026-08-10,12:38:36;327,"5005","0.000000","0","0","0","0","0","0"
Data,2026-08-10,12:38:36;337,"5005","0.000000","0","0","0","0","0","0"
Data,2026-08-10,12:38:36;347,"5005","0.000000","0","0","0","0","0","0"
Data,2026-08-10,12:38:36;357,"5005","0.000000","0","0","0","0","0","0"
Data,2026-08-10,12:38:36;367,"5005","0.000000","0","0","0","0","0","0"
Data,2026-08-10,12:38:36;377,"5005","0.000000","0","0","0","0","0","0"
Data,2026-08-10,12:38:36;387,"5005","0.000000","0","0","0","0","0","0"
Data,2026-08-10,12:38:36;397,"5005","0.000000","0","0","0","0","0","0"
Data,2026-08-10,12:38:36;407,"5005","0.000000","0","0","0","0","0","0"
Data,2026-08-10,12:38:36;417,"5005","0.000000","0","0","0","0","0","0"
Data,2026-08-10,12:38:36;427,"5005","0.000000","0","0","0","0","0","0"
Data,2026-08-10,12:38:36;437,"5005","0.000000","0","0","0","0","0","0"
Data,2026-08-10,12:38:36;447,"5005","0.000000","0","0","0","0","0","0"
Data,2026-08-10,12:38:36;457,"5005","0.000000","0","0","0","0","0","0"
Data,2026-08-10,12:38:36;467,"5005","0.000000","0","0","0","0","0","0"
Data,2026-08-10,12:38:36;477,"5005","0.000000","0","0","0","0","0","0"
Data,2026-08-10,12:38:36;487,"5005","0.000000","0","0","0","0","0","0"
Data,2026-08-10,12:38:36;497,"5005","0.000000","0","0","0","0","0","0"
Data,2026-08-10,12:38:36;507,"5005","0.000000","0","0","0","0","0","0"
Data,2026-08-10,12:38:36;517,"5005","0.000000","0","0","0","0","0","0"
Data,2026-08-10,12:38:36;527,"5005","0.000000","0","0","0","0","0","0"
Data,2026-08-10,12:38:36;537,"5005","0.000000","0","0","0","0","0","0"
Data,2026-08-10,12:38:36;547,"5005","0.000000","0","0","0","0","0","0"
Data,2026-08-10,12:38:36;557,"5005","0.000000","0","0","0","0","0","0"
Data,2026-08-10,12:38:36;567,"5005","0.000000","0","0","0","0","0","0"
Data,2026-08-10,12:38:36;577,"5005","0.000000","0","0","0","0","0","0"
Data,2026-08-10,12:38:36;587,"5005","0.000000","0","0","0","0","0","0"
Data,2026-08-10,12:38:36;597,"5005","0.000000","0","0","0","0","0","0"
Data,2026-08-10,12:38:36;607,"5005","0.000000","0","0","0","0","0","0"
Data,2026-08-10,12:38:36;617,"5005","0.000000","0","0","0","0","0","0"
Data,2026-08-10,12:38:36;627,"5005","0.000000","0","0","0","0","0","0"
Data,2026-08-10,12:38:36;637,"5005","0.000000","0","0","0","0","0","0"
Data,2026-08-10,12:38:36;647,"5005","0.000000","0","0","0","0","0","0"
Data,2026-08-10,12:38:36;657,"5005","0.000000","0","0","0","0","0","0"
Data,2026-08-10,12:38:36;667,"5005","0.000000","0","0","0","0","0","0"
Data,2026-08-10,12:38:36;677,"5005","0.000000","0","0","0","0","0","0"
Data,2026-08-10,12:38:36;687,"5005","0.000000","0","0","0","0","0","0"
Data,2026-08-10,12:38:36;697,"5005","0.000000","0","0","0","0","0","0"
Data,2026-08-10,12:38:36;707,"5005","0.000000","0","0","0","0","0","0"
Data,2026-08-10,12:38:36;717,"5005","0.000000","0","0","0","0","0","0"
Data,2026-08-10,12:38:36;727,"5005","0.000000","0","0","0","0","0","0"
Data,2026-08-10,12:38:36;737,"5005","0.000000","0","0","0","0","0","0"
Data,2026-08-10,12:38:36;747,"5005","0.000000","0","0","0","0","0","0"
Data,2026-08-10,12:38:36;757,"5005","0.000000","0","0","0","0","0","0"
Data,2026-08-10,12:38:36;767,"5005","0.000000","0","0","0","0","0","0"
Data,2026-08-10,12:38:36;777,"5005","0.000000","0","0","0","0","0","0"
Data,2026-08-10,12:38:36;787,"5005","0.000000","0","0","0","0","0","0"
Data,2026-08-10,12:38:36;797,"5005","0.000000","0","0","0","0","0","0"
Data,2026-08-10,12:38:36;807,"5005","0.000000","0","0","0","0","0","0"
Data,2026-08-10,12:38:36;817,"5005","0.000000","0","0","0","0","0","0"
Data,2026-08-10,12:38:36;827,"5005","0.000000","0","0","0","0","0","0"
Data,2026-08-10,12:38:36;837,"5005","0.000000","0","0","0","0","0","0"
Data,2026-08-10,12:38:36;847,"5005","0.000000","0","0","0","0","0","0"
Data,2026-08-10,12:38:36;857,"5005","0.000000","0","0","0","0","0","0"
Data,2026-08-10,12:38:36;867,"5005","0.000000","0","0","0","0","0","0"
Data,2026-08-10,12:38:36;877,"5005","0.000000","0","0","0","0","0","0"
Data,2026-08-10,12:38:36;887,"5005","0.000000","0","0","0","0","0","0"
Data,2026-08-10,12:38:36;897,"5005","0.000000","0","0","0","0","0","0"
Data,2026-08-10,12:38:36;907,"5005","0.000000","0","0","0","0","0","0"
Data,2026-08-10,12:38:36;917,"5005","0.000000","0","0","0","0","0","0"
Data,2026-08-10,12:38:36;927,"5005","0.000000","0","0","0","0","0","0"
Data,2026-08-10,12:38:36;937,"5005","0.000000","0","0","0","0","0","0"
Data,2026-08-10,12:38:36;947,"5005","0.000000","0","0","0","0","0","0"
Data,2026-08-10,12:38:36;957,"5005","0.000000","0","0","0","0","0","0"
Data,2026-08-10,12:38:36;967,"5005","0.000000","0","0","0","0","0","0"
Data,2026-08-10,12:38:36;977,"5005","0.000000","0","0","0","0","0","0"
Data,2026-08-10,12:38:36;987,"5005","0.000000","0","0","0","0","0","0"
Data,2026-08-10,12:38:36;997,"5005","0.000000","0","0","0","0","0","0"
Data,2026-08-10,12:38:37;007,"0","0.000000","0","0","0","0","0","0"
Data,2026-08-10,12:38:37;017,"0","0.000000","0","0","0","0","0","0"
Data,2026-08-10,12:38:37;027,"0","0.000000","0","0","0","0","0","0"
Data,2026-08-10,12:38:37;037,"0","3.000000","9830","0","1","0","0","0"
Data,2026-08-10,12:38:37;047,"0","3.000000","9830","0","1","0","0","0"
Data,2026-08-10,12:38:37;057,"0","3.000000","9830","0","1","0","0","0"
Data,2026-08-10,12:38:37;067,"0","3.000000","9830","0","1","0","0","0"
Data,2026-08-10,12:38:37;077,"0","3.000000","9830","0","1","0","0","0"
Data,2026-08-10,12:38:37;087,"0","3.000000","9830","0","1","0","0","0"
Data,2026-08-10,12:38:37;097,"0","3.000000","9830","0","1","0","0","0"
Data,2026-08-10,12:38:37;107,"13","3.000000","9830","0","1","0","0","0"
Data,2026-08-10,12:38:37;117,"13","3.000000","9830","0","1","0","0","0"
Data,2026-08-10,12:38:37;127,"41","3.003900","9843","0","1","0","0","0"
Data,2026-08-10,12:38:37;137,"41","3.012300","9870","0","1","0","0","0"
Data,2026-08-10,12:38:37;147,"80","3.012300","9870","1","1","0","0","0"
Data,2026-08-10,12:38:37;157,"80","3.024000","9909","1","1","0","0","0"
Data,2026-08-10,12:38:37;167,"127","3.024000","9909","1","1","0","0","0"
Data,2026-08-10,12:38:37;177,"127","3.024000","9909","1","1","0","0","0"
Data,2026-08-10,12:38:37;187,"185","3.038100","9955","1","1","0","0","0"
Data,2026-08-10,12:38:37;197,"185","3.055500","10012","1","1","0","0","0"
Data,2026-08-10,12:38:37;207,"231","3.055500","10012","1","1","0","0","0"
Data,2026-08-10,12:38:37;217,"231","3.069300","10057","1","1","0","0","0"
Data,2026-08-10,12:38:37;227,"271","3.069300","10057","1","1","0","0","0"
Data,2026-08-10,12:38:37;237,"271","3.069300","10057","1","1","0","0","0"
Data,2026-08-10,12:38:37;247,"312","3.081300","10096","1","1","0","0","0"
Data,2026-08-10,12:38:37;257,"312","3.093600","10137","1","1","0","0","0"
Data,2026-08-10,12:38:37;267,"357","3.093600","10137","1","1","0","0","0"
Data,2026-08-10,12:38:37;277,"357","3.107100","10181","1","1","0","0","0"
Data,2026-08-10,12:38:37;287,"403","3.107100","10181","1","1","0","0","0"
Data,2026-08-10,12:38:37;297,"403","3.107100","10181","1","1","0","0","0"
Data,2026-08-10,12:38:37;307,"452","3.120900","10226","1","1","0","0","0"
Data,2026-08-10,12:38:37;317,"452","3.135600","10274","1","1","0","0","0"
Data,2026-08-10,12:38:37;327,"452","3.135600","10274","1","1","0","0","0"
Data,2026-08-10,12:38:37;337,"503","3.135600","10274","1","0","1","0","0"
Data,2026-08-10,12:38:37;347,"503","3.135600","10274","1","0","1","0","0"
Data,2026-08-10,12:38:37;357,"554","3.135600","10274","1","0","1","0","0"
Data,2026-08-10,12:38:37;367,"554","3.135600","10274","1","0","1","0","0"
Data,2026-08-10,12:38:37;377,"600","3.135600","10274","1","0","1","0","0"
Data,2026-08-10,12:38:37;387,"600","3.135600","10274","1","0","1","0","0"
Data,2026-08-10,12:38:37;397,"648","3.135600","10274","1","0","1","0","0"
Data,2026-08-10,12:38:37;407,"648","3.135600","10274","1","0","1","0","0"
Data,2026-08-10,12:38:37;417,"696","3.135600","10274","1","0","1","0","0"
Data,2026-08-10,12:38:37;427,"696","3.135600","10274","1","0","1","0","0"
Data,2026-08-10,12:38:37;437,"745","3.135600","10274","1","0","1","0","0"
Data,2026-08-10,12:38:37;447,"745","3.135600","10274","1","0","1","0","0"
Data,2026-08-10,12:38:37;457,"798","3.135600","10274","1","0","1","0","0"
Data,2026-08-10,12:38:37;467,"798","3.135600","10274","1","0","1","0","0"
Data,2026-08-10,12:38:37;477,"847","3.135600","10274","1","0","1","0","0"
Data,2026-08-10,12:38:37;487,"847","3.135600","10274","1","0","1","0","0"
Data,2026-08-10,12:38:37;497,"896","3.135600","10274","1","0","1","0","0"
Data,2026-08-10,12:38:37;507,"896","3.135600","10274","1","0","1","0","0"
Data,2026-08-10,12:38:37;517,"946","3.135600","10274","1","0","1","0","0"
Data,2026-08-10,12:38:37;527,"946","3.135600","10274","1","0","1","0","0"
Data,2026-08-10,12:38:37;537,"996","3.135600","10274","1","0","1","0","0"
Data,2026-08-10,12:38:37;547,"996","3.135600","10274","1","0","1","0","0"
Data,2026-08-10,12:38:37;557,"1048","3.135600","10274","1","0","1","0","0"
Data,2026-08-10,12:38:37;567,"1048","3.135600","10274","1","0","1","0","0"
Data,2026-08-10,12:38:37;577,"1099","3.135600","10274","1","0","1","0","0"
Data,2026-08-10,12:38:37;587,"1099","3.135600","10274","1","0","1","0","0"
Data,2026-08-10,12:38:37;597,"1150","3.135600","10274","1","0","1","0","0"
Data,2026-08-10,12:38:37;607,"1150","3.135600","10274","1","0","1","0","0"
Data,2026-08-10,12:38:37;617,"1199","3.135600","10274","1","0","1","0","0"
Data,2026-08-10,12:38:37;627,"1199","3.135600","10274","1","0","1","0","0"
Data,2026-08-10,12:38:37;637,"1249","3.135600","10274","1","0","1","0","0"
Data,2026-08-10,12:38:37;647,"1249","3.135600","10274","1","0","1","0","0"
Data,2026-08-10,12:38:37;657,"1298","3.135600","10274","1","0","1","0","0"
Data,2026-08-10,12:38:37;667,"1298","3.135600","10274","1","0","1","0","0"
Data,2026-08-10,12:38:37;677,"1349","3.135600","10274","1","0","1","0","0"
Data,2026-08-10,12:38:37;687,"1349","3.135600","10274","1","0","1","0","0"
Data,2026-08-10,12:38:37;697,"1395","3.135600","10274","1","0","1","0","0"
Data,2026-08-10,12:38:37;707,"1395","3.135600","10274","1","0","1","0","0"
Data,2026-08-10,12:38:37;717,"1442","3.135600","10274","1","0","1","0","0"
Data,2026-08-10,12:38:37;727,"1442","3.135600","10274","1","0","1","0","0"
Data,2026-08-10,12:38:37;737,"1489","3.135600","10274","1","0","1","0","0"
Data,2026-08-10,12:38:37;747,"1489","3.135600","10274","1","0","1","0","0"
Data,2026-08-10,12:38:37;757,"1542","3.135600","10274","1","0","1","0","0"
Data,2026-08-10,12:38:37;767,"1542","3.135600","10274","1","0","1","0","0"
Data,2026-08-10,12:38:37;777,"1592","3.135600","10274","1","0","1","0","0"
Data,2026-08-10,12:38:37;787,"1592","3.135600","10274","1","0","1","0","0"
Data,2026-08-10,12:38:37;797,"1639","3.135600","10274","1","0","1","0","0"
Data,2026-08-10,12:38:37;807,"1639","3.135600","10274","1","0","1","0","0"
Data,2026-08-10,12:38:37;817,"1687","3.135600","10274","1","0","1","0","0"
Data,2026-08-10,12:38:37;827,"1687","3.135600","10274","1","0","1","0","0"
Data,2026-08-10,12:38:37;837,"1738","3.135600","10274","1","0","1","0","0"
Data,2026-08-10,12:38:37;847,"1738","3.135600","10274","1","0","1","0","0"
Data,2026-08-10,12:38:37;857,"1790","3.135600","10274","1","0","1","0","0"
Data,2026-08-10,12:38:37;867,"1790","3.135600","10274","1","0","1","0","0"
Data,2026-08-10,12:38:37;877,"1840","3.135600","10274","1","0","1","0","0"
Data,2026-08-10,12:38:37;887,"1840","3.135600","10274","1","0","1","0","0"
Data,2026-08-10,12:38:37;897,"1890","3.135600","10274","1","0","1","0","0"
Data,2026-08-10,12:38:37;907,"1890","3.135600","10274","1","0","1","0","0"
Data,2026-08-10,12:38:37;917,"1938","3.135600","10274","1","0","1","0","0"
Data,2026-08-10,12:38:37;927,"1938","3.135600","10274","1","0","1","0","0"
Data,2026-08-10,12:38:37;937,"1987","3.135600","10274","1","0","1","0","0"
Data,2026-08-10,12:38:37;947,"1987","3.135600","10274","1","0","1","0","0"
Data,2026-08-10,12:38:37;957,"2037","3.135600","10274","1","0","1","0","0"
Data,2026-08-10,12:38:37;967,"2037","3.135600","10274","1","0","1","0","0"
Data,2026-08-10,12:38:37;977,"2085","3.135600","10274","1","0","1","0","0"
Data,2026-08-10,12:38:37;987,"2085","3.135600","10274","1","0","1","0","0"
Data,2026-08-10,12:38:37;997,"2133","3.135600","10274","1","0","1","0","0"
Data,2026-08-10,12:38:38;007,"2133","3.135600","10274","1","0","1","0","0"
Data,2026-08-10,12:38:38;017,"2186","3.135600","10274","1","0","1","0","0"
Data,2026-08-10,12:38:38;027,"2186","3.135600","10274","1","0","1","0","0"
Data,2026-08-10,12:38:38;037,"2235","3.135600","10274","1","0","1","0","0"
Data,2026-08-10,12:38:38;047,"2235","3.135600","10274","1","0","1","0","0"
Data,2026-08-10,12:38:38;057,"2285","3.135600","10274","1","0","1","0","0"
Data,2026-08-10,12:38:38;067,"2285","3.135600","10274","1","0","1","0","0"
Data,2026-08-10,12:38:38;077,"2334","3.135600","10274","1","0","1","0","0"
Data,2026-08-10,12:38:38;087,"2334","3.135600","10274","1","0","1","0","0"
Data,2026-08-10,12:38:38;097,"2382","3.135600","10274","1","0","1","0","0"
Data,2026-08-10,12:38:38;107,"2382","3.135600","10274","1","0","1","0","0"
Data,2026-08-10,12:38:38;117,"2432","3.135600","10274","1","0","1","0","0"
Data,2026-08-10,12:38:38;127,"2432","3.135600","10274","1","0","1","0","0"
Data,2026-08-10,12:38:38;137,"2485","3.135600","10274","1","0","1","0","0"
Data,2026-08-10,12:38:38;147,"2485","3.135600","10274","1","0","1","0","0"
Data,2026-08-10,12:38:38;157,"2536","3.135600","10274","1","0","1","0","0"
Data,2026-08-10,12:38:38;167,"2536","3.135600","10274","1","0","1","0","0"
Data,2026-08-10,12:38:38;177,"2587","3.135600","10274","1","0","1","0","0"
Data,2026-08-10,12:38:38;187,"2587","3.135600","10274","1","0","1","0","0"
Data,2026-08-10,12:38:38;197,"2639","3.135600","10274","1","0","1","0","0"
Data,2026-08-10,12:38:38;207,"2639","3.135600","10274","1","0","1","0","0"
Data,2026-08-10,12:38:38;217,"2688","3.135600","10274","1","0","1","0","0"
Data,2026-08-10,12:38:38;227,"2688","3.135600","10274","1","0","1","0","0"
Data,2026-08-10,12:38:38;237,"2738","3.135600","10274","1","0","1","0","0"
Data,2026-08-10,12:38:38;247,"2738","3.135600","10274","1","0","1","0","0"
Data,2026-08-10,12:38:38;257,"2788","3.135600","10274","1","0","1","0","0"
Data,2026-08-10,12:38:38;267,"2788","3.135600","10274","1","0","1","0","0"
Data,2026-08-10,12:38:38;277,"2838","3.135600","10274","1","0","1","0","0"
Data,2026-08-10,12:38:38;287,"2838","3.135600","10274","1","0","1","0","0"
Data,2026-08-10,12:38:38;297,"2886","3.135600","10274","1","0","1","0","0"
Data,2026-08-10,12:38:38;307,"2886","3.135600","10274","1","0","1","0","0"
Data,2026-08-10,12:38:38;317,"2934","3.135600","10274","1","0","1","0","0"
Data,2026-08-10,12:38:38;327,"2934","3.135600","10274","1","0","1","0","0"
Data,2026-08-10,12:38:38;337,"2982","3.135600","10274","1","0","1","0","0"
Data,2026-08-10,12:38:38;347,"2982","3.135600","10274","1","0","1","0","0"
Data,2026-08-10,12:38:38;357,"3034","3.135600","10274","1","0","1","0","0"
Data,2026-08-10,12:38:38;367,"3034","3.135600","10274","1","0","1","0","0"
Data,2026-08-10,12:38:38;377,"3081","3.135600","10274","1","0","1","0","0"
Data,2026-08-10,12:38:38;387,"3081","3.135600","10274","1","0","1","0","0"
Data,2026-08-10,12:38:38;397,"3130","3.135600","10274","1","0","1","0","0"
Data,2026-08-10,12:38:38;407,"3130","3.135600","10274","1","0","1","0","0"
Data,2026-08-10,12:38:38;417,"3179","3.135600","10274","1","0","1","0","0"
Data,2026-08-10,12:38:38;427,"3179","3.135600","10274","1","0","1","0","0"
Data,2026-08-10,12:38:38;437,"3235","3.135600","10274","1","0","1","0","0"
Data,2026-08-10,12:38:38;447,"3235","3.135600","10274","1","0","1","0","0"
Data,2026-08-10,12:38:38;457,"3284","3.135600","10274","1","0","1","0","0"
Data,2026-08-10,12:38:38;467,"3284","3.135600","10274","1","0","1","0","0"
Data,2026-08-10,12:38:38;477,"3333","3.135600","10274","1","0","1","0","0"
Data,2026-08-10,12:38:38;487,"3333","3.135600","10274","1","0","1","0","0"
Data,2026-08-10,12:38:38;497,"3381","3.135600","10274","1","0","1","0","0"
Data,2026-08-10,12:38:38;507,"3381","3.135600","10274","1","0","1","0","0"
Data,2026-08-10,12:38:38;517,"3428","3.135600","10274","1","0","1","0","0"
Data,2026-08-10,12:38:38;527,"3428","3.135600","10274","1","0","1","0","0"
Data,2026-08-10,12:38:38;537,"3477","3.135600","10274","1","0","1","0","0"
Data,2026-08-10,12:38:38;547,"3477","3.135600","10274","1","0","1","0","0"
Data,2026-08-10,12:38:38;557,"3524","3.135600","10274","1","0","1","0","0"
Data,2026-08-10,12:38:38;567,"3524","3.135600","10274","1","0","1","0","0"
Data,2026-08-10,12:38:38;577,"3571","3.135600","10274","1","0","1","0","0"
Data,2026-08-10,12:38:38;587,"3571","3.135600","10274","1","0","1","0","0"
Data,2026-08-10,12:38:38;597,"3620","3.135600","10274","1","0","1","0","0"
Data,2026-08-10,12:38:38;607,"3620","3.135600","10274","1","0","1","0","0"
Data,2026-08-10,12:38:38;617,"3673","3.135600","10274","1","0","1","0","0"
Data,2026-08-10,12:38:38;627,"3673","3.135600","10274","1","0","1","0","0"
Data,2026-08-10,12:38:38;637,"3721","3.135600","10274","1","0","1","0","0"
Data,2026-08-10,12:38:38;647,"3721","3.135600","10274","1","0","1","0","0"
Data,2026-08-10,12:38:38;657,"3769","3.135600","10274","1","0","1","0","0"
Data,2026-08-10,12:38:38;667,"3769","3.135600","10274","1","0","1","0","0"
Data,2026-08-10,12:38:38;677,"3818","3.135600","10274","1","0","1","0","0"
Data,2026-08-10,12:38:38;687,"3818","3.135600","10274","1","0","1","0","0"
Data,2026-08-10,12:38:38;697,"3870","3.135600","10274","1","0","1","0","0"
Data,2026-08-10,12:38:38;707,"3870","3.135600","10274","1","0","1","0","0"
Data,2026-08-10,12:38:38;717,"3917","3.135600","10274","1","0","1","0","0"
Data,2026-08-10,12:38:38;727,"3917","3.135600","10274","1","0","1","0","0"
Data,2026-08-10,12:38:38;737,"3963","3.135600","10274","1","0","1","0","0"
Data,2026-08-10,12:38:38;747,"3963","3.135600","10274","1","0","1","0","0"
Data,2026-08-10,12:38:38;757,"4010","3.061914","10033","1","0","0","1","0"
Data,2026-08-10,12:38:38;767,"4010","3.061914","10033","1","0","0","1","0"
Data,2026-08-10,12:38:38;777,"4063","2.979862","9764","1","0","0","1","0"
Data,2026-08-10,12:38:38;787,"4063","2.887336","9461","1","0","0","1","0"
Data,2026-08-10,12:38:38;797,"4110","2.887336","9461","1","0","0","1","0"
Data,2026-08-10,12:38:38;807,"4110","2.805284","9192","1","0","0","1","0"
Data,2026-08-10,12:38:38;817,"4155","2.805284","9192","1","0","0","1","0"
Data,2026-08-10,12:38:38;827,"4155","2.805284","9192","1","0","0","1","0"
Data,2026-08-10,12:38:38;837,"4199","2.726723","8935","1","0","0","1","0"
Data,2026-08-10,12:38:38;847,"4199","2.649908","8683","1","0","0","1","0"
Data,2026-08-10,12:38:38;857,"4245","2.649908","8683","1","0","0","1","0"
Data,2026-08-10,12:38:38;867,"4245","2.569602","8420","1","0","0","1","0"
Data,2026-08-10,12:38:38;877,"4278","2.569602","8420","1","0","0","1","0"
Data,2026-08-10,12:38:38;887,"4278","2.569602","8420","1","0","0","1","0"
Data,2026-08-10,12:38:38;897,"4309","2.511991","8231","1","0","0","1","0"
Data,2026-08-10,12:38:38;907,"4309","2.457871","8054","1","0","0","1","0"
Data,2026-08-10,12:38:38;917,"4330","2.457871","8054","1","0","0","1","0"
Data,2026-08-10,12:38:38;927,"4330","2.421210","7934","1","0","0","1","0"
Data,2026-08-10,12:38:38;937,"4350","2.421210","7934","1","0","0","0","1"
Data,2026-08-10,12:38:38;947,"4350","2.421210","7934","1","0","0","0","1"
Data,2026-08-10,12:38:38;957,"4368","2.421210","7934","1","0","0","0","1"
Data,2026-08-10,12:38:38;967,"4368","2.421210","7934","1","0","0","0","1"
Data,2026-08-10,12:38:38;977,"4380","2.421210","7934","1","0","0","0","1"
Data,2026-08-10,12:38:38;987,"4380","2.421210","7934","1","0","0","0","1"
Data,2026-08-10,12:38:38;997,"4388","2.421210","7934","1","0","0","0","1"
Data,2026-08-10,12:38:39;007,"4388","2.421210","7934","1","0","0","0","1"
Data,2026-08-10,12:38:39;017,"4391","2.421210","7934","1","0","0","0","1"
Data,2026-08-10,12:38:39;027,"4391","2.421210","7934","1","0","0","0","1"
Data,2026-08-10,12:38:39;037,"4392","2.421210","7934","1","0","0","0","1"
Data,2026-08-10,12:38:39;047,"4392","2.421210","7934","1","0","0","0","1"
Data,2026-08-10,12:38:39;057,"4394","2.421210","7934","1","0","0","0","1"
Data,2026-08-10,12:38:39;067,"4394","2.421210","7934","1","0","0","0","1"
Data,2026-08-10,12:38:39;077,"4403","2.421210","7934","1","0","0","0","1"
Data,2026-08-10,12:38:39;087,"4403","2.421210","7934","1","0","0","0","1"
Data,2026-08-10,12:38:39;097,"4416","2.421210","7934","1","0","0","0","1"
Data,2026-08-10,12:38:39;107,"4416","2.421210","7934","1","0","0","0","1"
Data,2026-08-10,12:38:39;117,"4428","2.421210","7934","1","0","0","0","1"
Data,2026-08-10,12:38:39;127,"4428","2.421210","7934","1","0","0","0","1"
Data,2026-08-10,12:38:39;137,"4440","2.421210","7934","1","0","0","0","1"
Data,2026-08-10,12:38:39;147,"4440","2.421210","7934","1","0","0","0","1"
Data,2026-08-10,12:38:39;157,"4448","2.421210","7934","1","0","0","0","1"
Data,2026-08-10,12:38:39;167,"4448","2.421210","7934","1","0","0","0","1"
Data,2026-08-10,12:38:39;177,"4454","2.421210","7934","1","0","0","0","1"
Data,2026-08-10,12:38:39;187,"4454","2.421210","7934","1","0","0","0","1"
Data,2026-08-10,12:38:39;197,"4461","2.421210","7934","1","0","0","0","1"
Data,2026-08-10,12:38:39;207,"4461","2.421210","7934","1","0","0","0","1"
Data,2026-08-10,12:38:39;217,"4468","2.421210","7934","1","0","0","0","1"
Data,2026-08-10,12:38:39;227,"4468","2.421210","7934","1","0","0","0","1"
Data,2026-08-10,12:38:39;237,"4477","2.421210","7934","1","0","0","0","1"
Data,2026-08-10,12:38:39;247,"4477","2.421210","7934","1","0","0","0","1"
Data,2026-08-10,12:38:39;257,"4487","2.421210","7934","1","0","0","0","1"
Data,2026-08-10,12:38:39;267,"4487","2.421210","7934","1","0","0","0","1"
Data,2026-08-10,12:38:39;277,"4495","2.421210","7934","1","0","0","0","1"
Data,2026-08-10,12:38:39;287,"4495","2.421210","7934","1","0","0","0","1"
Data,2026-08-10,12:38:39;297,"4503","2.421210","7934","1","0","0","0","1"
Data,2026-08-10,12:38:39;307,"4503","2.421210","7934","1","0","0","0","1"
Data,2026-08-10,12:38:39;317,"4512","2.421210","7934","1","0","0","0","1"
Data,2026-08-10,12:38:39;327,"4512","2.421210","7934","1","0","0","0","1"
Data,2026-08-10,12:38:39;337,"4523","2.421210","7934","1","0","0","0","1"
Data,2026-08-10,12:38:39;347,"4523","2.421210","7934","1","0","0","0","1"
Data,2026-08-10,12:38:39;357,"4533","2.421210","7934","1","0","0","0","1"
Data,2026-08-10,12:38:39;367,"4533","2.421210","7934","1","0","0","0","1"
Data,2026-08-10,12:38:39;377,"4541","2.421210","7934","1","0","0","0","1"
Data,2026-08-10,12:38:39;387,"4541","2.421210","7934","1","0","0","0","1"
Data,2026-08-10,12:38:39;397,"4550","2.421210","7934","1","0","0","0","1"
Data,2026-08-10,12:38:39;407,"4550","2.421210","7934","1","0","0","0","1"
Data,2026-08-10,12:38:39;417,"4559","2.421210","7934","1","0","0","0","1"
Data,2026-08-10,12:38:39;427,"4559","2.421210","7934","1","0","0","0","1"
Data,2026-08-10,12:38:39;437,"4569","2.421210","7934","1","0","0","0","1"
Data,2026-08-10,12:38:39;447,"4569","2.421210","7934","1","0","0","0","1"
Data,2026-08-10,12:38:39;457,"4579","2.421210","7934","1","0","0","0","1"
Data,2026-08-10,12:38:39;467,"4579","2.421210","7934","1","0","0","0","1"
Data,2026-08-10,12:38:39;477,"4589","2.421210","7934","1","0","0","0","1"
Data,2026-08-10,12:38:39;487,"4589","2.421210","7934","1","0","0","0","1"
Data,2026-08-10,12:38:39;497,"4599","2.421210","7934","1","0","0","0","1"
Data,2026-08-10,12:38:39;507,"4599","2.421210","7934","1","0","0","0","1"
Data,2026-08-10,12:38:39;517,"4609","2.421210","7934","1","0","0","0","1"
Data,2026-08-10,12:38:39;527,"4609","2.421210","7934","1","0","0","0","1"
Data,2026-08-10,12:38:39;537,"4620","2.421210","7934","1","0","0","0","1"
Data,2026-08-10,12:38:39;547,"4620","2.421210","7934","1","0","0","0","1"
Data,2026-08-10,12:38:39;557,"4630","2.421210","7934","1","0","0","0","1"
Data,2026-08-10,12:38:39;567,"4630","2.421210","7934","1","0","0","0","1"
Data,2026-08-10,12:38:39;577,"4640","2.421210","7934","1","0","0","0","1"
Data,2026-08-10,12:38:39;587,"4640","2.421210","7934","1","0","0","0","1"
Data,2026-08-10,12:38:39;597,"4650","2.421210","7934","1","0","0","0","1"
Data,2026-08-10,12:38:39;607,"4650","2.421210","7934","1","0","0","0","1"
Data,2026-08-10,12:38:39;617,"4659","2.421210","7934","1","0","0","0","1"
Data,2026-08-10,12:38:39;627,"4659","2.421210","7934","1","0","0","0","1"
Data,2026-08-10,12:38:39;637,"4670","2.421210","7934","1","0","0","0","1"
Data,2026-08-10,12:38:39;647,"4670","2.421210","7934","1","0","0","0","1"
Data,2026-08-10,12:38:39;657,"4679","2.421210","7934","1","0","0","0","1"
Data,2026-08-10,12:38:39;667,"4679","2.421210","7934","1","0","0","0","1"
Data,2026-08-10,12:38:39;677,"4688","2.421210","7934","1","0","0","0","1"
Data,2026-08-10,12:38:39;687,"4688","2.421210","7934","1","0","0","0","1"
Data,2026-08-10,12:38:39;697,"4698","2.421210","7934","1","0","0","0","1"
Data,2026-08-10,12:38:39;707,"4698","2.421210","7934","1","0","0","0","1"
Data,2026-08-10,12:38:39;717,"4708","2.421210","7934","1","0","0","0","1"
Data,2026-08-10,12:38:39;727,"4708","2.421210","7934","1","0","0","0","1"
Data,2026-08-10,12:38:39;737,"4719","2.421210","7934","1","0","0","0","1"
Data,2026-08-10,12:38:39;747,"4719","2.421210","7934","1","0","0","0","1"
Data,2026-08-10,12:38:39;757,"4729","2.421210","7934","1","0","0","0","1"
Data,2026-08-10,12:38:39;767,"4729","2.421210","7934","1","0","0","0","1"
Data,2026-08-10,12:38:39;777,"4739","2.421210","7934","1","0","0","0","1"
Data,2026-08-10,12:38:39;787,"4739","2.421210","7934","1","0","0","0","1"
Data,2026-08-10,12:38:39;797,"4749","2.421210","7934","1","0","0","0","1"
Data,2026-08-10,12:38:39;807,"4749","2.421210","7934","1","0","0","0","1"
Data,2026-08-10,12:38:39;817,"4759","2.421210","7934","1","0","0","0","1"
Data,2026-08-10,12:38:39;827,"4759","2.421210","7934","1","0","0","0","1"
Data,2026-08-10,12:38:39;837,"4769","2.421210","7934","1","0","0","0","1"
Data,2026-08-10,12:38:39;847,"4769","2.421210","7934","1","0","0","0","1"
Data,2026-08-10,12:38:39;857,"4779","2.421210","7934","1","0","0","0","1"
Data,2026-08-10,12:38:39;867,"4779","2.421210","7934","1","0","0","0","1"
Data,2026-08-10,12:38:39;877,"4789","2.421210","7934","1","0","0","0","1"
Data,2026-08-10,12:38:39;887,"4789","2.421210","7934","1","0","0","0","1"
Data,2026-08-10,12:38:39;897,"4797","2.421210","7934","1","0","0","0","1"
Data,2026-08-10,12:38:39;907,"4797","2.421210","7934","1","0","0","0","1"
Data,2026-08-10,12:38:39;917,"4806","2.421210","7934","1","0","0","0","1"
Data,2026-08-10,12:38:39;927,"4806","2.421210","7934","1","0","0","0","1"
Data,2026-08-10,12:38:39;937,"4815","2.421210","7934","1","0","0","0","1"
Data,2026-08-10,12:38:39;947,"4815","2.421210","7934","1","0","0","0","1"
Data,2026-08-10,12:38:39;957,"4825","2.421210","7934","1","0","0","0","1"
Data,2026-08-10,12:38:39;967,"4825","2.421210","7934","1","0","0","0","1"
Data,2026-08-10,12:38:39;977,"4835","2.421210","7934","1","0","0","0","1"
Data,2026-08-10,12:38:39;987,"4835","2.421210","7934","1","0","0","0","1"
Data,2026-08-10,12:38:39;997,"4844","2.421210","7934","1","0","0","0","1"
Data,2026-08-10,12:38:40;007,"4844","2.421210","7934","1","0","0","0","1"
Data,2026-08-10,12:38:40;017,"4853","2.421210","7934","1","0","0","0","1"
Data,2026-08-10,12:38:40;027,"4853","2.421210","7934","1","0","0","0","1"
Data,2026-08-10,12:38:40;037,"4862","2.421210","7934","1","0","0","0","1"
Data,2026-08-10,12:38:40;047,"4862","2.421210","7934","1","0","0","0","1"
Data,2026-08-10,12:38:40;057,"4871","2.421210","7934","1","0","0","0","1"
Data,2026-08-10,12:38:40;067,"4871","2.421210","7934","1","0","0","0","1"
Data,2026-08-10,12:38:40;077,"4879","2.421210","7934","1","0","0","0","1"
Data,2026-08-10,12:38:40;087,"4879","2.421210","7934","1","0","0","0","1"
Data,2026-08-10,12:38:40;097,"4888","2.421210","7934","1","0","0","0","1"
Data,2026-08-10,12:38:40;107,"4888","2.421210","7934","1","0","0","0","1"
Data,2026-08-10,12:38:40;117,"4898","2.421210","7934","1","0","0","0","1"
Data,2026-08-10,12:38:40;127,"4898","2.421210","7934","1","0","0","0","1"
Data,2026-08-10,12:38:40;137,"4907","2.421210","7934","1","0","0","0","1"
Data,2026-08-10,12:38:40;147,"4907","2.421210","7934","1","0","0","0","1"
Data,2026-08-10,12:38:40;157,"4907","2.421210","7934","1","0","0","0","1"
Data,2026-08-10,12:38:40;167,"4917","2.421210","7934","1","0","0","0","1"
Data,2026-08-10,12:38:40;177,"4917","2.421210","7934","1","0","0","0","1"
Data,2026-08-10,12:38:40;187,"4928","2.421210","7934","1","0","0","0","1"
Data,2026-08-10,12:38:40;197,"4928","2.421210","7934","1","0","0","0","1"
Data,2026-08-10,12:38:40;207,"4937","2.421210","7934","1","0","0","0","1"
Data,2026-08-10,12:38:40;217,"4937","2.421210","7934","1","0","0","0","1"
Data,2026-08-10,12:38:40;227,"4947","2.421210","7934","1","0","0","0","1"
Data,2026-08-10,12:38:40;237,"4947","2.421210","7934","0","0","0","0","1"
Data,2026-08-10,12:38:40;247,"4958","2.421210","7934","0","0","0","0","1"
Data,2026-08-10,12:38:40;257,"4958","0.000000","0","0","0","0","0","0"
Data,2026-08-10,12:38:40;267,"4967","0.000000","0","0","0","0","0","0"
Data,2026-08-10,12:38:40;277,"4967","0.000000","0","0","0","0","0","0"
Data,2026-08-10,12:38:40;287,"4977","0.000000","0","0","0","0","0","0"
Data,2026-08-10,12:38:40;297,"4977","0.000000","0","0","0","0","0","0"
Data,2026-08-10,12:38:40;307,"4981","0.000000","0","0","0","0","0","0"
Data,2026-08-10,12:38:40;317,"4981","0.000000","0","0","0","0","0","0"
Data,2026-08-10,12:38:40;327,"4988","0.000000","0","0","0","0","0","0"
Data,2026-08-10,12:38:40;337,"4988","0.000000","0","0","0","0","0","0"
Data,2026-08-10,12:38:40;347,"4991","0.000000","0","0","0","0","0","0"
Data,2026-08-10,12:38:40;357,"4991","0.000000","0","0","0","0","0","0"
Data,2026-08-10,12:38:40;367,"4994","0.000000","0","0","0","0","0","0"
Data,2026-08-10,12:38:40;377,"4994","0.000000","0","0","0","0","0","0"
Data,2026-08-10,12:38:40;387,"4995","0.000000","0","0","0","0","0","0"
Data,2026-08-10,12:38:40;397,"4995","0.000000","0","0","0","0","0","0"
Data,2026-08-10,12:38:40;407,"4995","0.000000","0","0","0","0","0","0"
Data,2026-08-10,12:38:40;417,"4995","0.000000","0","0","0","0","0","0"
Data,2026-08-10,12:38:40;427,"4995","0.000000","0","0","0","0","0","0"
Data,2026-08-10,12:38:40;437,"4995","0.000000","0","0","0","0","0","0"
Data,2026-08-10,12:38:40;447,"4995","0.000000","0","0","0","0","0","0"
Data,2026-08-10,12:38:40;457,"4995","0.000000","0","0","0","0","0","0"
Data,2026-08-10,12:38:40;467,"4995","0.000000","0","0","0","0","0","0"
Data,2026-08-10,12:38:40;477,"4995","0.000000","0","0","0","0","0","0"
Data,2026-08-10,12:38:40;487,"4995","0.000000","0","0","0","0","0","0"
Data,2026-08-10,12:38:40;497,"4995","0.000000","0","0","0","0","0","0"
Data,2026-08-10,12:38:40;507,"4995","0.000000","0","0","0","0","0","0"
Data,2026-08-10,12:38:40;517,"4995","0.000000","0","0","0","0","0","0"
Data,2026-08-10,12:38:40;527,"4995","0.000000","0","0","0","0","0","0"
Data,2026-08-10,12:38:40;537,"4995","0.000000","0","0","0","0","0","0"
Data,2026-08-10,12:38:40;547,"4995","0.000000","0","0","0","0","0","0"
Data,2026-08-10,12:38:40;557,"4995","0.000000","0","0","0","0","0","0"
Data,2026-08-10,12:38:40;567,"4995","0.000000","0","0","0","0","0","0"
Data,2026-08-10,12:38:40;577,"4995","0.000000","0","0","0","0","0","0"
Data,2026-08-10,12:38:40;587,"4995","0.000000","0","0","0","0","0","0"
Data,2026-08-10,12:38:40;597,"4995","0.000000","0","0","0","0","0","0"
Data,2026-08-10,12:38:40;607,"4995","0.000000","0","0","0","0","0","0"
Data,2026-08-10,12:38:40;617,"4995","0.000000","0","0","0","0","0","0"
Data,2026-08-10,12:38:40;627,"4995","0.000000","0","0","0","0","0","0"
Data,2026-08-10,12:38:40;637,"4995","0.000000","0","0","0","0","0","0"
Data,2026-08-10,12:38:40;647,"4995","0.000000","0","0","0","0","0","0"
Data,2026-08-10,12:38:40;657,"4995","0.000000","0","0","0","0","0","0"
Data,2026-08-10,12:38:40;667,"4995","0.000000","0","0","0","0","0","0"
Data,2026-08-10,12:38:40;677,"4995","0.000000","0","0","0","0","0","0"
Data,2026-08-10,12:38:40;687,"4995","0.000000","0","0","0","0","0","0"
Data,2026-08-10,12:38:40;697,"4995","0.000000","0","0","0","0","0","0"
Data,2026-08-10,12:38:40;707,"4995","0.000000","0","0","0","0","0","0"
Data,2026-08-10,12:38:40;717,"4995","0.000000","0","0","0","0","0","0"
Data,2026-08-10,12:38:40;727,"4996","0.000000","0","0","0","0","0","0"
Data,2026-08-10,12:38:40;737,"4996","0.000000","0","0","0","0","0","0"
Data,2026-08-10,12:38:40;747,"4996","0.000000","0","0","0","0","0","0"
Data,2026-08-10,12:38:40;757,"4996","0.000000","0","0","0","0","0","0"
Data,2026-08-10,12:38:40;767,"4996","0.000000","0","0","0","0","0","0"
Data,2026-08-10,12:38:40;777,"4996","0.000000","0","0","0","0","0","0"
Data,2026-08-10,12:38:40;787,"4996","0.000000","0","0","0","0","0","0"
Data,2026-08-10,12:38:40;797,"4996","0.000000","0","0","0","0","0","0"
Data,2026-08-10,12:38:40;807,"4996","0.000000","0","0","0","0","0","0"
Data,2026-08-10,12:38:40;817,"4996","0.000000","0","0","0","0","0","0"
Data,2026-08-10,12:38:40;827,"4996","0.000000","0","0","0","0","0","0"
Data,2026-08-10,12:38:40;837,"4996","0.000000","0","0","0","0","0","0"
Data,2026-08-10,12:38:40;847,"4996","0.000000","0","0","0","0","0","0"
Data,2026-08-10,12:38:40;857,"4996","0.000000","0","0","0","0","0","0"
Data,2026-08-10,12:38:40;867,"4996","0.000000","0","0","0","0","0","0"
Data,2026-08-10,12:38:40;877,"4996","0.000000","0","0","0","0","0","0"
Data,2026-08-10,12:38:40;887,"4996","0.000000","0","0","0","0","0","0"
Data,2026-08-10,12:38:40;897,"4996","0.000000","0","0","0","0","0","0"
Data,2026-08-10,12:38:40;907,"4996","0.000000","0","0","0","0","0","0"
Data,2026-08-10,12:38:40;917,"4996","0.000000","0","0","0","0","0","0"
Data,2026-08-10,12:38:40;927,"4996","0.000000","0","0","0","0","0","0"
Data,2026-08-10,12:38:40;937,"4996","0.000000","0","0","0","0","0","0"
Data,2026-08-10,12:38:40;947,"4996","0.000000","0","0","0","0","0","0"
Data,2026-08-10,12:38:40;957,"4996","0.000000","0","0","0","0","0","0"
Data,2026-08-10,12:38:40;967,"4996","0.000000","0","0","0","0","0","0"
Data,2026-08-10,12:38:40;977,"4996","0.000000","0","0","0","0","0","0"
Data,2026-08-10,12:38:40;987,"4996","0.000000","0","0","0","0","0","0"
Data,2026-08-10,12:38:40;997,"4996","0.000000","0","0","0","0","0","0"
Data,2026-08-10,12:38:41;007,"4996","0.000000","0","0","0","0","0","0"
Data,2026-08-10,12:38:41;017,"4996","0.000000","0","0","0","0","0","0"
Data,2026-08-10,12:38:41;027,"4996","0.000000","0","0","0","0","0","0"
Data,2026-08-10,12:38:41;037,"4996","0.000000","0","0","0","0","0","0"
Data,2026-08-10,12:38:41;047,"4996","0.000000","0","0","0","0","0","0"
Data,2026-08-10,12:38:41;057,"4996","0.000000","0","0","0","0","0","0"
Data,2026-08-10,12:38:41;067,"4996","0.000000","0","0","0","0","0","0"
Data,2026-08-10,12:38:41;077,"4996","0.000000","0","0","0","0","0","0"
Data,2026-08-10,12:38:41;087,"4996","0.000000","0","0","0","0","0","0"
Data,2026-08-10,12:38:41;097,"4996","0.000000","0","0","0","0","0","0"
Data,2026-08-10,12:38:41;107,"4996","0.000000","0","0","0","0","0","0"
Data,2026-08-10,12:38:41;117,"4996","0.000000","0","0","0","0","0","0"
Data,2026-08-10,12:38:41;127,"4996","0.000000","0","0","0","0","0","0"
Data,2026-08-10,12:38:41;137,"4996","0.000000","0","0","0","0","0","0"
Data,2026-08-10,12:38:41;147,"4996","0.000000","0","0","0","0","0","0"
Data,2026-08-10,12:38:41;157,"4996","0.000000","0","0","0","0","0","0"
Data,2026-08-10,12:38:41;167,"4996","0.000000","0","0","0","0","0","0"
Data,2026-08-10,12:38:41;177,"4996","0.000000","0","0","0","0","0","0"
Data,2026-08-10,12:38:41;187,"4996","0.000000","0","0","0","0","0","0"
Data,2026-08-10,12:38:41;197,"4996","0.000000","0","0","0","0","0","0"
Data,2026-08-10,12:38:41;207,"4996","0.000000","0","0","0","0","0","0"
Data,2026-08-10,12:38:41;217,"4996","0.000000","0","0","0","0","0","0"
Data,2026-08-10,12:38:41;227,"4996","0.000000","0","0","0","0","0","0"
Data,2026-08-10,12:38:41;237,"4996","0.000000","0","0","0","0","0","0"
Data,2026-08-10,12:38:41;247,"4996","0.000000","0","0","0","0","0","0"
Data,2026-08-10,12:38:41;257,"4996","0.000000","0","0","0","0","0","0"
Data,2026-08-10,12:38:41;267,"4996","0.000000","0","0","0","0","0","0"
Data,2026-08-10,12:38:41;277,"4996","0.000000","0","0","0","0","0","0"
Data,2026-08-10,12:38:41;287,"4996","0.000000","0","0","0","0","0","0"
Data,2026-08-10,12:38:41;297,"4996","0.000000","0","0","0","0","0","0"
Data,2026-08-10,12:38:41;307,"4996","0.000000","0","0","0","0","0","0"
Data,2026-08-10,12:38:41;317,"4996","0.000000","0","0","0","0","0","0"
Data,2026-08-10,12:38:41;327,"4996","0.000000","0","0","0","0","0","0"
Data,2026-08-10,12:38:41;337,"4996","0.000000","0","0","0","0","0","0"
Data,2026-08-10,12:38:41;347,"4996","0.000000","0","0","0","0","0","0"
Data,2026-08-10,12:38:41;357,"4996","0.000000","0","0","0","0","0","0"
Data,2026-08-10,12:38:41;367,"4996","0.000000","0","0","0","0","0","0"
Data,2026-08-10,12:38:41;377,"4996","0.000000","0","0","0","0","0","0"
Data,2026-08-10,12:38:41;387,"4996","0.000000","0","0","0","0","0","0"
Data,2026-08-10,12:38:41;397,"4996","0.000000","0","0","0","0","0","0"
Data,2026-08-10,12:38:41;407,"4996","0.000000","0","0","0","0","0","0"
Data,2026-08-10,12:38:41;417,"4996","0.000000","0","0","0","0","0","0"
Data,2026-08-10,12:38:41;427,"4996","0.000000","0","0","0","0","0","0"
Data,2026-08-10,12:38:41;437,"4996","0.000000","0","0","0","0","0","0"
Data,2026-08-10,12:38:41;447,"4996","0.000000","0","0","0","0","0","0"
Data,2026-08-10,12:38:41;457,"4996","0.000000","0","0","0","0","0","0"
Data,2026-08-10,12:38:41;467,"4996","0.000000","0","0","0","0","0","0"
Data,2026-08-10,12:38:41;477,"4996","0.000000","0","0","0","0","0","0"
Data,2026-08-10,12:38:41;487,"4996","0.000000","0","0","0","0","0","0"
Data,2026-08-10,12:38:41;497,"4996","0.000000","0","0","0","0","0","0"
Data,2026-08-10,12:38:41;507,"4996","0.000000","0","0","0","0","0","0"
Data,2026-08-10,12:38:41;517,"4996","0.000000","0","0","0","0","0","0"
Data,2026-08-10,12:38:41;527,"4996","0.000000","0","0","0","0","0","0"
Data,2026-08-10,12:38:41;537,"4996","0.000000","0","0","0","0","0","0"
Data,2026-08-10,12:38:41;547,"4996","0.000000","0","0","0","0","0","0"
Data,2026-08-10,12:38:41;557,"4996","0.000000","0","0","0","0","0","0"
Data,2026-08-10,12:38:41;567,"4996","0.000000","0","0","0","0","0","0"
Data,2026-08-10,12:38:41;577,"4996","0.000000","0","0","0","0","0","0"
Data,2026-08-10,12:38:41;587,"4996","0.000000","0","0","0","0","0","0"
Data,2026-08-10,12:38:41;597,"4996","0.000000","0","0","0","0","0","0"
Data,2026-08-10,12:38:41;607,"4996","0.000000","0","0","0","0","0","0"
Data,2026-08-10,12:38:41;617,"4996","0.000000","0","0","0","0","0","0"
Data,2026-08-10,12:38:41;627,"4996","0.000000","0","0","0","0","0","0"
Data,2026-08-10,12:38:41;637,"4996","0.000000","0","0","0","0","0","0"
Data,2026-08-10,12:38:41;647,"4996","0.000000","0","0","0","0","0","0"
Data,2026-08-10,12:38:41;657,"4996","0.000000","0","0","0","0","0","0"
Data,2026-08-10,12:38:41;667,"4996","0.000000","0","0","0","0","0","0"
Data,2026-08-10,12:38:41;677,"4996","0.000000","0","0","0","0","0","0"
Data,2026-08-10,12:38:41;687,"4996","0.000000","0","0","0","0","0","0"
Data,2026-08-10,12:38:41;697,"4996","0.000000","0","0","0","0","0","0"
Data,2026-08-10,12:38:41;707,"4996","0.000000","0","0","0","0","0","0"
Data,2026-08-10,12:38:41;717,"4996","0.000000","0","0","0","0","0","0"
Data,2026-08-10,12:38:41;727,"4996","0.000000","0","0","0","0","0","0"
Data,2026-08-10,12:38:41;737,"4996","0.000000","0","0","0","0","0","0"
Data,2026-08-10,12:38:41;747,"4996","0.000000","0","0","0","0","0","0"
Data,2026-08-10,12:38:41;757,"4996","0.000000","0","0","0","0","0","0"
Data,2026-08-10,12:38:41;767,"4996","0.000000","0","0","0","0","0","0"
Data,2026-08-10,12:38:41;777,"4996","0.000000","0","0","0","0","0","0"
Data,2026-08-10,12:38:41;787,"4996","0.000000","0","0","0","0","0","0"
Data,2026-08-10,12:38:41;797,"4996","0.000000","0","0","0","0","0","0"
Data,2026-08-10,12:38:41;807,"4996","0.000000","0","0","0","0","0","0"
Data,2026-08-10,12:38:41;817,"4996","0.000000","0","0","0","0","0","0"
Data,2026-08-10,12:38:41;827,"4996","0.000000","0","0","0","0","0","0"
Data,2026-08-10,12:38:41;837,"4996","0.000000","0","0","0","0","0","0"
Data,2026-08-10,12:38:41;847,"4996","0.000000","0","0","0","0","0","0"
Data,2026-08-10,12:38:41;857,"4996","0.000000","0","0","0","0","0","0"
Data,2026-08-10,12:38:41;867,"4996","0.000000","0","0","0","0","0","0"
Data,2026-08-10,12:38:41;877,"4996","0.000000","0","0","0","0","0","0"
Data,2026-08-10,12:38:41;887,"4996","0.000000","0","0","0","0","0","0"
Data,2026-08-10,12:38:41;897,"4996","0.000000","0","0","0","0","0","0"
Data,2026-08-10,12:38:41;907,"4996","0.000000","0","0","0","0","0","0"
Data,2026-08-10,12:38:41;917,"4996","0.000000","0","0","0","0","0","0"
Data,2026-08-10,12:38:41;927,"4996","0.000000","0","0","0","0","0","0"
Data,2026-08-10,12:38:41;937,"4996","0.000000","0","0","0","0","0","0"
Data,2026-08-10,12:38:41;947,"4996","0.000000","0","0","0","0","0","0"
Data,2026-08-10,12:38:41;957,"4996","0.000000","0","0","0","0","0","0"
Data,2026-08-10,12:38:41;967,"4996","0.000000","0","0","0","0","0","0"
Data,2026-08-10,12:38:41;977,"4996","0.000000","0","0","0","0","0","0"
Data,2026-08-10,12:38:41;987,"4996","0.000000","0","0","0","0","0","0"
Data,2026-08-10,12:38:41;997,"4996","0.000000","0","0","0","0","0","0"
Data,2026-08-10,12:38:42;007,"4996","0.000000","0","0","0","0","0","0"
Data,2026-08-10,12:38:42;017,"4996","0.000000","0","0","0","0","0","0"
Data,2026-08-10,12:38:42;027,"4996","0.000000","0","0","0","0","0","0"
Data,2026-08-10,12:38:42;037,"4996","0.000000","0","0","0","0","0","0"
Data,2026-08-10,12:38:42;047,"4996","0.000000","0","0","0","0","0","0"
Data,2026-08-10,12:38:42;057,"4996","0.000000","0","0","0","0","0","0"
Data,2026-08-10,12:38:42;067,"4996","0.000000","0","0","0","0","0","0"
Data,2026-08-10,12:38:42;077,"4996","0.000000","0","0","0","0","0","0"
Data,2026-08-10,12:38:42;087,"4996","0.000000","0","0","0","0","0","0"
Data,2026-08-10,12:38:42;097,"4996","0.000000","0","0","0","0","0","0"
Data,2026-08-10,12:38:42;107,"4996","0.000000","0","0","0","0","0","0"
Data,2026-08-10,12:38:42;117,"4996","0.000000","0","0","0","0","0","0"
Data,2026-08-10,12:38:42;127,"4996","0.000000","0","0","0","0","0","0"
Data,2026-08-10,12:38:42;137,"4996","0.000000","0","0","0","0","0","0"
Data,2026-08-10,12:38:42;147,"4996","0.000000","0","0","0","0","0","0"
Data,2026-08-10,12:38:42;157,"4996","0.000000","0","0","0","0","0","0"
Data,2026-08-10,12:38:42;167,"4996","0.000000","0","0","0","0","0","0"
Data,2026-08-10,12:38:42;177,"4996","0.000000","0","0","0","0","0","0"
Data,2026-08-10,12:38:42;187,"4996","0.000000","0","0","0","0","0","0"
Data,2026-08-10,12:38:42;197,"4996","0.000000","0","0","0","0","0","0"
Data,2026-08-10,12:38:42;207,"4996","0.000000","0","0","0","0","0","0"
Data,2026-08-10,12:38:42;217,"4996","0.000000","0","0","0","0","0","0"
Data,2026-08-10,12:38:42;227,"4996","0.000000","0","0","0","0","0","0"
Data,2026-08-10,12:38:42;237,"4996","0.000000","0","0","0","0","0","0"
Data,2026-08-10,12:38:42;247,"4996","0.000000","0","0","0","0","0","0"
Data,2026-08-10,12:38:42;257,"4996","0.000000","0","0","0","0","0","0"
Data,2026-08-10,12:38:42;267,"4996","0.000000","0","0","0","0","0","0"
Data,2026-08-10,12:38:42;277,"4996","0.000000","0","0","0","0","0","0"
Data,2026-08-10,12:38:42;287,"4996","0.000000","0","0","0","0","0","0"
Data,2026-08-10,12:38:42;297,"4996","0.000000","0","0","0","0","0","0"
Data,2026-08-10,12:38:42;307,"4996","0.000000","0","0","0","0","0","0"
Data,2026-08-10,12:38:42;317,"4996","0.000000","0","0","0","0","0","0"
Data,2026-08-10,12:38:42;327,"4996","0.000000","0","0","0","0","0","0"
Data,2026-08-10,12:38:42;337,"4996","0.000000","0","0","0","0","0","0"
Data,2026-08-10,12:38:42;347,"4996","0.000000","0","0","0","0","0","0"
Data,2026-08-10,12:38:42;357,"4996","0.000000","0","0","0","0","0","0"
Data,2026-08-10,12:38:42;367,"4996","0.000000","0","0","0","0","0","0"
Data,2026-08-10,12:38:42;377,"4996","0.000000","0","0","0","0","0","0"
Data,2026-08-10,12:38:42;387,"4996","0.000000","0","0","0","0","0","0"
Data,2026-08-10,12:38:42;397,"4996","0.000000","0","0","0","0","0","0"
Data,2026-08-10,12:38:42;407,"4996","0.000000","0","0","0","0","0","0"
Data,2026-08-10,12:38:42;417,"4996","0.000000","0","0","0","0","0","0"
Data,2026-08-10,12:38:42;427,"4996","0.000000","0","0","0","0","0","0"
Data,2026-08-10,12:38:42;437,"4996","0.000000","0","0","0","0","0","0"
Data,2026-08-10,12:38:42;447,"4996","0.000000","0","0","0","0","0","0"
Data,2026-08-10,12:38:42;457,"4996","0.000000","0","0","0","0","0","0"
Data,2026-08-10,12:38:42;467,"4996","0.000000","0","0","0","0","0","0"
Data,2026-08-10,12:38:42;477,"4996","0.000000","0","0","0","0","0","0"
Data,2026-08-10,12:38:42;487,"4996","0.000000","0","0","0","0","0","0"
Data,2026-08-10,12:38:42;497,"4996","0.000000","0","0","0","0","0","0"
Data,2026-08-10,12:38:42;507,"4996","0.000000","0","0","0","0","0","0"
Data,2026-08-10,12:38:42;517,"4996","0.000000","0","0","0","0","0","0"
Data,2026-08-10,12:38:42;527,"4996","0.000000","0","0","0","0","0","0"
Data,2026-08-10,12:38:42;537,"4996","0.000000","0","0","0","0","0","0"
Data,2026-08-10,12:38:42;547,"4996","0.000000","0","0","0","0","0","0"
Data,2026-08-10,12:38:42;557,"4996","0.000000","0","0","0","0","0","0"
Data,2026-08-10,12:38:42;567,"4996","0.000000","0","0","0","0","0","0"
Data,2026-08-10,12:38:42;577,"4996","0.000000","0","0","0","0","0","0"
Data,2026-08-10,12:38:42;587,"4996","0.000000","0","0","0","0","0","0"
Data,2026-08-10,12:38:42;597,"4996","0.000000","0","0","0","0","0","0"
Data,2026-08-10,12:38:42;607,"4996","0.000000","0","0","0","0","0","0"

